,number,value,datetime_start,datetime_complete,duration,params_voltage,params_width,params_x,params_y,params_z,state
0,0,0.6875,2026-04-04 18:42:20.290487,2026-04-04 18:42:28.466015,0 days 00:00:08.175528,180,3,123.8,152.8,0.7000000000000001,COMPLETE
1,1,0.6875,2026-04-04 18:42:28.481321,2026-04-04 18:42:35.833554,0 days 00:00:07.352233,346,1,116.6,156.4,1.08,COMPLETE
2,2,0.6875,2026-04-04 18:42:35.845508,2026-04-04 18:42:42.453981,0 days 00:00:06.608473,402,1,119.3,157.8,1.09,COMPLETE
3,3,0.6875,2026-04-04 18:42:42.465942,2026-04-04 18:42:49.200653,0 days 00:00:06.734711,287,2,118.6,159.0,1.72,COMPLETE
4,4,0.6875,2026-04-04 18:42:49.211686,2026-04-04 18:42:56.922726,0 days 00:00:07.711040,498,3,124.0,150.9,0.35000000000000003,COMPLETE
5,5,0.6875,2026-04-04 18:42:56.934320,2026-04-04 18:43:05.132241,0 days 00:00:08.197921,238,2,118.0,159.8,0.87,COMPLETE
6,6,0.825,2026-04-04 18:43:05.143900,2026-04-04 18:43:40.018318,0 days 00:00:34.874418,321,1,120.5,156.7,0.51,COMPLETE
7,7,0.6875,2026-04-04 18:43:40.029574,2026-04-04 18:43:46.872243,0 days 00:00:06.842669,353,1,123.8,154.3,1.8800000000000001,COMPLETE
8,8,0.6875,2026-04-04 18:43:46.884192,2026-04-04 18:43:53.573989,0 days 00:00:06.689797,475,2,126.6,152.4,1.31,COMPLETE
9,9,0.6875,2026-04-04 18:43:53.585224,2026-04-04 18:44:01.455577,0 days 00:00:07.870353,196,2,117.4,149.8,1.32,COMPLETE
10,10,0.6875,2026-04-04 18:44:01.466884,2026-04-04 18:44:08.833098,0 days 00:00:07.366214,211,3,126.7,150.5,0.47000000000000003,COMPLETE
11,11,0.6875,2026-04-04 18:44:08.844769,2026-04-04 18:44:15.620057,0 days 00:00:06.775288,195,3,125.6,153.1,1.62,COMPLETE
12,12,0.6875,2026-04-04 18:44:15.631414,2026-04-04 18:44:22.653566,0 days 00:00:07.022152,251,3,118.9,152.6,0.9400000000000001,COMPLETE
13,13,0.6875,2026-04-04 18:44:22.665322,2026-04-04 18:44:29.588668,0 days 00:00:06.923346,410,1,113.5,155.1,1.34,COMPLETE
14,14,0.6875,2026-04-04 18:44:29.600681,2026-04-04 18:44:36.482477,0 days 00:00:06.881796,316,2,113.7,155.8,0.3,COMPLETE
15,15,0.6875,2026-04-04 18:44:36.494118,2026-04-04 18:44:44.723764,0 days 00:00:08.229646,199,3,126.9,156.1,0.29,COMPLETE
16,16,0.6875,2026-04-04 18:44:44.734980,2026-04-04 18:44:51.538830,0 days 00:00:06.803850,217,2,122.7,153.9,0.66,COMPLETE
17,17,0.6875,2026-04-04 18:44:51.550319,2026-04-04 18:44:59.016770,0 days 00:00:07.466451,272,1,113.0,150.5,0.62,COMPLETE
18,18,0.6875,2026-04-04 18:44:59.028174,2026-04-04 18:45:06.202850,0 days 00:00:07.174676,373,2,120.2,154.1,1.18,COMPLETE
19,19,0.6875,2026-04-04 18:45:06.214830,2026-04-04 18:45:13.271173,0 days 00:00:07.056343,169,2,118.1,152.1,0.0,COMPLETE
20,20,0.6875,2026-04-04 18:45:13.282229,2026-04-04 18:45:20.128613,0 days 00:00:06.846384,419,1,119.0,148.2,1.55,COMPLETE
21,21,0.6875,2026-04-04 18:45:20.140060,2026-04-04 18:45:27.515913,0 days 00:00:07.375853,349,1,118.6,154.8,1.08,COMPLETE
22,22,0.6875,2026-04-04 18:45:27.527899,2026-04-04 18:45:34.505201,0 days 00:00:06.977302,383,1,116.4,159.5,0.84,COMPLETE
23,23,0.6875,2026-04-04 18:45:34.517207,2026-04-04 18:45:42.704732,0 days 00:00:08.187525,175,3,123.6,151.8,0.9,COMPLETE
24,24,0.6875,2026-04-04 18:45:42.715839,2026-04-04 18:45:49.963613,0 days 00:00:07.247774,441,1,119.5,158.6,1.29,COMPLETE
25,25,0.6875,2026-04-04 18:45:49.975389,2026-04-04 18:45:57.039753,0 days 00:00:07.064364,404,1,125.2,159.9,0.68,COMPLETE
26,26,0.6875,2026-04-04 18:45:57.050999,2026-04-04 18:46:04.115305,0 days 00:00:07.064306,337,3,127.0,155.5,1.05,COMPLETE
27,27,0.6875,2026-04-04 18:46:04.127012,2026-04-04 18:46:11.725794,0 days 00:00:07.598782,180,3,120.9,153.5,0.39,COMPLETE
28,28,0.6875,2026-04-04 18:46:11.737644,2026-04-04 18:46:18.703439,0 days 00:00:06.965795,338,2,121.8,148.9,0.53,COMPLETE
29,29,0.6875,2026-04-04 18:46:18.715076,2026-04-04 18:46:26.318480,0 days 00:00:07.603404,421,2,117.1,159.3,1.7,COMPLETE
30,30,0.6875,2026-04-04 18:46:26.329449,2026-04-04 18:46:33.047943,0 days 00:00:06.718494,367,1,118.1,157.3,1.98,COMPLETE
31,31,0.6875,2026-04-04 18:46:33.059827,2026-04-04 18:46:39.641774,0 days 00:00:06.581947,362,3,119.1,156.7,1.76,COMPLETE
32,32,0.6875,2026-04-04 18:46:39.652766,2026-04-04 18:46:46.589240,0 days 00:00:06.936474,226,2,122.4,158.8,1.3900000000000001,COMPLETE
33,33,0.6875,2026-04-04 18:46:46.601019,2026-04-04 18:46:53.459386,0 days 00:00:06.858367,213,2,117.3,159.3,1.74,COMPLETE
34,34,0.6875,2026-04-04 18:46:53.469514,2026-04-04 18:47:00.188044,0 days 00:00:06.718530,304,2,115.8,156.7,1.28,COMPLETE
35,35,0.6875,2026-04-04 18:47:00.198552,2026-04-04 18:47:07.137716,0 days 00:00:06.939164,273,1,120.4,156.8,1.6,COMPLETE
36,36,0.6875,2026-04-04 18:47:07.149048,2026-04-04 18:47:13.869101,0 days 00:00:06.720053,275,3,117.9,159.7,1.8800000000000001,COMPLETE
37,37,0.6875,2026-04-04 18:47:13.880694,2026-04-04 18:47:20.722420,0 days 00:00:06.841726,342,1,121.1,157.8,0.86,COMPLETE
38,38,0.6875,2026-04-04 18:47:20.734282,2026-04-04 18:47:27.637687,0 days 00:00:06.903405,332,1,116.3,156.4,1.02,COMPLETE
39,39,0.6875,2026-04-04 18:47:27.649361,2026-04-04 18:47:34.368782,0 days 00:00:06.719421,291,2,117.8,159.3,1.62,COMPLETE
40,40,0.6875,2026-04-04 18:47:34.379841,2026-04-04 18:47:42.051980,0 days 00:00:07.672139,391,3,113.5,148.7,1.75,COMPLETE
41,41,0.6875,2026-04-04 18:47:42.063836,2026-04-04 18:47:49.950426,0 days 00:00:07.886590,464,3,124.9,149.3,0.58,COMPLETE
42,42,0.6875,2026-04-04 18:47:49.962119,2026-04-04 18:47:56.610555,0 days 00:00:06.648436,489,2,122.8,150.5,0.27,COMPLETE
43,43,0.6875,2026-04-04 18:47:56.621740,2026-04-04 18:48:03.919877,0 days 00:00:07.298137,453,1,117.3,155.4,0.84,COMPLETE
44,44,0.6875,2026-04-04 18:48:03.930946,2026-04-04 18:48:11.489475,0 days 00:00:07.558529,408,3,126.3,152.5,0.21,COMPLETE
45,45,0.6875,2026-04-04 18:48:11.501544,2026-04-04 18:48:18.788135,0 days 00:00:07.286591,240,2,121.0,153.4,1.9000000000000001,COMPLETE
46,46,0.825,2026-04-04 18:48:18.799456,2026-04-04 18:48:52.869042,0 days 00:00:34.069586,495,3,125.6,153.5,0.27,COMPLETE
47,47,0.6875,2026-04-04 18:48:52.879850,2026-04-04 18:48:59.673476,0 days 00:00:06.793626,470,3,122.1,151.0,0.18,COMPLETE
48,48,0.6875,2026-04-04 18:48:59.685053,2026-04-04 18:49:06.787204,0 days 00:00:07.102151,400,3,120.0,157.8,0.52,COMPLETE
49,49,0.6875,2026-04-04 18:49:06.798477,2026-04-04 18:49:14.167032,0 days 00:00:07.368555,248,3,124.8,154.0,0.54,COMPLETE
50,50,0.6875,2026-04-04 18:49:14.178326,2026-04-04 18:49:20.923217,0 days 00:00:06.744891,165,3,125.0,156.0,1.1500000000000001,COMPLETE
51,51,0.6875,2026-04-04 18:49:20.934200,2026-04-04 18:49:28.243287,0 days 00:00:07.309087,177,1,116.5,158.3,1.16,COMPLETE
52,52,0.6875,2026-04-04 18:49:28.254949,2026-04-04 18:49:35.610490,0 days 00:00:07.355541,182,3,123.8,152.2,0.6,COMPLETE
53,53,0.6875,2026-04-04 18:49:35.621689,2026-04-04 18:49:42.690694,0 days 00:00:07.069005,285,2,118.4,156.7,0.81,COMPLETE
54,54,0.6875,2026-04-04 18:49:42.701958,2026-04-04 18:49:49.385944,0 days 00:00:06.683986,283,2,116.4,160.0,0.55,COMPLETE
55,55,0.6875,2026-04-04 18:49:49.397744,2026-04-04 18:49:56.607688,0 days 00:00:07.209944,157,2,118.4,160.0,0.56,COMPLETE
56,56,0.6875,2026-04-04 18:49:56.619340,2026-04-04 18:50:03.727924,0 days 00:00:07.108584,428,1,122.1,155.1,1.18,COMPLETE
57,57,0.6875,2026-04-04 18:50:03.739358,2026-04-04 18:50:10.348942,0 days 00:00:06.609584,423,3,120.6,152.5,0.9500000000000001,COMPLETE
58,58,0.6875,2026-04-04 18:50:10.360929,2026-04-04 18:50:17.962742,0 days 00:00:07.601813,224,3,121.9,159.8,0.76,COMPLETE
59,59,0.825,2026-04-04 18:50:17.974455,2026-04-04 18:50:51.930019,0 days 00:00:33.955564,481,1,121.3,156.4,0.16,COMPLETE
60,60,0.6875,2026-04-04 18:50:51.941555,2026-04-04 18:50:59.704361,0 days 00:00:07.762806,187,2,123.1,148.3,0.66,COMPLETE
61,61,0.6875,2026-04-04 18:50:59.716593,2026-04-04 18:51:06.413837,0 days 00:00:06.697244,340,1,122.2,150.6,1.3900000000000001,COMPLETE
62,62,0.6875,2026-04-04 18:51:06.425537,2026-04-04 18:51:13.251570,0 days 00:00:06.826033,378,1,121.5,154.9,1.8,COMPLETE
63,63,0.6875,2026-04-04 18:51:13.263337,2026-04-04 18:51:20.267548,0 days 00:00:07.004211,482,3,124.6,159.2,1.74,COMPLETE
64,64,0.6875,2026-04-04 18:51:20.278725,2026-04-04 18:51:27.987593,0 days 00:00:07.708868,351,3,125.1,149.4,1.55,COMPLETE
65,65,0.6875,2026-04-04 18:51:27.999100,2026-04-04 18:51:35.419262,0 days 00:00:07.420162,287,1,125.5,157.2,1.75,COMPLETE
66,66,0.6875,2026-04-04 18:51:35.430372,2026-04-04 18:51:42.274078,0 days 00:00:06.843706,328,1,122.4,152.9,1.8,COMPLETE
67,67,0.6875,2026-04-04 18:51:42.285612,2026-04-04 18:51:49.481940,0 days 00:00:07.196328,322,1,115.1,155.0,0.59,COMPLETE
68,68,0.6875,2026-04-04 18:51:49.493354,2026-04-04 18:51:56.492007,0 days 00:00:06.998653,395,1,118.6,158.8,1.09,COMPLETE
69,69,0.6875,2026-04-04 18:51:56.503136,2026-04-04 18:52:04.038033,0 days 00:00:07.534897,329,2,126.2,154.7,1.95,COMPLETE
70,70,0.6875,2026-04-04 18:52:04.049732,2026-04-04 18:52:11.522024,0 days 00:00:07.472292,280,2,120.5,158.5,1.87,COMPLETE
71,71,0.6875,2026-04-04 18:52:11.533496,2026-04-04 18:52:18.858146,0 days 00:00:07.324650,446,2,125.3,151.2,1.78,COMPLETE
72,72,0.6875,2026-04-04 18:52:18.869533,2026-04-04 18:52:25.537299,0 days 00:00:06.667766,491,2,125.6,152.1,0.9400000000000001,COMPLETE
73,73,0.6875,2026-04-04 18:52:25.546274,2026-04-04 18:52:32.318245,0 days 00:00:06.771971,395,2,126.2,153.1,1.31,COMPLETE
74,74,0.6875,2026-04-04 18:52:32.329686,2026-04-04 18:52:39.742459,0 days 00:00:07.412773,366,2,119.3,159.6,1.18,COMPLETE
75,75,0.6875,2026-04-04 18:52:39.753304,2026-04-04 18:52:47.324008,0 days 00:00:07.570704,460,3,126.7,151.9,1.21,COMPLETE
76,76,0.6875,2026-04-04 18:52:47.335225,2026-04-04 18:52:54.208864,0 days 00:00:06.873639,235,3,126.7,150.6,1.0,COMPLETE
77,77,0.6875,2026-04-04 18:52:54.220008,2026-04-04 18:53:00.975336,0 days 00:00:06.755328,336,1,124.7,154.8,1.35,COMPLETE
78,78,0.6875,2026-04-04 18:53:00.987247,2026-04-04 18:53:07.859899,0 days 00:00:06.872652,484,3,124.7,149.2,0.17,COMPLETE
79,79,0.6875,2026-04-04 18:53:07.871290,2026-04-04 18:53:15.015890,0 days 00:00:07.144600,428,1,124.5,156.3,1.86,COMPLETE
80,80,0.6875,2026-04-04 18:53:15.027494,2026-04-04 18:53:22.291917,0 days 00:00:07.264423,357,1,117.4,155.3,1.3800000000000001,COMPLETE
81,81,0.6875,2026-04-04 18:53:22.302090,2026-04-04 18:53:29.942221,0 days 00:00:07.640131,168,3,121.6,148.6,1.28,COMPLETE
82,82,0.6875,2026-04-04 18:53:29.953238,2026-04-04 18:53:36.674620,0 days 00:00:06.721382,182,2,118.2,151.3,1.16,COMPLETE
83,83,0.6875,2026-04-04 18:53:36.684747,2026-04-04 18:53:43.208250,0 days 00:00:06.523503,190,2,117.4,148.4,1.6400000000000001,COMPLETE
84,84,0.6875,2026-04-04 18:53:43.219656,2026-04-04 18:53:50.171571,0 days 00:00:06.951915,162,2,113.1,148.3,0.86,COMPLETE
85,85,0.6875,2026-04-04 18:53:50.183305,2026-04-04 18:53:57.027013,0 days 00:00:06.843708,257,3,115.3,153.5,1.36,COMPLETE
86,86,0.6875,2026-04-04 18:53:57.038482,2026-04-04 18:54:04.899046,0 days 00:00:07.860564,157,1,124.7,156.6,0.8,COMPLETE
87,87,0.6875,2026-04-04 18:54:04.910023,2026-04-04 18:54:11.637413,0 days 00:00:06.727390,320,1,125.9,152.9,1.93,COMPLETE
88,88,0.6875,2026-04-04 18:54:11.648996,2026-04-04 18:54:19.442629,0 days 00:00:07.793633,244,2,116.6,148.3,1.28,COMPLETE
89,89,0.6875,2026-04-04 18:54:19.453954,2026-04-04 18:54:27.251526,0 days 00:00:07.797572,231,1,118.4,160.0,0.71,COMPLETE
90,90,0.6875,2026-04-04 18:54:27.263157,2026-04-04 18:54:34.035034,0 days 00:00:06.771877,240,2,116.0,159.3,0.98,COMPLETE
91,91,0.6875,2026-04-04 18:54:34.046485,2026-04-04 18:54:42.219807,0 days 00:00:08.173322,225,3,126.7,150.0,0.43,COMPLETE
92,92,0.6875,2026-04-04 18:54:42.231150,2026-04-04 18:54:48.934305,0 days 00:00:06.703155,471,2,126.4,152.4,1.42,COMPLETE
93,93,0.6875,2026-04-04 18:54:48.942301,2026-04-04 18:54:56.152188,0 days 00:00:07.209887,298,3,123.4,148.4,0.26,COMPLETE
94,94,0.6875,2026-04-04 18:54:56.163352,2026-04-04 18:55:03.654009,0 days 00:00:07.490657,179,3,126.3,152.7,0.5,COMPLETE
95,95,0.6875,2026-04-04 18:55:03.665703,2026-04-04 18:55:10.544600,0 days 00:00:06.878897,179,3,121.9,152.9,0.76,COMPLETE
96,96,0.6875,2026-04-04 18:55:10.555780,2026-04-04 18:55:17.136154,0 days 00:00:06.580374,482,1,122.9,151.7,1.44,COMPLETE
97,97,0.6875,2026-04-04 18:55:17.147496,2026-04-04 18:55:24.839874,0 days 00:00:07.692378,283,2,119.2,159.5,1.19,COMPLETE
98,98,0.6875,2026-04-04 18:55:24.851362,2026-04-04 18:55:31.772913,0 days 00:00:06.921551,339,2,114.8,157.5,1.95,COMPLETE
99,99,0.6875,2026-04-04 18:55:31.784425,2026-04-04 18:55:39.204575,0 days 00:00:07.420150,476,3,122.5,152.9,0.61,COMPLETE
100,100,0.6875,2026-04-04 18:55:39.215998,2026-04-04 18:55:46.174087,0 days 00:00:06.958089,441,2,118.0,149.0,0.85,COMPLETE
101,101,0.6875,2026-04-04 18:55:46.185970,2026-04-04 18:55:53.464209,0 days 00:00:07.278239,304,1,117.8,155.8,1.1,COMPLETE
102,102,0.6875,2026-04-04 18:55:53.476178,2026-04-04 18:56:01.219537,0 days 00:00:07.743359,214,1,127.0,150.3,0.45,COMPLETE
103,103,0.6875,2026-04-04 18:56:01.230942,2026-04-04 18:56:07.792812,0 days 00:00:06.561870,243,3,124.7,152.4,1.6400000000000001,COMPLETE
104,104,0.6875,2026-04-04 18:56:07.804284,2026-04-04 18:56:14.669767,0 days 00:00:06.865483,201,3,126.5,154.3,1.43,COMPLETE
105,105,0.6875,2026-04-04 18:56:14.680788,2026-04-04 18:56:22.101584,0 days 00:00:07.420796,226,2,116.7,152.6,1.57,COMPLETE
106,106,0.6875,2026-04-04 18:56:22.113210,2026-04-04 18:56:29.091817,0 days 00:00:06.978607,294,1,116.7,159.1,1.52,COMPLETE
107,107,0.6875,2026-04-04 18:56:29.103158,2026-04-04 18:56:36.835018,0 days 00:00:07.731860,197,3,125.2,152.2,1.75,COMPLETE
108,108,0.6875,2026-04-04 18:56:36.846560,2026-04-04 18:56:43.755995,0 days 00:00:06.909435,170,3,124.4,148.6,0.55,COMPLETE
109,109,0.6875,2026-04-04 18:56:43.767280,2026-04-04 18:56:50.468983,0 days 00:00:06.701703,169,3,125.7,151.8,1.31,COMPLETE
110,110,0.6875,2026-04-04 18:56:50.480244,2026-04-04 18:56:57.719848,0 days 00:00:07.239604,402,1,123.7,158.7,1.24,COMPLETE
111,111,0.6875,2026-04-04 18:56:57.731178,2026-04-04 18:57:05.144569,0 days 00:00:07.413391,288,3,119.4,153.3,0.74,COMPLETE
112,112,0.6875,2026-04-04 18:57:05.156369,2026-04-04 18:57:12.116252,0 days 00:00:06.959883,222,3,117.2,152.2,0.64,COMPLETE
113,113,0.6875,2026-04-04 18:57:12.127638,2026-04-04 18:57:18.901937,0 days 00:00:06.774299,264,3,121.4,152.4,1.36,COMPLETE
114,114,0.6875,2026-04-04 18:57:18.912835,2026-04-04 18:57:26.152503,0 days 00:00:07.239668,160,2,119.8,156.4,1.3,COMPLETE
115,115,0.6875,2026-04-04 18:57:26.163532,2026-04-04 18:57:33.077404,0 days 00:00:06.913872,288,1,119.2,151.8,0.01,COMPLETE
116,116,0.6875,2026-04-04 18:57:33.085506,2026-04-04 18:57:39.789341,0 days 00:00:06.703835,387,2,116.8,154.8,0.73,COMPLETE
117,117,0.6875,2026-04-04 18:57:39.800632,2026-04-04 18:57:47.351891,0 days 00:00:07.551259,472,1,126.8,149.4,1.07,COMPLETE
118,118,0.6875,2026-04-04 18:57:47.363230,2026-04-04 18:57:54.998303,0 days 00:00:07.635073,462,1,117.4,156.8,1.17,COMPLETE
119,119,0.6875,2026-04-04 18:57:55.009306,2026-04-04 18:58:01.855325,0 days 00:00:06.846019,372,1,114.8,157.9,1.12,COMPLETE
120,120,0.6875,2026-04-04 18:58:01.866405,2026-04-04 18:58:09.677117,0 days 00:00:07.810712,189,1,117.7,149.4,1.01,COMPLETE
121,121,0.6875,2026-04-04 18:58:09.688191,2026-04-04 18:58:16.712235,0 days 00:00:07.024044,401,1,113.5,152.3,1.56,COMPLETE
122,122,0.6875,2026-04-04 18:58:16.724157,2026-04-04 18:58:24.641174,0 days 00:00:07.917017,488,2,126.0,154.9,1.17,COMPLETE
123,123,0.6875,2026-04-04 18:58:24.652470,2026-04-04 18:58:32.572703,0 days 00:00:07.920233,237,2,118.6,159.2,0.72,COMPLETE
124,124,0.6875,2026-04-04 18:58:32.584095,2026-04-04 18:58:39.534145,0 days 00:00:06.950050,373,2,113.3,156.6,1.16,COMPLETE
125,125,0.6875,2026-04-04 18:58:39.545747,2026-04-04 18:58:47.705607,0 days 00:00:08.159860,168,2,124.5,151.5,0.33,COMPLETE
126,126,0.6875,2026-04-04 18:58:47.716873,2026-04-04 18:58:54.573132,0 days 00:00:06.856259,245,3,119.6,150.1,0.97,COMPLETE
127,127,0.6875,2026-04-04 18:58:54.580921,2026-04-04 18:59:01.240688,0 days 00:00:06.659767,460,3,122.4,150.7,0.61,COMPLETE
128,128,0.671875,2026-04-04 18:59:01.251706,2026-04-04 18:59:08.633175,0 days 00:00:07.381469,471,1,114.1,154.6,1.06,COMPLETE
129,129,0.6875,2026-04-04 18:59:08.646895,2026-04-04 18:59:15.240069,0 days 00:00:06.593174,493,1,114.9,153.1,1.2,COMPLETE
130,130,0.6875,2026-04-04 18:59:15.251028,2026-04-04 18:59:22.662663,0 days 00:00:07.411635,363,1,120.3,156.7,0.89,COMPLETE
131,131,0.6875,2026-04-04 18:59:22.673574,2026-04-04 18:59:29.635560,0 days 00:00:06.961986,485,1,114.5,155.7,0.4,COMPLETE
132,132,0.6875,2026-04-04 18:59:29.646579,2026-04-04 18:59:36.587307,0 days 00:00:06.940728,324,1,113.3,154.5,1.59,COMPLETE
133,133,0.6875,2026-04-04 18:59:36.598497,2026-04-04 18:59:43.088815,0 days 00:00:06.490318,486,1,113.3,155.8,1.71,COMPLETE
134,134,0.6875,2026-04-04 18:59:43.100160,2026-04-04 18:59:51.732448,0 days 00:00:08.632288,173,2,126.3,156.9,1.79,COMPLETE
135,135,0.6875,2026-04-04 18:59:51.743751,2026-04-04 18:59:59.451568,0 days 00:00:07.707817,426,1,115.5,154.3,1.1500000000000001,COMPLETE
136,136,0.6875,2026-04-04 18:59:59.463202,2026-04-04 19:00:06.987278,0 days 00:00:07.524076,245,2,120.4,149.5,1.28,COMPLETE
137,137,0.6875,2026-04-04 19:00:07.000649,2026-04-04 19:00:14.590571,0 days 00:00:07.589922,450,1,113.8,156.5,0.89,COMPLETE
138,138,0.6875,2026-04-04 19:00:14.601742,2026-04-04 19:00:22.305350,0 days 00:00:07.703608,201,3,122.3,157.5,1.95,COMPLETE
139,139,0.6875,2026-04-04 19:00:22.316899,2026-04-04 19:00:29.631609,0 days 00:00:07.314710,440,1,113.4,155.4,1.04,COMPLETE
140,140,0.6875,2026-04-04 19:00:29.642825,2026-04-04 19:00:36.829908,0 days 00:00:07.187083,310,2,117.2,159.1,1.84,COMPLETE
141,141,0.825,2026-04-04 19:00:36.841119,2026-04-04 19:01:11.726233,0 days 00:00:34.885114,476,3,124.9,151.7,0.09,COMPLETE
142,142,0.825,2026-04-04 19:01:11.737318,2026-04-04 19:01:46.767881,0 days 00:00:35.030563,325,2,116.4,156.3,0.11,COMPLETE
143,143,0.6875,2026-04-04 19:01:46.779015,2026-04-04 19:01:53.816585,0 days 00:00:07.037570,213,2,114.6,154.9,0.63,COMPLETE
144,144,0.6875,2026-04-04 19:01:53.826654,2026-04-04 19:02:00.959656,0 days 00:00:07.133002,174,3,115.5,150.8,1.1300000000000001,COMPLETE
145,145,0.6875,2026-04-04 19:02:00.971217,2026-04-04 19:02:08.276723,0 days 00:00:07.305506,342,2,113.6,159.3,0.26,COMPLETE
146,146,0.6875,2026-04-04 19:02:08.287957,2026-04-04 19:02:16.416259,0 days 00:00:08.128302,324,3,126.7,151.2,0.6,COMPLETE
147,147,0.6875,2026-04-04 19:02:16.427895,2026-04-04 19:02:24.502971,0 days 00:00:08.075076,321,2,113.1,154.6,0.11,COMPLETE
148,148,0.6875,2026-04-04 19:02:24.511348,2026-04-04 19:02:32.326953,0 days 00:00:07.815605,226,3,124.5,152.6,0.12,COMPLETE
149,149,0.6875,2026-04-04 19:02:32.338439,2026-04-04 19:02:39.023703,0 days 00:00:06.685264,345,1,124.4,154.4,1.96,COMPLETE
150,150,0.6875,2026-04-04 19:02:39.034762,2026-04-04 19:02:45.933593,0 days 00:00:06.898831,319,2,119.1,156.3,1.48,COMPLETE
151,151,0.6875,2026-04-04 19:02:45.945165,2026-04-04 19:02:52.958111,0 days 00:00:07.012946,251,3,122.8,156.3,0.61,COMPLETE
152,152,0.6875,2026-04-04 19:02:52.970155,2026-04-04 19:03:00.112030,0 days 00:00:07.141875,195,3,126.6,158.7,0.07,COMPLETE
153,153,0.6875,2026-04-04 19:03:00.124013,2026-04-04 19:03:06.750899,0 days 00:00:06.626886,191,2,126.0,155.1,0.17,COMPLETE
154,154,0.6875,2026-04-04 19:03:06.762704,2026-04-04 19:03:13.705358,0 days 00:00:06.942654,153,3,126.3,153.7,2.0,COMPLETE
155,155,0.6875,2026-04-04 19:03:13.717222,2026-04-04 19:03:20.346420,0 days 00:00:06.629198,218,3,126.5,154.5,0.46,COMPLETE
156,156,0.6875,2026-04-04 19:03:20.358285,2026-04-04 19:03:28.122341,0 days 00:00:07.764056,334,3,113.4,156.6,0.43,COMPLETE
157,157,0.6875,2026-04-04 19:03:28.133767,2026-04-04 19:03:34.794786,0 days 00:00:06.661019,286,2,114.8,156.9,0.52,COMPLETE
158,158,0.6875,2026-04-04 19:03:34.806013,2026-04-04 19:03:41.600340,0 days 00:00:06.794327,343,3,114.3,152.2,0.53,COMPLETE
159,159,0.6875,2026-04-04 19:03:41.612249,2026-04-04 19:03:49.069441,0 days 00:00:07.457192,205,3,118.9,158.9,1.24,COMPLETE
160,160,0.6875,2026-04-04 19:03:49.081301,2026-04-04 19:03:56.414117,0 days 00:00:07.332816,316,3,126.2,156.0,0.15,COMPLETE
161,161,0.6875,2026-04-04 19:03:56.425795,2026-04-04 19:04:03.415175,0 days 00:00:06.989380,189,3,124.6,156.4,0.6900000000000001,COMPLETE
162,162,0.6875,2026-04-04 19:04:03.426896,2026-04-04 19:04:10.224689,0 days 00:00:06.797793,223,2,122.9,153.6,0.72,COMPLETE
163,163,0.6875,2026-04-04 19:04:10.235914,2026-04-04 19:04:17.556860,0 days 00:00:07.320946,171,2,117.0,149.7,1.24,COMPLETE
164,164,0.6875,2026-04-04 19:04:17.567895,2026-04-04 19:04:24.266857,0 days 00:00:06.698962,478,2,117.2,153.5,1.62,COMPLETE
165,165,0.6875,2026-04-04 19:04:24.278180,2026-04-04 19:04:30.972119,0 days 00:00:06.693939,259,3,117.6,151.9,1.1500000000000001,COMPLETE
166,166,0.6875,2026-04-04 19:04:30.979664,2026-04-04 19:04:38.337106,0 days 00:00:07.357442,348,2,123.1,159.3,1.74,COMPLETE
167,167,0.6875,2026-04-04 19:04:38.348245,2026-04-04 19:04:44.915222,0 days 00:00:06.566977,389,1,120.5,157.3,1.42,COMPLETE
168,168,0.6875,2026-04-04 19:04:44.926723,2026-04-04 19:04:52.064692,0 days 00:00:07.137969,364,1,113.4,154.6,1.24,COMPLETE
169,169,0.6875,2026-04-04 19:04:52.076276,2026-04-04 19:05:00.039454,0 days 00:00:07.963178,492,3,127.0,151.3,0.63,COMPLETE
170,170,0.6875,2026-04-04 19:05:00.050898,2026-04-04 19:05:07.358360,0 days 00:00:07.307462,248,3,123.1,150.6,0.72,COMPLETE
171,171,0.6875,2026-04-04 19:05:07.370046,2026-04-04 19:05:13.735862,0 days 00:00:06.365816,440,2,123.7,150.7,1.08,COMPLETE
172,172,0.6875,2026-04-04 19:05:13.748281,2026-04-04 19:05:21.147670,0 days 00:00:07.399389,213,2,122.1,156.1,0.38,COMPLETE
173,173,0.6875,2026-04-04 19:05:21.158984,2026-04-04 19:05:28.761912,0 days 00:00:07.602928,194,1,113.2,149.4,0.15,COMPLETE
174,174,0.6875,2026-04-04 19:05:28.772822,2026-04-04 19:05:35.557529,0 days 00:00:06.784707,349,1,118.0,148.1,0.74,COMPLETE
175,175,0.6875,2026-04-04 19:05:35.569163,2026-04-04 19:05:43.492015,0 days 00:00:07.922852,249,3,126.7,156.7,0.43,COMPLETE
176,176,0.6875,2026-04-04 19:05:43.503289,2026-04-04 19:05:51.606056,0 days 00:00:08.102767,256,1,113.0,151.6,0.5,COMPLETE
177,177,0.6875,2026-04-04 19:05:51.617646,2026-04-04 19:05:58.937851,0 days 00:00:07.320205,405,1,118.4,158.7,0.46,COMPLETE
178,178,0.6875,2026-04-04 19:05:58.949676,2026-04-04 19:06:06.587839,0 days 00:00:07.638163,271,1,113.6,150.1,0.9400000000000001,COMPLETE
179,179,0.6875,2026-04-04 19:06:06.599275,2026-04-04 19:06:13.070505,0 days 00:00:06.471230,452,1,114.6,150.8,0.54,COMPLETE
180,180,0.6875,2026-04-04 19:06:13.080214,2026-04-04 19:06:21.472704,0 days 00:00:08.392490,154,3,126.2,154.9,0.23,COMPLETE
181,181,0.6875,2026-04-04 19:06:21.484584,2026-04-04 19:06:29.250363,0 days 00:00:07.765779,326,1,113.8,151.0,0.77,COMPLETE
182,182,0.6875,2026-04-04 19:06:29.261736,2026-04-04 19:06:36.613978,0 days 00:00:07.352242,366,2,122.2,154.3,1.3900000000000001,COMPLETE
183,183,0.6875,2026-04-04 19:06:36.625540,2026-04-04 19:06:44.076479,0 days 00:00:07.450939,193,3,125.8,149.9,0.16,COMPLETE
184,184,0.6875,2026-04-04 19:06:44.088216,2026-04-04 19:06:51.838277,0 days 00:00:07.750061,316,1,117.7,159.1,1.01,COMPLETE
185,185,0.6875,2026-04-04 19:06:51.852081,2026-04-04 19:06:59.524812,0 days 00:00:07.672731,168,2,122.5,152.6,1.04,COMPLETE
186,186,0.6875,2026-04-04 19:06:59.536037,2026-04-04 19:07:06.089355,0 days 00:00:06.553318,407,3,119.5,153.1,1.59,COMPLETE
187,187,0.6875,2026-04-04 19:07:06.101024,2026-04-04 19:07:12.917423,0 days 00:00:06.816399,337,2,121.4,155.0,1.04,COMPLETE
188,188,0.6875,2026-04-04 19:07:12.929533,2026-04-04 19:07:20.599533,0 days 00:00:07.670000,290,1,113.7,148.8,0.49,COMPLETE
189,189,0.6875,2026-04-04 19:07:20.611242,2026-04-04 19:07:28.132464,0 days 00:00:07.521222,238,2,117.4,156.9,1.85,COMPLETE
190,190,0.6875,2026-04-04 19:07:28.143339,2026-04-04 19:07:35.560542,0 days 00:00:07.417203,414,1,125.6,152.5,1.74,COMPLETE
191,191,0.6875,2026-04-04 19:07:35.572236,2026-04-04 19:07:43.426095,0 days 00:00:07.853859,194,2,117.4,150.1,0.41000000000000003,COMPLETE
192,192,0.6875,2026-04-04 19:07:43.437362,2026-04-04 19:07:50.587222,0 days 00:00:07.149860,155,2,119.8,153.8,0.5700000000000001,COMPLETE
193,193,0.825,2026-04-04 19:07:50.598942,2026-04-04 19:08:24.579383,0 days 00:00:33.980441,172,2,118.4,155.3,0.07,COMPLETE
194,194,0.6875,2026-04-04 19:08:24.591575,2026-04-04 19:08:31.998496,0 days 00:00:07.406921,168,3,125.9,150.3,0.73,COMPLETE
195,195,0.6875,2026-04-04 19:08:32.010139,2026-04-04 19:08:39.491608,0 days 00:00:07.481469,161,2,115.8,152.5,0.0,COMPLETE
196,196,0.6875,2026-04-04 19:08:39.502959,2026-04-04 19:08:46.683875,0 days 00:00:07.180916,301,1,122.4,156.3,1.9100000000000001,COMPLETE
197,197,0.6875,2026-04-04 19:08:46.695445,2026-04-04 19:08:53.720910,0 days 00:00:07.025465,368,1,116.9,156.1,0.93,COMPLETE
198,198,0.6875,2026-04-04 19:08:53.733125,2026-04-04 19:09:01.240909,0 days 00:00:07.507784,158,2,119.7,150.2,0.03,COMPLETE
199,199,0.6875,2026-04-04 19:09:01.252124,2026-04-04 19:09:08.091701,0 days 00:00:06.839577,412,2,120.4,154.2,0.88,COMPLETE
200,200,0.6875,2026-04-04 19:09:08.103520,2026-04-04 19:09:15.330534,0 days 00:00:07.227014,221,2,124.7,153.6,1.42,COMPLETE
201,201,0.6875,2026-04-04 19:09:15.341894,2026-04-04 19:09:22.393694,0 days 00:00:07.051800,493,1,121.4,148.9,1.3800000000000001,COMPLETE
202,202,0.6875,2026-04-04 19:09:22.405419,2026-04-04 19:09:29.691330,0 days 00:00:07.285911,351,2,119.3,153.9,1.23,COMPLETE
203,203,0.6875,2026-04-04 19:09:29.702903,2026-04-04 19:09:36.479467,0 days 00:00:06.776564,413,1,115.6,156.4,1.48,COMPLETE
204,204,0.6875,2026-04-04 19:09:36.491072,2026-04-04 19:09:44.225027,0 days 00:00:07.733955,338,1,120.5,148.4,1.34,COMPLETE
205,205,0.6875,2026-04-04 19:09:44.236909,2026-04-04 19:09:51.277416,0 days 00:00:07.040507,210,3,120.0,152.3,0.9400000000000001,COMPLETE
206,206,0.6875,2026-04-04 19:09:51.289236,2026-04-04 19:09:58.620212,0 days 00:00:07.330976,238,2,120.1,159.9,1.21,COMPLETE
207,207,0.6875,2026-04-04 19:09:58.631704,2026-04-04 19:10:06.489017,0 days 00:00:07.857313,440,1,113.9,148.9,1.5,COMPLETE
208,208,0.6875,2026-04-04 19:10:06.500611,2026-04-04 19:10:13.667753,0 days 00:00:07.167142,426,1,120.6,149.0,1.73,COMPLETE
209,209,0.6875,2026-04-04 19:10:13.679535,2026-04-04 19:10:20.397314,0 days 00:00:06.717779,481,1,118.0,149.1,1.98,COMPLETE
210,210,0.6875,2026-04-04 19:10:20.409434,2026-04-04 19:10:28.026258,0 days 00:00:07.616824,152,3,122.8,152.6,0.47000000000000003,COMPLETE
211,211,0.6875,2026-04-04 19:10:28.037457,2026-04-04 19:10:34.980079,0 days 00:00:06.942622,402,1,117.6,149.1,1.6400000000000001,COMPLETE
212,212,0.6875,2026-04-04 19:10:34.991303,2026-04-04 19:10:42.134075,0 days 00:00:07.142772,323,1,120.0,154.4,1.3,COMPLETE
213,213,0.6875,2026-04-04 19:10:42.145758,2026-04-04 19:10:48.643468,0 days 00:00:06.497710,309,1,119.3,152.9,0.81,COMPLETE
214,214,0.6875,2026-04-04 19:10:48.651542,2026-04-04 19:10:55.555872,0 days 00:00:06.904330,495,2,113.4,153.1,1.18,COMPLETE
215,215,0.6875,2026-04-04 19:10:55.568085,2026-04-04 19:11:03.048999,0 days 00:00:07.480914,268,2,121.1,152.1,0.18,COMPLETE
216,216,0.6875,2026-04-04 19:11:03.060435,2026-04-04 19:11:10.053288,0 days 00:00:06.992853,479,2,126.8,152.2,1.43,COMPLETE
217,217,0.6875,2026-04-04 19:11:10.064749,2026-04-04 19:11:17.482764,0 days 00:00:07.418015,470,2,121.7,158.3,1.22,COMPLETE
218,218,0.6875,2026-04-04 19:11:17.494140,2026-04-04 19:11:25.103754,0 days 00:00:07.609614,451,1,118.2,148.9,1.36,COMPLETE
219,219,0.6875,2026-04-04 19:11:25.115959,2026-04-04 19:11:32.252055,0 days 00:00:07.136096,374,1,117.4,154.0,1.1,COMPLETE
220,220,0.6875,2026-04-04 19:11:32.263659,2026-04-04 19:11:40.029422,0 days 00:00:07.765763,316,3,127.0,153.6,1.45,COMPLETE
221,221,0.6875,2026-04-04 19:11:40.041377,2026-04-04 19:11:47.899314,0 days 00:00:07.857937,454,1,114.8,159.0,0.66,COMPLETE
222,222,0.6875,2026-04-04 19:11:47.910872,2026-04-04 19:11:54.828584,0 days 00:00:06.917712,356,1,116.9,158.6,0.65,COMPLETE
223,223,0.6875,2026-04-04 19:11:54.840625,2026-04-04 19:12:01.484381,0 days 00:00:06.643756,210,3,116.1,158.4,0.55,COMPLETE
224,224,0.6875,2026-04-04 19:12:01.495938,2026-04-04 19:12:09.248294,0 days 00:00:07.752356,178,2,126.1,153.6,0.78,COMPLETE
225,225,0.6875,2026-04-04 19:12:09.260576,2026-04-04 19:12:16.516176,0 days 00:00:07.255600,170,3,118.0,150.6,1.96,COMPLETE
226,226,0.6875,2026-04-04 19:12:16.527574,2026-04-04 19:12:23.215991,0 days 00:00:06.688417,499,3,118.2,151.2,0.16,COMPLETE
227,227,0.6875,2026-04-04 19:12:23.227411,2026-04-04 19:12:30.760390,0 days 00:00:07.532979,383,2,115.7,160.0,0.77,COMPLETE
228,228,0.6875,2026-04-04 19:12:30.770828,2026-04-04 19:12:37.519282,0 days 00:00:06.748454,447,1,118.5,157.9,0.99,COMPLETE
229,229,0.6875,2026-04-04 19:12:37.530342,2026-04-04 19:12:44.936824,0 days 00:00:07.406482,159,2,115.9,158.3,1.16,COMPLETE
230,230,0.6875,2026-04-04 19:12:44.948510,2026-04-04 19:12:52.117890,0 days 00:00:07.169380,260,2,117.5,150.7,1.09,COMPLETE
231,231,0.6875,2026-04-04 19:12:52.130224,2026-04-04 19:12:59.379476,0 days 00:00:07.249252,375,1,118.4,158.0,1.16,COMPLETE
232,232,0.6875,2026-04-04 19:12:59.391003,2026-04-04 19:13:06.241842,0 days 00:00:06.850839,275,3,117.2,154.5,0.9,COMPLETE
233,233,0.6875,2026-04-04 19:13:06.253201,2026-04-04 19:13:13.574955,0 days 00:00:07.321754,201,3,124.8,153.4,1.17,COMPLETE
234,234,0.6875,2026-04-04 19:13:13.586045,2026-04-04 19:13:21.443898,0 days 00:00:07.857853,268,2,113.0,156.2,0.45,COMPLETE
235,235,0.6875,2026-04-04 19:13:21.453097,2026-04-04 19:13:27.916947,0 days 00:00:06.463850,313,1,114.1,156.2,0.88,COMPLETE
236,236,0.6875,2026-04-04 19:13:27.928328,2026-04-04 19:13:34.571070,0 days 00:00:06.642742,427,2,114.3,155.2,1.54,COMPLETE
237,237,0.6875,2026-04-04 19:13:34.582584,2026-04-04 19:13:42.082506,0 days 00:00:07.499922,179,2,120.0,152.7,0.19,COMPLETE
238,238,0.6875,2026-04-04 19:13:42.091597,2026-04-04 19:13:49.166387,0 days 00:00:07.074790,235,3,125.4,151.4,0.73,COMPLETE
239,239,0.6875,2026-04-04 19:13:49.177882,2026-04-04 19:13:57.169692,0 days 00:00:07.991810,365,1,113.2,156.5,0.0,COMPLETE
240,240,0.6875,2026-04-04 19:13:57.181121,2026-04-04 19:14:04.362128,0 days 00:00:07.181007,382,1,120.0,153.9,0.97,COMPLETE
241,241,0.6875,2026-04-04 19:14:04.373981,2026-04-04 19:14:11.609195,0 days 00:00:07.235214,170,3,121.8,151.3,1.3,COMPLETE
242,242,0.6875,2026-04-04 19:14:11.620534,2026-04-04 19:14:19.034184,0 days 00:00:07.413650,483,1,113.8,155.1,1.19,COMPLETE
243,243,0.6875,2026-04-04 19:14:19.045750,2026-04-04 19:14:26.296523,0 days 00:00:07.250773,459,1,120.6,158.1,1.16,COMPLETE
244,244,0.6875,2026-04-04 19:14:26.307987,2026-04-04 19:14:33.465352,0 days 00:00:07.157365,373,1,115.6,159.6,1.09,COMPLETE
245,245,0.6875,2026-04-04 19:14:33.477147,2026-04-04 19:14:40.208206,0 days 00:00:06.731059,360,2,118.2,159.4,1.53,COMPLETE
246,246,0.6875,2026-04-04 19:14:40.219926,2026-04-04 19:14:47.815805,0 days 00:00:07.595879,490,3,123.0,149.9,0.54,COMPLETE
247,247,0.6875,2026-04-04 19:14:47.827386,2026-04-04 19:14:55.233078,0 days 00:00:07.405692,156,3,123.3,153.7,1.01,COMPLETE
248,248,0.6875,2026-04-04 19:14:55.245063,2026-04-04 19:15:01.823532,0 days 00:00:06.578469,213,3,123.8,152.6,0.59,COMPLETE
249,249,0.6875,2026-04-04 19:15:01.835116,2026-04-04 19:15:08.662721,0 days 00:00:06.827605,461,2,125.2,157.2,0.04,COMPLETE
250,250,0.6875,2026-04-04 19:15:08.674657,2026-04-04 19:15:15.713283,0 days 00:00:07.038626,438,1,118.8,157.6,1.3900000000000001,COMPLETE
251,251,0.6875,2026-04-04 19:15:15.725484,2026-04-04 19:15:23.014174,0 days 00:00:07.288690,429,2,119.4,149.0,1.61,COMPLETE
252,252,0.6875,2026-04-04 19:15:23.025421,2026-04-04 19:15:30.985605,0 days 00:00:07.960184,213,3,124.2,154.3,1.6,COMPLETE
253,253,0.6875,2026-04-04 19:15:30.997291,2026-04-04 19:15:37.886835,0 days 00:00:06.889544,389,2,120.2,156.7,1.17,COMPLETE
254,254,0.6875,2026-04-04 19:15:37.899173,2026-04-04 19:15:44.920114,0 days 00:00:07.020941,276,2,119.6,159.5,1.6300000000000001,COMPLETE
255,255,0.6875,2026-04-04 19:15:44.931908,2026-04-04 19:15:52.519472,0 days 00:00:07.587564,265,2,113.9,149.3,0.5700000000000001,COMPLETE
256,256,0.6875,2026-04-04 19:15:52.530794,2026-04-04 19:15:59.603595,0 days 00:00:07.072801,212,2,117.4,153.2,0.08,COMPLETE
257,257,0.6875,2026-04-04 19:15:59.615081,2026-04-04 19:16:06.398268,0 days 00:00:06.783187,389,1,121.7,154.0,1.83,COMPLETE
258,258,0.6875,2026-04-04 19:16:06.409991,2026-04-04 19:16:13.795324,0 days 00:00:07.385333,151,2,124.1,150.8,1.85,COMPLETE
259,259,0.6875,2026-04-04 19:16:13.806590,2026-04-04 19:16:21.564465,0 days 00:00:07.757875,420,1,117.1,160.0,0.6900000000000001,COMPLETE
260,260,0.6875,2026-04-04 19:16:21.576911,2026-04-04 19:16:29.227599,0 days 00:00:07.650688,325,1,114.6,152.3,0.4,COMPLETE
261,261,0.6875,2026-04-04 19:16:29.238889,2026-04-04 19:16:36.876728,0 days 00:00:07.637839,470,2,124.4,154.5,1.56,COMPLETE
262,262,0.6875,2026-04-04 19:16:36.889291,2026-04-04 19:16:44.184005,0 days 00:00:07.294714,342,3,119.2,152.0,1.1,COMPLETE
263,263,0.6875,2026-04-04 19:16:44.195810,2026-04-04 19:16:51.372119,0 days 00:00:07.176309,199,2,115.4,150.4,1.56,COMPLETE
264,264,0.6875,2026-04-04 19:16:51.383665,2026-04-04 19:16:58.292211,0 days 00:00:06.908546,444,2,120.3,152.9,1.2,COMPLETE
265,265,0.6875,2026-04-04 19:16:58.303729,2026-04-04 19:17:05.201251,0 days 00:00:06.897522,407,2,126.1,154.5,0.99,COMPLETE
266,266,0.6875,2026-04-04 19:17:05.212981,2026-04-04 19:17:12.996409,0 days 00:00:07.783428,460,1,113.1,152.4,0.81,COMPLETE
267,267,0.6875,2026-04-04 19:17:13.008073,2026-04-04 19:17:20.879891,0 days 00:00:07.871818,381,1,121.7,159.1,0.9500000000000001,COMPLETE
268,268,0.6875,2026-04-04 19:17:20.891050,2026-04-04 19:17:28.919248,0 days 00:00:08.028198,274,3,126.7,148.7,0.24,COMPLETE
269,269,0.6875,2026-04-04 19:17:28.930776,2026-04-04 19:17:36.867494,0 days 00:00:07.936718,391,1,113.8,154.6,1.35,COMPLETE
270,270,0.6875,2026-04-04 19:17:36.879073,2026-04-04 19:17:44.211141,0 days 00:00:07.332068,240,2,121.2,154.2,0.9500000000000001,COMPLETE
271,271,0.6875,2026-04-04 19:17:44.222835,2026-04-04 19:17:50.627702,0 days 00:00:06.404867,244,1,121.9,154.5,0.64,COMPLETE
272,272,0.6875,2026-04-04 19:17:50.638553,2026-04-04 19:17:57.826882,0 days 00:00:07.188329,384,2,113.7,154.6,0.36,COMPLETE
273,273,0.6875,2026-04-04 19:17:57.839132,2026-04-04 19:18:04.743924,0 days 00:00:06.904792,290,2,116.7,155.2,1.07,COMPLETE
274,274,0.6875,2026-04-04 19:18:04.755570,2026-04-04 19:18:11.261156,0 days 00:00:06.505586,332,1,117.4,156.0,1.1500000000000001,COMPLETE
275,275,0.6875,2026-04-04 19:18:11.273586,2026-04-04 19:18:18.196360,0 days 00:00:06.922774,297,1,117.8,150.5,1.8,COMPLETE
276,276,0.6875,2026-04-04 19:18:18.207940,2026-04-04 19:18:25.435729,0 days 00:00:07.227789,417,3,125.8,149.3,0.3,COMPLETE
277,277,0.6875,2026-04-04 19:18:25.447582,2026-04-04 19:18:32.477902,0 days 00:00:07.030320,379,1,125.6,156.0,1.58,COMPLETE
278,278,0.6875,2026-04-04 19:18:32.489824,2026-04-04 19:18:40.053231,0 days 00:00:07.563407,216,2,119.4,158.7,0.8,COMPLETE
279,279,0.6875,2026-04-04 19:18:40.064564,2026-04-04 19:18:47.778858,0 days 00:00:07.714294,413,1,120.8,148.2,1.05,COMPLETE
280,280,0.6875,2026-04-04 19:18:47.790439,2026-04-04 19:18:55.503867,0 days 00:00:07.713428,395,1,120.9,158.8,1.72,COMPLETE
281,281,0.6875,2026-04-04 19:18:55.515979,2026-04-04 19:19:02.462851,0 days 00:00:06.946872,315,3,118.4,158.7,1.78,COMPLETE
282,282,0.6875,2026-04-04 19:19:02.474296,2026-04-04 19:19:10.003254,0 days 00:00:07.528958,193,3,126.7,155.5,0.11,COMPLETE
283,283,0.6875,2026-04-04 19:19:10.015271,2026-04-04 19:19:18.040800,0 days 00:00:08.025529,189,1,113.0,149.8,0.8200000000000001,COMPLETE
284,284,0.6875,2026-04-04 19:19:18.050206,2026-04-04 19:19:25.606501,0 days 00:00:07.556295,488,2,123.9,149.6,1.5,COMPLETE
285,285,0.6875,2026-04-04 19:19:25.618429,2026-04-04 19:19:32.823693,0 days 00:00:07.205264,159,3,123.4,151.2,0.81,COMPLETE
286,286,0.6875,2026-04-04 19:19:32.831993,2026-04-04 19:19:39.430799,0 days 00:00:06.598806,299,1,124.4,153.2,1.71,COMPLETE
287,287,0.6875,2026-04-04 19:19:39.442870,2026-04-04 19:19:46.140764,0 days 00:00:06.697894,225,3,125.5,151.5,1.62,COMPLETE
288,288,0.6875,2026-04-04 19:19:46.152662,2026-04-04 19:19:53.875589,0 days 00:00:07.722927,179,3,116.1,148.2,0.04,COMPLETE
289,289,0.6875,2026-04-04 19:19:53.887529,2026-04-04 19:20:01.700024,0 days 00:00:07.812495,298,2,119.2,159.4,0.41000000000000003,COMPLETE
290,290,0.6875,2026-04-04 19:20:01.711122,2026-04-04 19:20:09.149279,0 days 00:00:07.438157,252,3,120.0,151.5,0.59,COMPLETE
291,291,0.6875,2026-04-04 19:20:09.160687,2026-04-04 19:20:16.395778,0 days 00:00:07.235091,329,2,113.4,156.3,0.48,COMPLETE
292,292,0.6875,2026-04-04 19:20:16.407669,2026-04-04 19:20:23.359766,0 days 00:00:06.952097,430,1,118.7,159.6,1.59,COMPLETE
293,293,0.6875,2026-04-04 19:20:23.371955,2026-04-04 19:20:31.067876,0 days 00:00:07.695921,219,3,126.8,157.1,0.45,COMPLETE
294,294,0.6875,2026-04-04 19:20:31.079508,2026-04-04 19:20:38.853837,0 days 00:00:07.774329,361,1,114.2,159.5,0.68,COMPLETE
295,295,0.6875,2026-04-04 19:20:38.865968,2026-04-04 19:20:46.274820,0 days 00:00:07.408852,282,3,120.6,155.5,1.08,COMPLETE
296,296,0.6875,2026-04-04 19:20:46.286949,2026-04-04 19:20:53.262356,0 days 00:00:06.975407,442,2,124.7,152.5,1.17,COMPLETE
297,297,0.6875,2026-04-04 19:20:53.277391,2026-04-04 19:21:00.385133,0 days 00:00:07.107742,484,1,117.7,153.3,0.73,COMPLETE
298,298,0.6875,2026-04-04 19:21:00.396874,2026-04-04 19:21:07.084438,0 days 00:00:06.687564,419,1,118.9,155.1,1.22,COMPLETE
299,299,0.6875,2026-04-04 19:21:07.096352,2026-04-04 19:21:14.448718,0 days 00:00:07.352366,209,2,123.6,154.6,0.53,COMPLETE
300,300,0.6875,2026-04-04 19:21:14.460227,2026-04-04 19:21:21.908417,0 days 00:00:07.448190,213,1,114.4,158.3,0.22,COMPLETE
301,301,0.6875,2026-04-04 19:21:21.919369,2026-04-04 19:21:28.610027,0 days 00:00:06.690658,393,1,115.8,156.7,0.9500000000000001,COMPLETE
302,302,0.6875,2026-04-04 19:21:28.621536,2026-04-04 19:21:36.806466,0 days 00:00:08.184930,243,3,126.8,152.1,0.51,COMPLETE
303,303,0.6875,2026-04-04 19:21:36.817538,2026-04-04 19:21:44.575916,0 days 00:00:07.758378,208,2,118.2,148.8,1.01,COMPLETE
304,304,0.6875,2026-04-04 19:21:44.584206,2026-04-04 19:21:52.403778,0 days 00:00:07.819572,187,2,116.0,159.6,0.62,COMPLETE
305,305,0.6875,2026-04-04 19:21:52.414701,2026-04-04 19:22:00.049407,0 days 00:00:07.634706,171,3,125.7,152.8,0.72,COMPLETE
306,306,0.6875,2026-04-04 19:22:00.061243,2026-04-04 19:22:07.301102,0 days 00:00:07.239859,172,1,117.6,153.4,0.3,COMPLETE
307,307,0.825,2026-04-04 19:22:07.312784,2026-04-04 19:22:41.673295,0 days 00:00:34.360511,454,3,122.7,151.4,0.12,COMPLETE
308,308,0.6875,2026-04-04 19:22:41.684856,2026-04-04 19:22:48.718926,0 days 00:00:07.034070,398,1,118.3,148.0,1.47,COMPLETE
309,309,0.6875,2026-04-04 19:22:48.730184,2026-04-04 19:22:56.138837,0 days 00:00:07.408653,344,1,115.8,157.2,1.48,COMPLETE
310,310,0.6875,2026-04-04 19:22:56.150539,2026-04-04 19:23:02.743068,0 days 00:00:06.592529,490,1,116.0,158.8,1.37,COMPLETE
311,311,0.6875,2026-04-04 19:23:02.755091,2026-04-04 19:23:10.596000,0 days 00:00:07.840909,331,2,118.6,148.0,1.8,COMPLETE
312,312,0.6875,2026-04-04 19:23:10.607264,2026-04-04 19:23:18.303335,0 days 00:00:07.696071,270,2,115.4,158.0,0.85,COMPLETE
313,313,0.6875,2026-04-04 19:23:18.315072,2026-04-04 19:23:25.719609,0 days 00:00:07.404537,280,2,124.0,154.4,0.72,COMPLETE
314,314,0.6875,2026-04-04 19:23:25.730686,2026-04-04 19:23:33.050209,0 days 00:00:07.319523,265,1,115.4,152.6,1.04,COMPLETE
315,315,0.6875,2026-04-04 19:23:33.062629,2026-04-04 19:23:39.831007,0 days 00:00:06.768378,261,2,113.3,156.3,0.02,COMPLETE
316,316,0.6875,2026-04-04 19:23:39.842535,2026-04-04 19:23:47.133024,0 days 00:00:07.290489,297,2,121.0,156.2,1.96,COMPLETE
317,317,0.6875,2026-04-04 19:23:47.145010,2026-04-04 19:23:54.217945,0 days 00:00:07.072935,329,2,117.7,152.4,0.55,COMPLETE
318,318,0.6875,2026-04-04 19:23:54.229552,2026-04-04 19:24:00.843285,0 days 00:00:06.613733,434,1,117.7,153.2,1.62,COMPLETE
319,319,0.6875,2026-04-04 19:24:00.854629,2026-04-04 19:24:09.156964,0 days 00:00:08.302335,157,3,126.2,158.4,0.6900000000000001,COMPLETE
320,320,0.6875,2026-04-04 19:24:09.168371,2026-04-04 19:24:16.532797,0 days 00:00:07.364426,273,2,118.2,160.0,0.71,COMPLETE
321,321,0.6875,2026-04-04 19:24:16.544029,2026-04-04 19:24:24.124006,0 days 00:00:07.579977,179,3,125.8,154.4,1.57,COMPLETE
322,322,0.671875,2026-04-04 19:24:24.135613,2026-04-04 19:24:30.723043,0 days 00:00:06.587430,474,3,123.9,152.3,0.34,COMPLETE
323,323,0.6875,2026-04-04 19:24:30.734369,2026-04-04 19:24:37.358810,0 days 00:00:06.624441,402,3,124.2,153.3,0.38,COMPLETE
324,324,0.6875,2026-04-04 19:24:37.370636,2026-04-04 19:24:44.954993,0 days 00:00:07.584357,399,1,113.3,155.8,1.22,COMPLETE
325,325,0.825,2026-04-04 19:24:44.964170,2026-04-04 19:25:20.163073,0 days 00:00:35.198903,474,3,125.1,153.9,0.62,COMPLETE
326,326,0.6875,2026-04-04 19:25:20.174568,2026-04-04 19:25:27.413930,0 days 00:00:07.239362,372,1,122.5,148.3,0.01,COMPLETE
327,327,0.6875,2026-04-04 19:25:27.425599,2026-04-04 19:25:35.655013,0 days 00:00:08.229414,279,3,114.4,160.0,1.1300000000000001,COMPLETE
328,328,0.6875,2026-04-04 19:25:35.666551,2026-04-04 19:25:43.622941,0 days 00:00:07.956390,215,1,126.7,159.9,0.2,COMPLETE
329,329,0.6875,2026-04-04 19:25:43.634432,2026-04-04 19:25:51.804073,0 days 00:00:08.169641,151,1,117.4,150.2,1.6,COMPLETE
330,330,0.6875,2026-04-04 19:25:51.815382,2026-04-04 19:25:59.228757,0 days 00:00:07.413375,206,2,126.0,150.2,0.54,COMPLETE
331,331,0.6875,2026-04-04 19:25:59.240770,2026-04-04 19:26:06.762467,0 days 00:00:07.521697,167,2,117.3,153.2,1.32,COMPLETE
332,332,0.6875,2026-04-04 19:26:06.774108,2026-04-04 19:26:13.430151,0 days 00:00:06.656043,379,2,114.2,150.4,1.04,COMPLETE
333,333,0.825,2026-04-04 19:26:13.442066,2026-04-04 19:26:47.946772,0 days 00:00:34.504706,495,3,121.6,153.0,0.12,COMPLETE
334,334,0.825,2026-04-04 19:26:47.955773,2026-04-04 19:27:22.007108,0 days 00:00:34.051335,489,3,124.7,152.2,0.3,COMPLETE
335,335,0.6875,2026-04-04 19:27:22.018869,2026-04-04 19:27:28.920390,0 days 00:00:06.901521,388,2,125.9,149.4,1.46,COMPLETE
336,336,0.6875,2026-04-04 19:27:28.932457,2026-04-04 19:27:35.904678,0 days 00:00:06.972221,330,2,122.6,152.9,1.82,COMPLETE
337,337,0.6875,2026-04-04 19:27:35.915797,2026-04-04 19:27:42.718016,0 days 00:00:06.802219,498,3,125.7,150.7,0.24,COMPLETE
338,338,0.6875,2026-04-04 19:27:42.726779,2026-04-04 19:27:49.243726,0 days 00:00:06.516947,453,2,126.8,150.8,0.25,COMPLETE
339,339,0.6875,2026-04-04 19:27:49.255962,2026-04-04 19:27:57.220506,0 days 00:00:07.964544,154,1,117.8,149.7,0.16,COMPLETE
340,340,0.6875,2026-04-04 19:27:57.232481,2026-04-04 19:28:03.922141,0 days 00:00:06.689660,205,3,118.9,153.9,1.07,COMPLETE
341,341,0.6875,2026-04-04 19:28:03.934122,2026-04-04 19:28:10.774250,0 days 00:00:06.840128,161,2,116.8,150.7,0.11,COMPLETE
342,342,0.6875,2026-04-04 19:28:10.789689,2026-04-04 19:28:17.395463,0 days 00:00:06.605774,275,3,114.9,148.1,1.1500000000000001,COMPLETE
343,343,0.6875,2026-04-04 19:28:17.407124,2026-04-04 19:28:24.768279,0 days 00:00:07.361155,408,1,113.1,156.9,1.75,COMPLETE
344,344,0.6875,2026-04-04 19:28:24.779656,2026-04-04 19:28:32.935185,0 days 00:00:08.155529,222,3,122.7,153.0,0.9500000000000001,COMPLETE
345,345,0.6875,2026-04-04 19:28:32.947133,2026-04-04 19:28:39.865988,0 days 00:00:06.918855,436,3,121.7,148.5,0.22,COMPLETE
346,346,0.6875,2026-04-04 19:28:39.877503,2026-04-04 19:28:47.541164,0 days 00:00:07.663661,303,2,113.2,152.9,0.4,COMPLETE
347,347,0.6875,2026-04-04 19:28:47.553019,2026-04-04 19:28:54.899553,0 days 00:00:07.346534,284,1,119.4,157.0,0.96,COMPLETE
348,348,0.6875,2026-04-04 19:28:54.911281,2026-04-04 19:29:01.997094,0 days 00:00:07.085813,429,2,122.3,151.7,0.5700000000000001,COMPLETE
349,349,0.6875,2026-04-04 19:29:02.008500,2026-04-04 19:29:08.783619,0 days 00:00:06.775119,479,2,126.5,151.6,1.28,COMPLETE
350,350,0.6875,2026-04-04 19:29:08.795335,2026-04-04 19:29:16.622653,0 days 00:00:07.827318,444,2,114.2,155.4,0.86,COMPLETE
351,351,0.6875,2026-04-04 19:29:16.634286,2026-04-04 19:29:23.655612,0 days 00:00:07.021326,248,1,115.9,150.9,0.55,COMPLETE
352,352,0.6875,2026-04-04 19:29:23.667623,2026-04-04 19:29:30.789727,0 days 00:00:07.122104,477,3,123.6,152.7,0.29,COMPLETE
353,353,0.6875,2026-04-04 19:29:30.801726,2026-04-04 19:29:37.384530,0 days 00:00:06.582804,463,1,125.6,153.4,0.93,COMPLETE
354,354,0.6875,2026-04-04 19:29:37.397180,2026-04-04 19:29:44.606173,0 days 00:00:07.208993,382,2,120.0,151.8,1.23,COMPLETE
355,355,0.6875,2026-04-04 19:29:44.618023,2026-04-04 19:29:51.685926,0 days 00:00:07.067903,464,1,115.1,155.0,0.92,COMPLETE
356,356,0.6875,2026-04-04 19:29:51.698488,2026-04-04 19:29:59.318222,0 days 00:00:07.619734,181,3,121.8,154.6,0.51,COMPLETE
357,357,0.6875,2026-04-04 19:29:59.329503,2026-04-04 19:30:06.351630,0 days 00:00:07.022127,206,2,117.1,159.4,1.21,COMPLETE
358,358,0.6875,2026-04-04 19:30:06.363782,2026-04-04 19:30:13.575440,0 days 00:00:07.211658,383,1,124.6,155.7,1.92,COMPLETE
359,359,0.6875,2026-04-04 19:30:13.587118,2026-04-04 19:30:21.187722,0 days 00:00:07.600604,314,1,115.9,157.9,0.99,COMPLETE
360,360,0.6875,2026-04-04 19:30:21.199318,2026-04-04 19:30:28.735321,0 days 00:00:07.536003,497,3,122.8,151.4,0.47000000000000003,COMPLETE
361,361,0.6875,2026-04-04 19:30:28.747431,2026-04-04 19:30:36.238598,0 days 00:00:07.491167,172,2,118.2,149.3,1.55,COMPLETE
362,362,0.6875,2026-04-04 19:30:36.250628,2026-04-04 19:30:43.385566,0 days 00:00:07.134938,150,3,121.5,154.1,1.96,COMPLETE
363,363,0.825,2026-04-04 19:30:43.397653,2026-04-04 19:31:17.508358,0 days 00:00:34.110705,369,1,119.2,156.0,0.75,COMPLETE
364,364,0.6875,2026-04-04 19:31:17.519772,2026-04-04 19:31:23.956423,0 days 00:00:06.436651,380,2,118.5,155.5,0.99,COMPLETE
365,365,0.6875,2026-04-04 19:31:23.968555,2026-04-04 19:31:30.892241,0 days 00:00:06.923686,369,1,123.4,152.4,1.45,COMPLETE
366,366,0.6875,2026-04-04 19:31:30.903900,2026-04-04 19:31:38.332667,0 days 00:00:07.428767,444,1,114.6,154.5,1.47,COMPLETE
367,367,0.6875,2026-04-04 19:31:38.344343,2026-04-04 19:31:46.651964,0 days 00:00:08.307621,229,3,126.1,149.6,0.52,COMPLETE
368,368,0.6875,2026-04-04 19:31:46.660488,2026-04-04 19:31:53.439192,0 days 00:00:06.778704,271,2,122.1,152.2,0.7000000000000001,COMPLETE
369,369,0.6875,2026-04-04 19:31:53.451553,2026-04-04 19:32:00.145681,0 days 00:00:06.694128,219,3,122.1,150.5,0.89,COMPLETE
370,370,0.6875,2026-04-04 19:32:00.157742,2026-04-04 19:32:06.996124,0 days 00:00:06.838382,429,3,125.6,155.0,1.95,COMPLETE
371,371,0.6875,2026-04-04 19:32:07.005478,2026-04-04 19:32:14.728975,0 days 00:00:07.723497,433,3,114.3,159.0,1.94,COMPLETE
372,372,0.6875,2026-04-04 19:32:14.741028,2026-04-04 19:32:21.707829,0 days 00:00:06.966801,290,2,117.3,157.7,1.74,COMPLETE
373,373,0.6875,2026-04-04 19:32:21.719621,2026-04-04 19:32:28.948591,0 days 00:00:07.228970,237,3,116.3,152.7,0.15,COMPLETE
374,374,0.6875,2026-04-04 19:32:28.960136,2026-04-04 19:32:36.120565,0 days 00:00:07.160429,152,3,120.0,150.1,0.27,COMPLETE
375,375,0.6875,2026-04-04 19:32:36.132943,2026-04-04 19:32:42.871566,0 days 00:00:06.738623,209,1,122.9,148.1,1.35,COMPLETE
376,376,0.6875,2026-04-04 19:32:42.882876,2026-04-04 19:32:50.163230,0 days 00:00:07.280354,330,1,117.8,153.1,1.34,COMPLETE
377,377,0.6875,2026-04-04 19:32:50.174688,2026-04-04 19:32:56.966351,0 days 00:00:06.791663,293,1,114.3,151.1,0.05,COMPLETE
378,378,0.6875,2026-04-04 19:32:56.978213,2026-04-04 19:33:04.763410,0 days 00:00:07.785197,404,2,126.8,153.7,1.5,COMPLETE
379,379,0.6875,2026-04-04 19:33:04.774895,2026-04-04 19:33:12.014517,0 days 00:00:07.239622,385,2,118.5,154.4,1.56,COMPLETE
380,380,0.6875,2026-04-04 19:33:12.026344,2026-04-04 19:33:19.910475,0 days 00:00:07.884131,166,3,126.7,150.9,0.56,COMPLETE
381,381,0.6875,2026-04-04 19:33:19.922671,2026-04-04 19:33:26.558004,0 days 00:00:06.635333,367,1,123.7,152.0,1.92,COMPLETE
382,382,0.825,2026-04-04 19:33:26.569511,2026-04-04 19:34:01.085798,0 days 00:00:34.516287,280,1,118.6,156.5,0.25,COMPLETE
383,383,0.6875,2026-04-04 19:34:01.097254,2026-04-04 19:34:08.467302,0 days 00:00:07.370048,394,1,122.8,148.6,1.6400000000000001,COMPLETE
384,384,0.6875,2026-04-04 19:34:08.479139,2026-04-04 19:34:15.782684,0 days 00:00:07.303545,368,1,119.7,156.6,1.19,COMPLETE
385,385,0.6875,2026-04-04 19:34:15.791861,2026-04-04 19:34:23.028079,0 days 00:00:07.236218,168,2,117.7,152.8,0.09,COMPLETE
386,386,0.6875,2026-04-04 19:34:23.039817,2026-04-04 19:34:30.210572,0 days 00:00:07.170755,256,3,123.9,155.1,0.18,COMPLETE
387,387,0.6875,2026-04-04 19:34:30.223581,2026-04-04 19:34:37.053068,0 days 00:00:06.829487,236,3,125.8,159.5,1.55,COMPLETE
388,388,0.6875,2026-04-04 19:34:37.064442,2026-04-04 19:34:44.678338,0 days 00:00:07.613896,158,3,123.6,150.3,1.19,COMPLETE
389,389,0.6875,2026-04-04 19:34:44.690265,2026-04-04 19:34:52.257185,0 days 00:00:07.566920,471,1,113.1,153.4,1.22,COMPLETE
390,390,0.6875,2026-04-04 19:34:52.267030,2026-04-04 19:35:00.372783,0 days 00:00:08.105753,237,2,124.8,151.7,0.98,COMPLETE
391,391,0.6875,2026-04-04 19:35:00.384245,2026-04-04 19:35:07.368182,0 days 00:00:06.983937,256,3,118.7,152.5,1.37,COMPLETE
392,392,0.6875,2026-04-04 19:35:07.379068,2026-04-04 19:35:14.536109,0 days 00:00:07.157041,366,1,117.7,159.7,1.2,COMPLETE
393,393,0.6875,2026-04-04 19:35:14.547903,2026-04-04 19:35:22.287915,0 days 00:00:07.740012,261,1,113.2,151.1,0.76,COMPLETE
394,394,0.6875,2026-04-04 19:35:22.299376,2026-04-04 19:35:29.955200,0 days 00:00:07.655824,227,2,120.2,158.3,1.82,COMPLETE
395,395,0.6875,2026-04-04 19:35:29.966661,2026-04-04 19:35:37.181104,0 days 00:00:07.214443,500,3,122.5,150.1,0.16,COMPLETE
396,396,0.6875,2026-04-04 19:35:37.192725,2026-04-04 19:35:44.832482,0 days 00:00:07.639757,347,2,115.3,155.9,0.21,COMPLETE
397,397,0.6875,2026-04-04 19:35:44.842258,2026-04-04 19:35:52.523201,0 days 00:00:07.680943,223,2,123.8,155.9,0.92,COMPLETE
398,398,0.6875,2026-04-04 19:35:52.534524,2026-04-04 19:35:59.557027,0 days 00:00:07.022503,432,1,119.3,158.8,0.8200000000000001,COMPLETE
399,399,0.6875,2026-04-04 19:35:59.568752,2026-04-04 19:36:06.502673,0 days 00:00:06.933921,286,2,117.8,159.7,1.9000000000000001,COMPLETE
400,400,0.6875,2026-04-04 19:36:06.514499,2026-04-04 19:36:13.105089,0 days 00:00:06.590590,348,1,117.1,159.8,0.8300000000000001,COMPLETE
401,401,0.6875,2026-04-04 19:36:13.116562,2026-04-04 19:36:20.757425,0 days 00:00:07.640863,320,1,126.8,155.6,1.83,COMPLETE
402,402,0.6875,2026-04-04 19:36:20.769587,2026-04-04 19:36:28.752897,0 days 00:00:07.983310,154,3,115.9,154.9,0.64,COMPLETE
403,403,0.6875,2026-04-04 19:36:28.764931,2026-04-04 19:36:35.425661,0 days 00:00:06.660730,217,2,118.2,151.7,1.35,COMPLETE
404,404,0.6875,2026-04-04 19:36:35.437479,2026-04-04 19:36:42.948752,0 days 00:00:07.511273,190,3,124.2,157.4,0.13,COMPLETE
405,405,0.6875,2026-04-04 19:36:42.961366,2026-04-04 19:36:49.965079,0 days 00:00:07.003713,322,2,118.3,158.2,1.18,COMPLETE
406,406,0.6875,2026-04-04 19:36:49.977164,2026-04-04 19:36:57.521480,0 days 00:00:07.544316,249,3,126.8,155.2,1.07,COMPLETE
407,407,0.6875,2026-04-04 19:36:57.533767,2026-04-04 19:37:04.911936,0 days 00:00:07.378169,382,1,116.8,154.3,0.62,COMPLETE
408,408,0.6875,2026-04-04 19:37:04.923932,2026-04-04 19:37:11.318255,0 days 00:00:06.394323,335,1,116.0,154.5,0.96,COMPLETE
409,409,0.6875,2026-04-04 19:37:11.330452,2026-04-04 19:37:18.751273,0 days 00:00:07.420821,239,1,122.6,153.5,1.99,COMPLETE
410,410,0.6875,2026-04-04 19:37:18.763126,2026-04-04 19:37:25.460045,0 days 00:00:06.696919,447,3,124.4,151.8,0.67,COMPLETE
411,411,0.6875,2026-04-04 19:37:25.471654,2026-04-04 19:37:32.531627,0 days 00:00:07.059973,248,3,126.3,153.7,1.75,COMPLETE
412,412,0.6875,2026-04-04 19:37:32.543562,2026-04-04 19:37:39.591354,0 days 00:00:07.047792,427,3,120.0,153.3,0.55,COMPLETE
413,413,0.6875,2026-04-04 19:37:39.602966,2026-04-04 19:37:47.052675,0 days 00:00:07.449709,202,3,124.7,152.2,1.1500000000000001,COMPLETE
414,414,0.6875,2026-04-04 19:37:47.064648,2026-04-04 19:37:53.900335,0 days 00:00:06.835687,364,1,119.9,150.0,1.85,COMPLETE
415,415,0.6875,2026-04-04 19:37:53.912331,2026-04-04 19:38:01.084367,0 days 00:00:07.172036,161,3,120.2,152.0,0.74,COMPLETE
416,416,0.6875,2026-04-04 19:38:01.092519,2026-04-04 19:38:07.852721,0 days 00:00:06.760202,164,3,124.5,153.5,0.56,COMPLETE
417,417,0.6875,2026-04-04 19:38:07.864450,2026-04-04 19:38:14.722935,0 days 00:00:06.858485,154,3,126.6,157.3,0.37,COMPLETE
418,418,0.6875,2026-04-04 19:38:14.734640,2026-04-04 19:38:22.478693,0 days 00:00:07.744053,299,2,115.9,155.0,0.43,COMPLETE
419,419,0.6875,2026-04-04 19:38:22.490203,2026-04-04 19:38:30.053313,0 days 00:00:07.563110,151,2,123.1,153.4,0.85,COMPLETE
420,420,0.6875,2026-04-04 19:38:30.065333,2026-04-04 19:38:36.817428,0 days 00:00:06.752095,362,2,121.6,153.4,1.1500000000000001,COMPLETE
421,421,0.6875,2026-04-04 19:38:36.829078,2026-04-04 19:38:43.756412,0 days 00:00:06.927334,307,3,118.0,152.8,0.7000000000000001,COMPLETE
422,422,0.6875,2026-04-04 19:38:43.767910,2026-04-04 19:38:50.922011,0 days 00:00:07.154101,244,3,123.2,150.2,0.39,COMPLETE
423,423,0.6875,2026-04-04 19:38:50.933599,2026-04-04 19:38:57.788649,0 days 00:00:06.855050,215,2,119.8,151.2,0.03,COMPLETE
424,424,0.6875,2026-04-04 19:38:57.799963,2026-04-04 19:39:04.810671,0 days 00:00:07.010708,400,1,116.4,157.0,1.01,COMPLETE
425,425,0.6875,2026-04-04 19:39:04.822138,2026-04-04 19:39:11.508122,0 days 00:00:06.685984,483,1,115.7,155.8,1.21,COMPLETE
426,426,0.825,2026-04-04 19:39:11.519664,2026-04-04 19:39:46.183805,0 days 00:00:34.664141,431,3,124.5,154.0,0.06,COMPLETE
427,427,0.6875,2026-04-04 19:39:46.195587,2026-04-04 19:39:53.342676,0 days 00:00:07.147089,222,3,125.9,151.0,0.07,COMPLETE
428,428,0.6875,2026-04-04 19:39:53.354146,2026-04-04 19:40:00.111320,0 days 00:00:06.757174,197,3,126.6,148.2,1.1400000000000001,COMPLETE
429,429,0.6875,2026-04-04 19:40:00.123817,2026-04-04 19:40:06.914155,0 days 00:00:06.790338,172,3,125.0,150.9,1.6500000000000001,COMPLETE
430,430,0.6875,2026-04-04 19:40:06.926118,2026-04-04 19:40:13.979948,0 days 00:00:07.053830,178,3,118.6,153.0,0.1,COMPLETE
431,431,0.6875,2026-04-04 19:40:13.992276,2026-04-04 19:40:20.967040,0 days 00:00:06.974764,224,2,118.9,159.1,0.97,COMPLETE
432,432,0.6875,2026-04-04 19:40:20.978695,2026-04-04 19:40:27.747944,0 days 00:00:06.769249,458,2,117.1,155.2,1.17,COMPLETE
433,433,0.6875,2026-04-04 19:40:27.760000,2026-04-04 19:40:35.187588,0 days 00:00:07.427588,316,1,113.0,149.8,0.78,COMPLETE
434,434,0.6875,2026-04-04 19:40:35.199594,2026-04-04 19:40:43.565470,0 days 00:00:08.365876,183,1,122.5,159.3,1.97,COMPLETE
435,435,0.6875,2026-04-04 19:40:43.573948,2026-04-04 19:40:51.179748,0 days 00:00:07.605800,417,1,118.6,148.5,1.54,COMPLETE
436,436,0.6875,2026-04-04 19:40:51.188625,2026-04-04 19:40:58.301092,0 days 00:00:07.112467,450,1,121.1,155.6,0.89,COMPLETE
437,437,0.6875,2026-04-04 19:40:58.312764,2026-04-04 19:41:06.234838,0 days 00:00:07.922074,178,2,114.6,148.9,1.2,COMPLETE
438,438,0.6875,2026-04-04 19:41:06.246824,2026-04-04 19:41:13.686817,0 days 00:00:07.439993,490,3,124.4,148.9,0.8200000000000001,COMPLETE
439,439,0.6875,2026-04-04 19:41:13.698838,2026-04-04 19:41:21.290042,0 days 00:00:07.591204,312,1,119.8,157.6,1.3800000000000001,COMPLETE
440,440,0.6875,2026-04-04 19:41:21.301673,2026-04-04 19:41:28.797086,0 days 00:00:07.495413,261,2,115.1,150.9,1.04,COMPLETE
441,441,0.6875,2026-04-04 19:41:28.809056,2026-04-04 19:41:35.513544,0 days 00:00:06.704488,468,1,114.5,154.3,0.77,COMPLETE
442,442,0.6875,2026-04-04 19:41:35.525745,2026-04-04 19:41:43.313377,0 days 00:00:07.787632,452,3,126.3,152.2,1.56,COMPLETE
443,443,0.6875,2026-04-04 19:41:43.325117,2026-04-04 19:41:50.637958,0 days 00:00:07.312841,338,1,122.2,155.7,1.0,COMPLETE
444,444,0.6875,2026-04-04 19:41:50.649918,2026-04-04 19:41:57.561811,0 days 00:00:06.911893,247,3,119.0,153.8,0.78,COMPLETE
445,445,0.6875,2026-04-04 19:41:57.573635,2026-04-04 19:42:04.411567,0 days 00:00:06.837932,229,2,114.6,151.5,0.32,COMPLETE
446,446,0.6875,2026-04-04 19:42:04.423299,2026-04-04 19:42:11.653746,0 days 00:00:07.230447,311,2,115.9,159.9,0.99,COMPLETE
447,447,0.6875,2026-04-04 19:42:11.665191,2026-04-04 19:42:19.117144,0 days 00:00:07.451953,204,2,118.8,152.0,0.55,COMPLETE
448,448,0.6875,2026-04-04 19:42:19.128959,2026-04-04 19:42:26.078654,0 days 00:00:06.949695,166,3,123.1,152.4,0.99,COMPLETE
449,449,0.6875,2026-04-04 19:42:26.090909,2026-04-04 19:42:33.469216,0 days 00:00:07.378307,319,2,113.5,152.6,1.55,COMPLETE
450,450,0.6875,2026-04-04 19:42:33.481124,2026-04-04 19:42:40.310747,0 days 00:00:06.829623,274,3,113.5,155.4,0.12,COMPLETE
451,451,0.6875,2026-04-04 19:42:40.322959,2026-04-04 19:42:47.148522,0 days 00:00:06.825563,419,1,116.8,159.5,1.0,COMPLETE
452,452,0.6875,2026-04-04 19:42:47.160879,2026-04-04 19:42:54.610189,0 days 00:00:07.449310,465,2,125.4,153.7,1.24,COMPLETE
453,453,0.6875,2026-04-04 19:42:54.622391,2026-04-04 19:43:01.397707,0 days 00:00:06.775316,500,2,123.7,149.2,0.56,COMPLETE
454,454,0.6875,2026-04-04 19:43:01.409172,2026-04-04 19:43:07.975534,0 days 00:00:06.566362,452,3,123.7,150.8,0.33,COMPLETE
455,455,0.6875,2026-04-04 19:43:07.987354,2026-04-04 19:43:14.886077,0 days 00:00:06.898723,372,1,124.2,154.4,1.6300000000000001,COMPLETE
456,456,0.6875,2026-04-04 19:43:14.894422,2026-04-04 19:43:22.176461,0 days 00:00:07.282039,262,1,122.1,148.1,0.55,COMPLETE
457,457,0.6875,2026-04-04 19:43:22.188450,2026-04-04 19:43:28.951587,0 days 00:00:06.763137,458,2,126.8,149.5,0.96,COMPLETE
458,458,0.6875,2026-04-04 19:43:28.963221,2026-04-04 19:43:36.718621,0 days 00:00:07.755400,232,2,120.5,155.9,0.61,COMPLETE
459,459,0.6875,2026-04-04 19:43:36.730366,2026-04-04 19:43:43.448902,0 days 00:00:06.718536,213,2,121.9,154.1,0.22,COMPLETE
460,460,0.6875,2026-04-04 19:43:43.460840,2026-04-04 19:43:50.438867,0 days 00:00:06.978027,435,1,116.6,151.7,1.11,COMPLETE
461,461,0.825,2026-04-04 19:43:50.447258,2026-04-04 19:43:56.296068,0 days 00:00:05.848810,478,2,125.5,152.9,0.6,COMPLETE
462,462,0.6875,2026-04-04 19:43:56.307763,2026-04-04 19:44:04.153947,0 days 00:00:07.846184,392,1,116.0,155.4,1.25,COMPLETE
463,463,0.6875,2026-04-04 19:44:04.166284,2026-04-04 19:44:12.318844,0 days 00:00:08.152560,269,3,127.0,149.9,0.79,COMPLETE
464,464,0.6875,2026-04-04 19:44:12.330407,2026-04-04 19:44:19.369140,0 days 00:00:07.038733,190,2,123.0,151.1,0.53,COMPLETE
465,465,0.6875,2026-04-04 19:44:19.380967,2026-04-04 19:44:27.078669,0 days 00:00:07.697702,238,1,115.2,159.6,1.22,COMPLETE
466,466,0.6875,2026-04-04 19:44:27.090105,2026-04-04 19:44:33.849422,0 days 00:00:06.759317,252,2,117.9,159.2,1.42,COMPLETE
467,467,0.825,2026-04-04 19:44:33.861997,2026-04-04 19:45:08.484269,0 days 00:00:34.622272,473,2,122.5,152.3,0.15,COMPLETE
468,468,0.6875,2026-04-04 19:45:08.496458,2026-04-04 19:45:15.524917,0 days 00:00:07.028459,285,2,119.0,153.8,1.41,COMPLETE
469,469,0.6875,2026-04-04 19:45:15.537336,2026-04-04 19:45:22.230604,0 days 00:00:06.693268,359,1,117.6,156.3,1.04,COMPLETE
470,470,0.6875,2026-04-04 19:45:22.241813,2026-04-04 19:45:29.886892,0 days 00:00:07.645079,251,2,125.9,158.4,0.15,COMPLETE
471,471,0.6875,2026-04-04 19:45:29.898937,2026-04-04 19:45:38.064286,0 days 00:00:08.165349,202,3,119.1,148.1,1.19,COMPLETE
472,472,0.6875,2026-04-04 19:45:38.075963,2026-04-04 19:45:45.511355,0 days 00:00:07.435392,364,1,113.1,156.0,0.75,COMPLETE
473,473,0.6875,2026-04-04 19:45:45.523450,2026-04-04 19:45:52.928535,0 days 00:00:07.405085,270,1,116.3,148.4,0.58,COMPLETE
474,474,0.6875,2026-04-04 19:45:52.940102,2026-04-04 19:46:01.065248,0 days 00:00:08.125146,170,3,126.7,155.2,0.42,COMPLETE
475,475,0.6875,2026-04-04 19:46:01.076772,2026-04-04 19:46:08.015151,0 days 00:00:06.938379,282,1,125.2,159.9,1.11,COMPLETE
476,476,0.6875,2026-04-04 19:46:08.026616,2026-04-04 19:46:15.707259,0 days 00:00:07.680643,188,3,126.9,150.1,0.39,COMPLETE
477,477,0.6875,2026-04-04 19:46:15.718606,2026-04-04 19:46:23.111709,0 days 00:00:07.393103,241,3,117.4,151.3,0.8200000000000001,COMPLETE
478,478,0.6875,2026-04-04 19:46:23.122932,2026-04-04 19:46:29.665346,0 days 00:00:06.542414,268,2,117.6,149.2,1.54,COMPLETE
479,479,0.6875,2026-04-04 19:46:29.673902,2026-04-04 19:46:36.763027,0 days 00:00:07.089125,191,3,122.0,151.7,0.75,COMPLETE
480,480,0.6875,2026-04-04 19:46:36.776708,2026-04-04 19:46:43.646988,0 days 00:00:06.870280,214,3,126.0,153.3,1.59,COMPLETE
481,481,0.6875,2026-04-04 19:46:43.658522,2026-04-04 19:46:51.039079,0 days 00:00:07.380557,159,2,119.9,153.4,0.05,COMPLETE
482,482,0.6875,2026-04-04 19:46:51.050949,2026-04-04 19:46:58.095095,0 days 00:00:07.044146,236,2,126.1,155.7,0.61,COMPLETE
483,483,0.6875,2026-04-04 19:46:58.106891,2026-04-04 19:47:05.022449,0 days 00:00:06.915558,281,3,121.5,152.6,1.05,COMPLETE
484,484,0.6875,2026-04-04 19:47:05.033838,2026-04-04 19:47:12.046015,0 days 00:00:07.012177,447,2,127.0,152.5,1.79,COMPLETE
485,485,0.6875,2026-04-04 19:47:12.058101,2026-04-04 19:47:19.779153,0 days 00:00:07.721052,455,2,117.0,158.9,1.03,COMPLETE
486,486,0.6875,2026-04-04 19:47:19.791084,2026-04-04 19:47:26.710633,0 days 00:00:06.919549,416,2,122.2,156.1,1.46,COMPLETE
487,487,0.6875,2026-04-04 19:47:26.722696,2026-04-04 19:47:33.972122,0 days 00:00:07.249426,428,1,115.1,159.3,0.12,COMPLETE
488,488,0.6875,2026-04-04 19:47:33.984076,2026-04-04 19:47:40.878191,0 days 00:00:06.894115,245,1,117.9,158.0,1.86,COMPLETE
489,489,0.6875,2026-04-04 19:47:40.889946,2026-04-04 19:47:47.968479,0 days 00:00:07.078533,252,3,123.3,153.9,1.93,COMPLETE
490,490,0.6875,2026-04-04 19:47:47.980434,2026-04-04 19:47:54.694706,0 days 00:00:06.714272,363,2,120.4,154.1,0.71,COMPLETE
491,491,0.6875,2026-04-04 19:47:54.706467,2026-04-04 19:48:01.495581,0 days 00:00:06.789114,360,2,118.8,156.9,1.86,COMPLETE
492,492,0.6875,2026-04-04 19:48:01.507540,2026-04-04 19:48:09.268658,0 days 00:00:07.761118,185,3,125.4,152.0,0.88,COMPLETE
493,493,0.6875,2026-04-04 19:48:09.280803,2026-04-04 19:48:16.831655,0 days 00:00:07.550852,422,1,114.3,154.5,1.05,COMPLETE
494,494,0.6875,2026-04-04 19:48:16.843155,2026-04-04 19:48:23.297029,0 days 00:00:06.453874,387,1,113.4,153.3,1.6,COMPLETE
495,495,0.6875,2026-04-04 19:48:23.308644,2026-04-04 19:48:31.062924,0 days 00:00:07.754280,490,3,126.1,153.4,1.02,COMPLETE
496,496,0.6875,2026-04-04 19:48:31.078220,2026-04-04 19:48:39.244705,0 days 00:00:08.166485,290,1,113.2,151.4,0.58,COMPLETE
497,497,0.6875,2026-04-04 19:48:39.260251,2026-04-04 19:48:47.069254,0 days 00:00:07.809003,196,3,124.6,152.1,0.67,COMPLETE
498,498,0.6875,2026-04-04 19:48:47.081024,2026-04-04 19:48:53.899007,0 days 00:00:06.817983,443,3,126.6,151.5,0.18,COMPLETE
499,499,0.6875,2026-04-04 19:48:53.911021,2026-04-04 19:49:02.396191,0 days 00:00:08.485170,353,1,113.5,158.5,1.28,COMPLETE
500,500,0.6875,2026-04-04 19:49:02.409750,2026-04-04 19:49:09.204959,0 days 00:00:06.795209,350,2,113.5,156.5,0.28,COMPLETE
501,501,0.6875,2026-04-04 19:49:09.216912,2026-04-04 19:49:16.173681,0 days 00:00:06.956769,307,1,118.5,156.1,0.72,COMPLETE
502,502,0.6875,2026-04-04 19:49:16.185295,2026-04-04 19:49:23.514515,0 days 00:00:07.329220,454,1,118.3,148.1,1.6600000000000001,COMPLETE
503,503,0.6875,2026-04-04 19:49:23.526616,2026-04-04 19:49:31.758368,0 days 00:00:08.231752,234,2,116.8,159.8,0.91,COMPLETE
504,504,0.6875,2026-04-04 19:49:31.769803,2026-04-04 19:49:38.468109,0 days 00:00:06.698306,465,3,114.9,159.5,0.01,COMPLETE
505,505,0.6875,2026-04-04 19:49:38.479324,2026-04-04 19:49:45.992032,0 days 00:00:07.512708,319,1,120.6,153.7,1.02,COMPLETE
506,506,0.6875,2026-04-04 19:49:46.003682,2026-04-04 19:49:52.695947,0 days 00:00:06.692265,411,1,120.9,149.4,1.3900000000000001,COMPLETE
507,507,0.6875,2026-04-04 19:49:52.707503,2026-04-04 19:49:59.773547,0 days 00:00:07.066044,247,1,123.5,152.9,0.9400000000000001,COMPLETE
508,508,0.6875,2026-04-04 19:49:59.785894,2026-04-04 19:50:06.267149,0 days 00:00:06.481255,248,3,123.0,153.7,0.56,COMPLETE
509,509,0.6875,2026-04-04 19:50:06.279616,2026-04-04 19:50:13.100546,0 days 00:00:06.820930,236,1,119.1,155.0,1.18,COMPLETE
510,510,0.6875,2026-04-04 19:50:13.112581,2026-04-04 19:50:20.379900,0 days 00:00:07.267319,234,3,126.8,156.1,0.19,COMPLETE
511,511,0.6875,2026-04-04 19:50:20.391873,2026-04-04 19:50:28.114895,0 days 00:00:07.723022,249,2,118.0,149.2,0.17,COMPLETE
512,512,0.6875,2026-04-04 19:50:28.126805,2026-04-04 19:50:34.850689,0 days 00:00:06.723884,365,2,119.7,148.1,1.03,COMPLETE
513,513,0.6875,2026-04-04 19:50:34.862372,2026-04-04 19:50:42.231067,0 days 00:00:07.368695,488,2,126.9,153.1,1.34,COMPLETE
514,514,0.6875,2026-04-04 19:50:42.242836,2026-04-04 19:50:50.232878,0 days 00:00:07.990042,173,2,122.4,159.2,0.53,COMPLETE
515,515,0.6875,2026-04-04 19:50:50.244886,2026-04-04 19:50:57.227070,0 days 00:00:06.982184,362,1,123.2,154.4,2.0,COMPLETE
516,516,0.6875,2026-04-04 19:50:57.238669,2026-04-04 19:51:04.190918,0 days 00:00:06.952249,401,1,120.1,158.1,0.96,COMPLETE
517,517,0.6875,2026-04-04 19:51:04.202676,2026-04-04 19:51:11.049690,0 days 00:00:06.847014,315,2,119.4,160.0,1.58,COMPLETE
518,518,0.825,2026-04-04 19:51:11.061293,2026-04-04 19:51:45.528985,0 days 00:00:34.467692,457,3,122.9,154.9,0.34,COMPLETE
519,519,0.6875,2026-04-04 19:51:45.540359,2026-04-04 19:51:53.495518,0 days 00:00:07.955159,251,1,113.0,149.1,0.8300000000000001,COMPLETE
520,520,0.6875,2026-04-04 19:51:53.506992,2026-04-04 19:52:01.634431,0 days 00:00:08.127439,197,2,126.3,153.1,1.49,COMPLETE
521,521,0.6875,2026-04-04 19:52:01.646785,2026-04-04 19:52:09.309811,0 days 00:00:07.663026,387,1,116.3,159.2,0.56,COMPLETE
522,522,0.6875,2026-04-04 19:52:09.320507,2026-04-04 19:52:16.110641,0 days 00:00:06.790134,246,2,116.7,157.9,0.54,COMPLETE
523,523,0.6875,2026-04-04 19:52:16.122902,2026-04-04 19:52:23.316947,0 days 00:00:07.194045,258,3,114.5,150.0,1.75,COMPLETE
524,524,0.6875,2026-04-04 19:52:23.328889,2026-04-04 19:52:30.722177,0 days 00:00:07.393288,458,3,124.2,149.9,0.32,COMPLETE
525,525,0.6875,2026-04-04 19:52:30.731704,2026-04-04 19:52:38.314665,0 days 00:00:07.582961,350,1,124.1,158.8,0.32,COMPLETE
526,526,0.6875,2026-04-04 19:52:38.326356,2026-04-04 19:52:45.394742,0 days 00:00:07.068386,426,1,125.7,152.2,1.4000000000000001,COMPLETE
527,527,0.6875,2026-04-04 19:52:45.406898,2026-04-04 19:52:53.140260,0 days 00:00:07.733362,433,1,113.3,155.2,1.06,COMPLETE
528,528,0.6875,2026-04-04 19:52:53.151756,2026-04-04 19:53:00.395277,0 days 00:00:07.243521,329,1,114.1,148.6,1.79,COMPLETE
529,529,0.6875,2026-04-04 19:53:00.407470,2026-04-04 19:53:07.474499,0 days 00:00:07.067029,302,1,114.5,155.9,1.45,COMPLETE
530,530,0.6875,2026-04-04 19:53:07.486254,2026-04-04 19:53:14.757241,0 days 00:00:07.270987,167,2,115.9,150.8,1.0,COMPLETE
531,531,0.6875,2026-04-04 19:53:14.769300,2026-04-04 19:53:21.697925,0 days 00:00:06.928625,188,2,121.9,150.0,0.97,COMPLETE
532,532,0.6875,2026-04-04 19:53:21.709645,2026-04-04 19:53:28.687560,0 days 00:00:06.977915,396,2,119.7,154.7,1.23,COMPLETE
533,533,0.6875,2026-04-04 19:53:28.699223,2026-04-04 19:53:35.695619,0 days 00:00:06.996396,380,1,114.2,151.9,1.17,COMPLETE
534,534,0.6875,2026-04-04 19:53:35.707504,2026-04-04 19:53:43.068845,0 days 00:00:07.361341,334,3,119.0,157.8,0.81,COMPLETE
535,535,0.6875,2026-04-04 19:53:43.077517,2026-04-04 19:53:51.043757,0 days 00:00:07.966240,177,2,126.7,153.0,0.27,COMPLETE
536,536,0.6875,2026-04-04 19:53:51.055595,2026-04-04 19:53:57.934221,0 days 00:00:06.878626,484,3,122.2,153.7,0.64,COMPLETE
537,537,0.6875,2026-04-04 19:53:57.946089,2026-04-04 19:54:05.086000,0 days 00:00:07.139911,237,3,119.1,152.2,1.0,COMPLETE
538,538,0.6875,2026-04-04 19:54:05.097783,2026-04-04 19:54:11.877517,0 days 00:00:06.779734,160,2,118.9,150.3,1.24,COMPLETE
539,539,0.6875,2026-04-04 19:54:11.889035,2026-04-04 19:54:18.796442,0 days 00:00:06.907407,203,1,113.4,151.5,0.48,COMPLETE
540,540,0.6875,2026-04-04 19:54:18.808144,2026-04-04 19:54:25.925597,0 days 00:00:07.117453,401,1,118.6,156.7,1.4000000000000001,COMPLETE
541,541,0.825,2026-04-04 19:54:25.937180,2026-04-04 19:55:22.187936,0 days 00:00:56.250756,492,3,125.5,154.1,0.28,COMPLETE
542,542,0.6875,2026-04-04 19:55:22.199412,2026-04-04 19:55:29.601429,0 days 00:00:07.402017,319,2,120.8,157.6,1.55,COMPLETE
543,543,0.6875,2026-04-04 19:55:29.613103,2026-04-04 19:55:36.342341,0 days 00:00:06.729238,350,1,118.1,155.2,1.21,COMPLETE
544,544,0.6875,2026-04-04 19:55:36.354036,2026-04-04 19:55:43.110753,0 days 00:00:06.756717,426,1,113.8,156.3,1.4000000000000001,COMPLETE
545,545,0.6875,2026-04-04 19:55:43.119716,2026-04-04 19:55:51.120539,0 days 00:00:08.000823,163,3,122.7,153.6,1.34,COMPLETE
546,546,0.6875,2026-04-04 19:55:51.135124,2026-04-04 19:55:58.421667,0 days 00:00:07.286543,478,1,113.7,152.1,1.72,COMPLETE
547,547,0.6875,2026-04-04 19:55:58.433074,2026-04-04 19:56:05.969407,0 days 00:00:07.536333,179,2,118.0,150.2,0.03,COMPLETE
548,548,0.6875,2026-04-04 19:56:05.981187,2026-04-04 19:56:12.595632,0 days 00:00:06.614445,351,2,114.3,149.8,0.32,COMPLETE
549,549,0.6875,2026-04-04 19:56:12.602924,2026-04-04 19:56:19.407030,0 days 00:00:06.804106,270,1,113.7,150.0,0.41000000000000003,COMPLETE
550,550,0.6875,2026-04-04 19:56:19.419148,2026-04-04 19:56:27.320816,0 days 00:00:07.901668,363,1,126.6,150.9,0.74,COMPLETE
551,551,0.6875,2026-04-04 19:56:27.329226,2026-04-04 19:56:34.161089,0 days 00:00:06.831863,488,1,123.4,154.5,1.72,COMPLETE
552,552,0.6875,2026-04-04 19:56:34.173029,2026-04-04 19:56:41.230029,0 days 00:00:07.057000,201,2,121.7,153.6,0.65,COMPLETE
553,553,0.6875,2026-04-04 19:56:41.241588,2026-04-04 19:56:48.171289,0 days 00:00:06.929701,152,3,125.9,152.9,1.6400000000000001,COMPLETE
554,554,0.6875,2026-04-04 19:56:48.183462,2026-04-04 19:56:54.787475,0 days 00:00:06.604013,267,3,123.4,150.7,1.21,COMPLETE
555,555,0.6875,2026-04-04 19:56:54.799328,2026-04-04 19:57:02.131134,0 days 00:00:07.331806,323,1,119.6,159.4,0.89,COMPLETE
556,556,0.6875,2026-04-04 19:57:02.142576,2026-04-04 19:57:08.947435,0 days 00:00:06.804859,374,2,115.9,157.8,0.6,COMPLETE
557,557,0.6875,2026-04-04 19:57:08.959656,2026-04-04 19:57:16.857266,0 days 00:00:07.897610,216,2,117.7,149.5,1.21,COMPLETE
558,558,0.6875,2026-04-04 19:57:16.868945,2026-04-04 19:57:24.367894,0 days 00:00:07.498949,204,3,126.2,153.7,0.32,COMPLETE
559,559,0.6875,2026-04-04 19:57:24.380054,2026-04-04 19:57:32.023168,0 days 00:00:07.643114,313,2,114.0,154.6,0.43,COMPLETE
560,560,0.825,2026-04-04 19:57:32.034657,2026-04-04 19:58:06.735760,0 days 00:00:34.701103,365,2,121.9,156.3,0.0,COMPLETE
561,561,0.6875,2026-04-04 19:58:06.747954,2026-04-04 19:58:14.325707,0 days 00:00:07.577753,171,3,116.1,160.0,1.06,COMPLETE
562,562,0.6875,2026-04-04 19:58:14.335493,2026-04-04 19:58:21.751357,0 days 00:00:07.415864,498,3,121.2,151.0,0.64,COMPLETE
563,563,0.6875,2026-04-04 19:58:21.764046,2026-04-04 19:58:28.385558,0 days 00:00:06.621512,494,3,124.7,151.0,0.68,COMPLETE
564,564,0.6875,2026-04-04 19:58:28.397115,2026-04-04 19:58:36.209171,0 days 00:00:07.812056,279,2,119.8,159.6,0.89,COMPLETE
565,565,0.6875,2026-04-04 19:58:36.221283,2026-04-04 19:58:43.768526,0 days 00:00:07.547243,192,3,123.4,152.4,0.85,COMPLETE
566,566,0.6875,2026-04-04 19:58:43.780593,2026-04-04 19:58:50.548587,0 days 00:00:06.767994,371,3,122.2,148.9,0.67,COMPLETE
567,567,0.6875,2026-04-04 19:58:50.560410,2026-04-04 19:58:57.863939,0 days 00:00:07.303529,306,1,123.0,154.5,1.6400000000000001,COMPLETE
568,568,0.6875,2026-04-04 19:58:57.875674,2026-04-04 19:59:05.088474,0 days 00:00:07.212800,332,1,116.4,157.1,1.33,COMPLETE
569,569,0.6875,2026-04-04 19:59:05.100764,2026-04-04 19:59:11.825899,0 days 00:00:06.725135,387,1,117.7,159.3,0.92,COMPLETE
570,570,0.6875,2026-04-04 19:59:11.837631,2026-04-04 19:59:18.624642,0 days 00:00:06.787011,385,1,115.7,155.3,1.82,COMPLETE
571,571,0.6875,2026-04-04 19:59:18.636538,2026-04-04 19:59:25.634325,0 days 00:00:06.997787,297,1,115.6,154.9,0.25,COMPLETE
572,572,0.6875,2026-04-04 19:59:25.646483,2026-04-04 19:59:32.356558,0 days 00:00:06.710075,309,2,119.1,154.5,1.03,COMPLETE
573,573,0.6875,2026-04-04 19:59:32.368472,2026-04-04 19:59:39.184039,0 days 00:00:06.815567,402,3,123.1,153.8,1.12,COMPLETE
574,574,0.6875,2026-04-04 19:59:39.196628,2026-04-04 19:59:46.625352,0 days 00:00:07.428724,218,2,117.8,152.3,0.09,COMPLETE
575,575,0.6875,2026-04-04 19:59:46.637298,2026-04-04 19:59:53.625778,0 days 00:00:06.988480,378,1,120.1,148.1,1.74,COMPLETE
576,576,0.6875,2026-04-04 19:59:53.635834,2026-04-04 20:00:00.386033,0 days 00:00:06.750199,358,1,119.3,152.1,1.22,COMPLETE
577,577,0.6875,2026-04-04 20:00:00.397682,2026-04-04 20:00:07.201778,0 days 00:00:06.804096,357,2,116.5,153.8,1.21,COMPLETE
578,578,0.6875,2026-04-04 20:00:07.213634,2026-04-04 20:00:14.145306,0 days 00:00:06.931672,383,2,120.6,157.0,0.77,COMPLETE
579,579,0.6875,2026-04-04 20:00:14.157466,2026-04-04 20:00:21.668173,0 days 00:00:07.510707,271,2,125.8,152.2,0.03,COMPLETE
580,580,0.6875,2026-04-04 20:00:21.679684,2026-04-04 20:00:29.436376,0 days 00:00:07.756692,229,3,115.3,153.5,0.99,COMPLETE
581,581,0.6875,2026-04-04 20:00:29.449640,2026-04-04 20:00:37.039778,0 days 00:00:07.590138,450,2,126.6,152.2,1.17,COMPLETE
582,582,0.6875,2026-04-04 20:00:37.051068,2026-04-04 20:00:43.929278,0 days 00:00:06.878210,485,2,126.3,157.2,1.62,COMPLETE
583,583,0.6875,2026-04-04 20:00:43.941275,2026-04-04 20:00:52.065589,0 days 00:00:08.124314,208,2,116.0,157.9,1.85,COMPLETE
584,584,0.6875,2026-04-04 20:00:52.077155,2026-04-04 20:00:58.847335,0 days 00:00:06.770180,314,1,117.9,154.7,1.7,COMPLETE
585,585,0.6875,2026-04-04 20:00:58.859689,2026-04-04 20:01:05.846551,0 days 00:00:06.986862,450,2,116.3,149.8,1.3800000000000001,COMPLETE
586,586,0.6875,2026-04-04 20:01:05.858159,2026-04-04 20:01:13.529621,0 days 00:00:07.671462,270,1,115.7,158.4,0.6900000000000001,COMPLETE
587,587,0.6875,2026-04-04 20:01:13.541907,2026-04-04 20:01:20.300189,0 days 00:00:06.758282,447,1,115.9,154.1,1.33,COMPLETE
588,588,0.6875,2026-04-04 20:01:20.312417,2026-04-04 20:01:28.049037,0 days 00:00:07.736620,207,3,123.2,156.3,0.6900000000000001,COMPLETE
589,589,0.6875,2026-04-04 20:01:28.061256,2026-04-04 20:01:34.797162,0 days 00:00:06.735906,395,1,120.7,156.1,1.1500000000000001,COMPLETE
590,590,0.6875,2026-04-04 20:01:34.809204,2026-04-04 20:01:42.319451,0 days 00:00:07.510247,202,3,124.9,151.6,2.0,COMPLETE
591,591,0.6875,2026-04-04 20:01:42.331185,2026-04-04 20:01:49.678969,0 days 00:00:07.347784,159,2,126.1,156.9,0.11,COMPLETE
592,592,0.6875,2026-04-04 20:01:49.690817,2026-04-04 20:01:56.978970,0 days 00:00:07.288153,421,1,117.1,156.6,0.72,COMPLETE
593,593,0.6875,2026-04-04 20:01:56.990683,2026-04-04 20:02:03.833277,0 days 00:00:06.842594,308,2,114.1,157.7,0.32,COMPLETE
594,594,0.6875,2026-04-04 20:02:03.845008,2026-04-04 20:02:12.074453,0 days 00:00:08.229445,221,3,125.4,148.8,0.67,COMPLETE
595,595,0.6875,2026-04-04 20:02:12.087834,2026-04-04 20:02:19.469027,0 days 00:00:07.381193,354,1,116.6,148.0,1.44,COMPLETE
596,596,0.825,2026-04-04 20:02:19.480841,2026-04-04 20:02:54.923804,0 days 00:00:35.442963,428,3,123.2,152.8,0.44,COMPLETE
597,597,0.6875,2026-04-04 20:02:54.935708,2026-04-04 20:03:02.380405,0 days 00:00:07.444697,157,3,124.6,151.0,0.47000000000000003,COMPLETE
598,598,0.6875,2026-04-04 20:03:02.392164,2026-04-04 20:03:08.968552,0 days 00:00:06.576388,242,3,125.9,151.8,0.4,COMPLETE
599,599,0.6875,2026-04-04 20:03:08.980194,2026-04-04 20:03:16.635972,0 days 00:00:07.655778,259,3,118.9,159.5,0.78,COMPLETE
600,600,0.6875,2026-04-04 20:03:16.647762,2026-04-04 20:03:23.902711,0 days 00:00:07.254949,249,3,126.4,155.1,0.51,COMPLETE
601,601,0.6875,2026-04-04 20:03:23.911743,2026-04-04 20:03:30.907647,0 days 00:00:06.995904,213,3,126.8,151.5,1.36,COMPLETE
602,602,0.6875,2026-04-04 20:03:30.919907,2026-04-04 20:03:37.995410,0 days 00:00:07.075503,209,3,126.0,156.9,0.36,COMPLETE
603,603,0.825,2026-04-04 20:03:38.008163,2026-04-04 20:04:12.031366,0 days 00:00:34.023203,494,3,123.4,152.5,0.29,COMPLETE
604,604,0.6875,2026-04-04 20:04:12.043943,2026-04-04 20:04:18.892352,0 days 00:00:06.848409,325,3,121.1,152.4,0.03,COMPLETE
605,605,0.6875,2026-04-04 20:04:18.904058,2026-04-04 20:04:26.075375,0 days 00:00:07.171317,199,2,115.2,154.3,0.0,COMPLETE
606,606,0.6875,2026-04-04 20:04:26.087403,2026-04-04 20:04:32.680477,0 days 00:00:06.593074,361,1,115.6,156.9,0.99,COMPLETE
607,607,0.6875,2026-04-04 20:04:32.692218,2026-04-04 20:04:40.335016,0 days 00:00:07.642798,189,3,123.6,154.5,0.86,COMPLETE
608,608,0.6875,2026-04-04 20:04:40.346632,2026-04-04 20:04:46.938711,0 days 00:00:06.592079,268,2,125.6,153.0,0.61,COMPLETE
609,609,0.6875,2026-04-04 20:04:46.950295,2026-04-04 20:04:53.598334,0 days 00:00:06.648039,292,1,124.3,156.1,1.99,COMPLETE
610,610,0.6875,2026-04-04 20:04:53.610189,2026-04-04 20:05:00.574410,0 days 00:00:06.964221,348,1,118.3,154.1,1.06,COMPLETE
611,611,0.6875,2026-04-04 20:05:00.586094,2026-04-04 20:05:07.494802,0 days 00:00:06.908708,498,1,113.1,156.6,1.23,COMPLETE
612,612,0.6875,2026-04-04 20:05:07.506650,2026-04-04 20:05:14.871410,0 days 00:00:07.364760,230,3,117.7,159.7,1.55,COMPLETE
613,613,0.6875,2026-04-04 20:05:14.883096,2026-04-04 20:05:21.557710,0 days 00:00:06.674614,478,2,118.0,158.5,0.46,COMPLETE
614,614,0.6875,2026-04-04 20:05:21.569778,2026-04-04 20:05:28.489131,0 days 00:00:06.919353,195,2,117.7,158.4,0.85,COMPLETE
615,615,0.6875,2026-04-04 20:05:28.500855,2026-04-04 20:05:36.225039,0 days 00:00:07.724184,464,1,121.5,148.4,1.74,COMPLETE
616,616,0.6875,2026-04-04 20:05:36.236091,2026-04-04 20:05:43.833518,0 days 00:00:07.597427,294,2,120.2,157.9,1.87,COMPLETE
617,617,0.6875,2026-04-04 20:05:43.845121,2026-04-04 20:05:50.627990,0 days 00:00:06.782869,399,1,118.1,158.0,1.27,COMPLETE
618,618,0.6875,2026-04-04 20:05:50.639957,2026-04-04 20:05:58.329942,0 days 00:00:07.689985,189,3,123.3,152.6,0.44,COMPLETE
619,619,0.6875,2026-04-04 20:05:58.342998,2026-04-04 20:06:05.778788,0 days 00:00:07.435790,327,2,116.0,158.8,1.45,COMPLETE
620,620,0.6875,2026-04-04 20:06:05.791062,2026-04-04 20:06:12.861137,0 days 00:00:07.070075,357,1,122.8,156.2,1.75,COMPLETE
621,621,0.6875,2026-04-04 20:06:12.873227,2026-04-04 20:06:20.248247,0 days 00:00:07.375020,427,1,114.2,158.5,1.0,COMPLETE
622,622,0.6875,2026-04-04 20:06:20.260571,2026-04-04 20:06:28.143310,0 days 00:00:07.882739,169,2,122.0,155.9,0.74,COMPLETE
623,623,0.6875,2026-04-04 20:06:28.155779,2026-04-04 20:06:35.377639,0 days 00:00:07.221860,343,2,114.3,153.2,0.02,COMPLETE
624,624,0.6875,2026-04-04 20:06:35.389381,2026-04-04 20:06:43.371181,0 days 00:00:07.981800,224,3,126.0,150.9,0.66,COMPLETE
625,625,0.6875,2026-04-04 20:06:43.382532,2026-04-04 20:06:50.682891,0 days 00:00:07.300359,275,3,118.2,154.4,1.11,COMPLETE
626,626,0.6875,2026-04-04 20:06:50.695900,2026-04-04 20:06:57.526002,0 days 00:00:06.830102,267,1,113.4,153.2,0.52,COMPLETE
627,627,0.6875,2026-04-04 20:06:57.537666,2026-04-04 20:07:04.884596,0 days 00:00:07.346930,388,1,120.8,159.2,1.35,COMPLETE
628,628,0.6875,2026-04-04 20:07:04.895887,2026-04-04 20:07:12.161031,0 days 00:00:07.265144,467,1,120.4,151.0,1.48,COMPLETE
629,629,0.6875,2026-04-04 20:07:12.173251,2026-04-04 20:07:19.353922,0 days 00:00:07.180671,436,1,113.3,153.2,0.99,COMPLETE
630,630,0.6875,2026-04-04 20:07:19.365656,2026-04-04 20:07:27.182915,0 days 00:00:07.817259,261,1,120.6,159.1,1.6600000000000001,COMPLETE
631,631,0.6875,2026-04-04 20:07:27.194685,2026-04-04 20:07:34.498658,0 days 00:00:07.303973,174,2,120.5,152.0,0.02,COMPLETE
632,632,0.6875,2026-04-04 20:07:34.510751,2026-04-04 20:07:41.432663,0 days 00:00:06.921912,169,3,125.8,153.5,1.06,COMPLETE
633,633,0.6875,2026-04-04 20:07:41.444418,2026-04-04 20:07:48.055096,0 days 00:00:06.610678,232,2,122.3,153.0,0.96,COMPLETE
634,634,0.6875,2026-04-04 20:07:48.066146,2026-04-04 20:07:55.443821,0 days 00:00:07.377675,378,1,113.1,156.1,1.3,COMPLETE
635,635,0.6875,2026-04-04 20:07:55.455645,2026-04-04 20:08:02.326890,0 days 00:00:06.871245,494,1,115.1,150.8,1.1,COMPLETE
636,636,0.6875,2026-04-04 20:08:02.338597,2026-04-04 20:08:09.135120,0 days 00:00:06.796523,451,1,113.1,154.6,1.37,COMPLETE
637,637,0.6875,2026-04-04 20:08:09.147171,2026-04-04 20:08:16.301927,0 days 00:00:07.154756,482,3,114.6,148.1,1.7,COMPLETE
638,638,0.6875,2026-04-04 20:08:16.314040,2026-04-04 20:08:24.179902,0 days 00:00:07.865862,265,2,114.4,159.9,1.58,COMPLETE
639,639,0.6875,2026-04-04 20:08:24.189387,2026-04-04 20:08:31.773692,0 days 00:00:07.584305,333,2,124.4,154.4,1.52,COMPLETE
640,640,0.6875,2026-04-04 20:08:31.785546,2026-04-04 20:08:38.405871,0 days 00:00:06.620325,488,1,126.5,157.3,0.96,COMPLETE
641,641,0.6875,2026-04-04 20:08:38.417986,2026-04-04 20:08:46.796758,0 days 00:00:08.378772,241,1,115.3,149.2,1.29,COMPLETE
642,642,0.6875,2026-04-04 20:08:46.808913,2026-04-04 20:08:54.086238,0 days 00:00:07.277325,392,3,119.7,155.1,1.11,COMPLETE
643,643,0.6875,2026-04-04 20:08:54.098718,2026-04-04 20:09:01.594503,0 days 00:00:07.495785,261,3,125.7,159.4,0.41000000000000003,COMPLETE
644,644,0.6875,2026-04-04 20:09:01.606332,2026-04-04 20:09:08.781882,0 days 00:00:07.175550,262,2,118.3,158.0,1.18,COMPLETE
645,645,0.6875,2026-04-04 20:09:08.793818,2026-04-04 20:09:15.839358,0 days 00:00:07.045540,238,2,116.0,151.5,1.3900000000000001,COMPLETE
646,646,0.6875,2026-04-04 20:09:15.850951,2026-04-04 20:09:22.886722,0 days 00:00:07.035771,233,3,123.1,152.5,1.58,COMPLETE
647,647,0.6875,2026-04-04 20:09:22.898784,2026-04-04 20:09:29.364214,0 days 00:00:06.465430,480,3,123.5,151.0,1.27,COMPLETE
648,648,0.6875,2026-04-04 20:09:29.376133,2026-04-04 20:09:36.635738,0 days 00:00:07.259605,204,2,119.4,148.3,1.82,COMPLETE
649,649,0.6875,2026-04-04 20:09:36.647886,2026-04-04 20:09:43.435042,0 days 00:00:06.787156,396,2,118.0,152.9,0.8300000000000001,COMPLETE
650,650,0.6875,2026-04-04 20:09:43.446819,2026-04-04 20:09:50.510141,0 days 00:00:07.063322,476,2,124.2,151.9,1.59,COMPLETE
651,651,0.6875,2026-04-04 20:09:50.522600,2026-04-04 20:09:56.992175,0 days 00:00:06.469575,491,2,124.0,151.8,1.17,COMPLETE
652,652,0.6875,2026-04-04 20:09:57.004076,2026-04-04 20:10:04.925229,0 days 00:00:07.921153,167,1,119.9,157.6,1.03,COMPLETE
653,653,0.6875,2026-04-04 20:10:04.937310,2026-04-04 20:10:12.167951,0 days 00:00:07.230641,172,2,125.1,153.5,1.96,COMPLETE
654,654,0.6875,2026-04-04 20:10:12.179550,2026-04-04 20:10:19.013191,0 days 00:00:06.833641,462,2,122.9,149.5,0.02,COMPLETE
655,655,0.6875,2026-04-04 20:10:19.025169,2026-04-04 20:10:25.715308,0 days 00:00:06.690139,481,3,123.7,151.2,0.5,COMPLETE
656,656,0.6875,2026-04-04 20:10:25.727472,2026-04-04 20:10:33.290331,0 days 00:00:07.562859,188,3,117.9,150.4,1.43,COMPLETE
657,657,0.6875,2026-04-04 20:10:33.302943,2026-04-04 20:10:40.448731,0 days 00:00:07.145788,255,3,124.1,152.5,0.71,COMPLETE
658,658,0.6875,2026-04-04 20:10:40.460467,2026-04-04 20:10:47.565500,0 days 00:00:07.105033,479,1,116.9,154.8,1.03,COMPLETE
659,659,0.6875,2026-04-04 20:10:47.577176,2026-04-04 20:10:54.458268,0 days 00:00:06.881092,347,1,115.2,158.4,0.85,COMPLETE
660,660,0.6875,2026-04-04 20:10:54.470870,2026-04-04 20:11:01.852538,0 days 00:00:07.381668,251,2,121.0,153.1,0.51,COMPLETE
661,661,0.6875,2026-04-04 20:11:01.862371,2026-04-04 20:11:08.694895,0 days 00:00:06.832524,347,1,117.3,156.7,0.72,COMPLETE
662,662,0.6875,2026-04-04 20:11:08.703848,2026-04-04 20:11:15.664580,0 days 00:00:06.960732,382,1,118.4,150.3,1.33,COMPLETE
663,663,0.6875,2026-04-04 20:11:15.676489,2026-04-04 20:11:22.157850,0 days 00:00:06.481361,421,1,118.5,150.3,1.73,COMPLETE
664,664,0.6875,2026-04-04 20:11:22.170322,2026-04-04 20:11:29.338083,0 days 00:00:07.167761,268,3,118.7,155.8,1.62,COMPLETE
665,665,0.6875,2026-04-04 20:11:29.350234,2026-04-04 20:11:36.518474,0 days 00:00:07.168240,424,1,119.3,148.1,1.32,COMPLETE
666,666,0.6875,2026-04-04 20:11:36.530350,2026-04-04 20:11:43.755631,0 days 00:00:07.225281,203,1,118.1,151.1,0.03,COMPLETE
667,667,0.6875,2026-04-04 20:11:43.767338,2026-04-04 20:11:50.784439,0 days 00:00:07.017101,174,2,116.1,152.5,0.27,COMPLETE
668,668,0.6875,2026-04-04 20:11:50.796194,2026-04-04 20:11:58.010015,0 days 00:00:07.213821,174,3,123.5,155.7,1.47,COMPLETE
669,669,0.6875,2026-04-04 20:11:58.021437,2026-04-04 20:12:05.117799,0 days 00:00:07.096362,378,2,117.2,156.5,1.37,COMPLETE
670,670,0.6875,2026-04-04 20:12:05.129567,2026-04-04 20:12:12.296786,0 days 00:00:07.167219,351,3,117.8,148.9,0.7000000000000001,COMPLETE
671,671,0.6875,2026-04-04 20:12:12.308896,2026-04-04 20:12:19.511534,0 days 00:00:07.202638,204,3,120.3,152.8,0.66,COMPLETE
672,672,0.6875,2026-04-04 20:12:19.523974,2026-04-04 20:12:26.646202,0 days 00:00:07.122228,298,2,114.0,156.3,0.58,COMPLETE
673,673,0.6875,2026-04-04 20:12:26.658164,2026-04-04 20:12:34.112995,0 days 00:00:07.454831,216,2,116.9,148.2,1.45,COMPLETE
674,674,0.6875,2026-04-04 20:12:34.124883,2026-04-04 20:12:41.837407,0 days 00:00:07.712524,475,2,120.1,158.6,1.79,COMPLETE
675,675,0.6875,2026-04-04 20:12:41.849049,2026-04-04 20:12:48.918787,0 days 00:00:07.069738,361,2,120.7,154.5,1.31,COMPLETE
676,676,0.6875,2026-04-04 20:12:48.930780,2026-04-04 20:12:56.569925,0 days 00:00:07.639145,217,2,113.2,150.8,0.67,COMPLETE
677,677,0.6875,2026-04-04 20:12:56.582170,2026-04-04 20:13:04.416828,0 days 00:00:07.834658,321,1,126.1,153.4,1.96,COMPLETE
678,678,0.6875,2026-04-04 20:13:04.428655,2026-04-04 20:13:11.494029,0 days 00:00:07.065374,223,2,125.9,148.3,0.33,COMPLETE
679,679,0.6875,2026-04-04 20:13:11.506328,2026-04-04 20:13:17.968242,0 days 00:00:06.461914,499,3,125.2,149.6,0.33,COMPLETE
680,680,0.6875,2026-04-04 20:13:17.980461,2026-04-04 20:13:25.394635,0 days 00:00:07.414174,369,2,123.5,157.1,1.05,COMPLETE
681,681,0.6875,2026-04-04 20:13:25.406916,2026-04-04 20:13:32.524024,0 days 00:00:07.117108,478,2,125.8,150.9,1.52,COMPLETE
682,682,0.6875,2026-04-04 20:13:32.536694,2026-04-04 20:13:39.744310,0 days 00:00:07.207616,294,3,119.5,149.7,1.04,COMPLETE
683,683,0.6875,2026-04-04 20:13:39.757149,2026-04-04 20:13:46.781955,0 days 00:00:07.024806,221,2,116.6,151.7,1.94,COMPLETE
684,684,0.6875,2026-04-04 20:13:46.794270,2026-04-04 20:13:53.663208,0 days 00:00:06.868938,324,1,119.3,156.2,1.35,COMPLETE
685,685,0.6875,2026-04-04 20:13:53.675053,2026-04-04 20:14:00.585098,0 days 00:00:06.910045,342,2,119.3,160.0,1.8900000000000001,COMPLETE
686,686,0.6875,2026-04-04 20:14:00.597440,2026-04-04 20:14:07.484150,0 days 00:00:06.886710,323,1,115.8,155.5,1.1400000000000001,COMPLETE
687,687,0.6875,2026-04-04 20:14:07.496053,2026-04-04 20:14:14.389364,0 days 00:00:06.893311,418,1,118.9,157.8,0.92,COMPLETE
688,688,0.6875,2026-04-04 20:14:14.404455,2026-04-04 20:14:21.911461,0 days 00:00:07.507006,425,3,121.9,148.3,1.9100000000000001,COMPLETE
689,689,0.6875,2026-04-04 20:14:21.923307,2026-04-04 20:14:29.481921,0 days 00:00:07.558614,295,1,117.8,154.2,1.07,COMPLETE
690,690,0.6875,2026-04-04 20:14:29.493762,2026-04-04 20:14:36.646970,0 days 00:00:07.153208,202,2,119.3,160.0,0.89,COMPLETE
691,691,0.6875,2026-04-04 20:14:36.659147,2026-04-04 20:14:44.129218,0 days 00:00:07.470071,454,3,124.1,150.7,0.01,COMPLETE
692,692,0.6875,2026-04-04 20:14:44.140815,2026-04-04 20:14:51.121142,0 days 00:00:06.980327,309,2,122.9,154.8,0.51,COMPLETE
693,693,0.6875,2026-04-04 20:14:51.132796,2026-04-04 20:14:58.566647,0 days 00:00:07.433851,363,3,113.6,156.1,0.81,COMPLETE
694,694,0.6875,2026-04-04 20:14:58.579042,2026-04-04 20:15:06.035990,0 days 00:00:07.456948,498,3,123.6,154.7,1.45,COMPLETE
695,695,0.6875,2026-04-04 20:15:06.047916,2026-04-04 20:15:13.013778,0 days 00:00:06.965862,348,1,121.4,153.5,1.6600000000000001,COMPLETE
696,696,0.6875,2026-04-04 20:15:13.025585,2026-04-04 20:15:19.718737,0 days 00:00:06.693152,397,2,121.0,151.3,1.6300000000000001,COMPLETE
697,697,0.6875,2026-04-04 20:15:19.728613,2026-04-04 20:15:26.872582,0 days 00:00:07.143969,166,3,122.1,152.6,0.97,COMPLETE
698,698,0.6875,2026-04-04 20:15:26.884537,2026-04-04 20:15:33.861805,0 days 00:00:06.977268,224,3,119.8,157.9,0.09,COMPLETE
699,699,0.6875,2026-04-04 20:15:33.873818,2026-04-04 20:15:40.903890,0 days 00:00:07.030072,497,1,114.4,153.8,0.98,COMPLETE
700,700,0.6875,2026-04-04 20:15:40.915871,2026-04-04 20:15:47.756076,0 days 00:00:06.840205,328,1,113.3,157.2,0.36,COMPLETE
701,701,0.6875,2026-04-04 20:15:47.767821,2026-04-04 20:15:55.710916,0 days 00:00:07.943095,486,3,126.1,151.9,0.4,COMPLETE
702,702,0.6875,2026-04-04 20:15:55.723779,2026-04-04 20:16:03.158756,0 days 00:00:07.434977,208,2,119.9,151.5,0.98,COMPLETE
703,703,0.6875,2026-04-04 20:16:03.167239,2026-04-04 20:16:09.861071,0 days 00:00:06.693832,392,1,117.0,154.4,1.1,COMPLETE
704,704,0.6875,2026-04-04 20:16:09.873018,2026-04-04 20:16:17.885366,0 days 00:00:08.012348,157,3,126.1,155.5,0.34,COMPLETE
705,705,0.6875,2026-04-04 20:16:17.898143,2026-04-04 20:16:24.553594,0 days 00:00:06.655451,207,2,124.3,153.2,0.65,COMPLETE
706,706,0.6875,2026-04-04 20:16:24.562015,2026-04-04 20:16:31.323666,0 days 00:00:06.761651,494,1,126.8,150.3,1.55,COMPLETE
707,707,0.6875,2026-04-04 20:16:31.335638,2026-04-04 20:16:39.557021,0 days 00:00:08.221383,299,2,114.8,157.4,0.02,COMPLETE
708,708,0.6875,2026-04-04 20:16:39.568895,2026-04-04 20:16:47.215325,0 days 00:00:07.646430,233,3,124.9,157.1,0.05,COMPLETE
709,709,0.6875,2026-04-04 20:16:47.227251,2026-04-04 20:16:55.220581,0 days 00:00:07.993330,255,1,113.1,149.8,0.4,COMPLETE
710,710,0.6875,2026-04-04 20:16:55.232213,2026-04-04 20:17:02.619166,0 days 00:00:07.386953,374,1,118.9,155.6,0.9500000000000001,COMPLETE
711,711,0.6875,2026-04-04 20:17:02.631877,2026-04-04 20:17:10.365835,0 days 00:00:07.733958,150,3,125.3,154.5,0.71,COMPLETE
712,712,0.6875,2026-04-04 20:17:10.376698,2026-04-04 20:17:17.250044,0 days 00:00:06.873346,419,3,122.9,150.8,0.45,COMPLETE
713,713,0.6875,2026-04-04 20:17:17.263287,2026-04-04 20:17:24.699098,0 days 00:00:07.435811,162,3,126.1,151.3,0.23,COMPLETE
714,714,0.6875,2026-04-04 20:17:24.711371,2026-04-04 20:17:31.308383,0 days 00:00:06.597012,199,3,124.4,150.5,1.1400000000000001,COMPLETE
715,715,0.6875,2026-04-04 20:17:31.320527,2026-04-04 20:17:38.194422,0 days 00:00:06.873895,205,3,126.4,154.2,1.58,COMPLETE
716,716,0.6875,2026-04-04 20:17:38.206608,2026-04-04 20:17:46.031635,0 days 00:00:07.825027,368,2,113.4,154.5,1.18,COMPLETE
717,717,0.6875,2026-04-04 20:17:46.044020,2026-04-04 20:17:52.824624,0 days 00:00:06.780604,243,1,113.4,152.0,0.89,COMPLETE
718,718,0.6875,2026-04-04 20:17:52.836475,2026-04-04 20:17:59.915042,0 days 00:00:07.078567,208,1,118.5,150.8,1.2,COMPLETE
719,719,0.671875,2026-04-04 20:17:59.927427,2026-04-04 20:18:06.588046,0 days 00:00:06.660619,379,1,120.8,152.2,0.31,COMPLETE
720,720,0.825,2026-04-04 20:18:06.600607,2026-04-04 20:18:22.648601,0 days 00:00:16.047994,382,1,124.3,152.3,0.32,COMPLETE
721,721,0.6875,2026-04-04 20:18:22.660036,2026-04-04 20:18:29.434332,0 days 00:00:06.774296,337,1,121.1,153.9,0.55,COMPLETE
722,722,0.825,2026-04-04 20:18:29.446665,2026-04-04 20:19:03.418882,0 days 00:00:33.972217,403,1,119.8,153.0,0.19,COMPLETE
723,723,0.6875,2026-04-04 20:19:03.431152,2026-04-04 20:19:10.003486,0 days 00:00:06.572334,364,1,118.4,150.3,0.32,COMPLETE
724,724,0.6875,2026-04-04 20:19:10.015420,2026-04-04 20:19:17.111940,0 days 00:00:07.096520,168,1,118.1,153.9,0.02,COMPLETE
725,725,0.6875,2026-04-04 20:19:17.124003,2026-04-04 20:19:24.020656,0 days 00:00:06.896653,400,1,117.1,148.7,1.81,COMPLETE
726,726,0.6875,2026-04-04 20:19:24.032702,2026-04-04 20:19:30.916675,0 days 00:00:06.883973,428,1,119.4,154.0,1.08,COMPLETE
727,727,0.6875,2026-04-04 20:19:30.928814,2026-04-04 20:19:37.661444,0 days 00:00:06.732630,431,1,118.1,152.3,0.39,COMPLETE
728,728,0.825,2026-04-04 20:19:37.673257,2026-04-04 20:20:11.781106,0 days 00:00:34.107849,421,3,121.6,152.2,0.11,COMPLETE
729,729,0.6875,2026-04-04 20:20:11.793020,2026-04-04 20:20:18.700333,0 days 00:00:06.907313,356,1,119.4,150.6,0.48,COMPLETE
730,730,0.6875,2026-04-04 20:20:18.712558,2026-04-04 20:20:25.999514,0 days 00:00:07.286956,363,1,116.9,159.2,1.05,COMPLETE
731,731,0.6875,2026-04-04 20:20:26.007914,2026-04-04 20:20:32.628823,0 days 00:00:06.620909,337,2,115.8,155.8,0.73,COMPLETE
732,732,0.6875,2026-04-04 20:20:32.640722,2026-04-04 20:20:39.559153,0 days 00:00:06.918431,402,1,121.1,153.4,0.37,COMPLETE
733,733,0.6875,2026-04-04 20:20:39.571382,2026-04-04 20:20:46.508379,0 days 00:00:06.936997,319,1,119.0,156.8,0.89,COMPLETE
734,734,0.6875,2026-04-04 20:20:46.519242,2026-04-04 20:20:53.447929,0 days 00:00:06.928687,337,1,115.1,152.6,0.81,COMPLETE
735,735,0.6875,2026-04-04 20:20:53.460112,2026-04-04 20:21:00.280857,0 days 00:00:06.820745,390,1,120.1,151.5,0.52,COMPLETE
736,736,0.6875,2026-04-04 20:21:00.292863,2026-04-04 20:21:07.621898,0 days 00:00:07.329035,385,1,117.8,160.0,0.38,COMPLETE
737,737,0.6875,2026-04-04 20:21:07.633991,2026-04-04 20:21:15.762011,0 days 00:00:08.128020,160,2,120.2,151.5,1.6500000000000001,COMPLETE
738,738,0.6875,2026-04-04 20:21:15.774532,2026-04-04 20:21:22.689494,0 days 00:00:06.914962,156,1,116.1,154.9,1.02,COMPLETE
739,739,0.6875,2026-04-04 20:21:22.702378,2026-04-04 20:21:29.571821,0 days 00:00:06.869443,463,2,113.4,158.4,1.57,COMPLETE
740,740,0.6875,2026-04-04 20:21:29.583591,2026-04-04 20:21:36.886484,0 days 00:00:07.302893,294,3,119.1,154.5,0.35000000000000003,COMPLETE
741,741,0.6875,2026-04-04 20:21:36.899001,2026-04-04 20:21:43.662782,0 days 00:00:06.763781,397,1,115.8,155.2,1.3800000000000001,COMPLETE
742,742,0.671875,2026-04-04 20:21:43.675202,2026-04-04 20:21:50.751120,0 days 00:00:07.075918,482,2,122.6,154.5,0.52,COMPLETE
743,743,0.825,2026-04-04 20:21:50.763750,2026-04-04 20:21:55.901818,0 days 00:00:05.138068,496,2,125.6,155.2,0.47000000000000003,COMPLETE
744,744,0.6875,2026-04-04 20:21:55.914406,2026-04-04 20:22:02.709109,0 days 00:00:06.794703,465,1,123.1,154.1,0.41000000000000003,COMPLETE
745,745,0.6875,2026-04-04 20:22:02.721578,2026-04-04 20:22:09.860230,0 days 00:00:07.138652,281,2,119.3,158.2,1.58,COMPLETE
746,746,0.6875,2026-04-04 20:22:09.872259,2026-04-04 20:22:17.369056,0 days 00:00:07.496797,160,2,119.5,151.6,0.55,COMPLETE
747,747,0.825,2026-04-04 20:22:17.381702,2026-04-04 20:22:52.493678,0 days 00:00:35.111976,500,2,123.5,155.4,0.22,COMPLETE
748,748,0.825,2026-04-04 20:22:52.505871,2026-04-04 20:23:09.327064,0 days 00:00:16.821193,490,2,126.8,153.6,0.79,COMPLETE
749,749,0.6875,2026-04-04 20:23:09.339028,2026-04-04 20:23:16.023191,0 days 00:00:06.684163,487,2,123.7,153.3,0.5700000000000001,COMPLETE
750,750,0.6875,2026-04-04 20:23:16.031681,2026-04-04 20:23:23.303705,0 days 00:00:07.272024,448,1,117.3,148.2,0.92,COMPLETE
751,751,0.6875,2026-04-04 20:23:23.315658,2026-04-04 20:23:30.679386,0 days 00:00:07.363728,476,2,114.0,155.4,1.16,COMPLETE
752,752,0.6875,2026-04-04 20:23:30.691859,2026-04-04 20:23:37.561481,0 days 00:00:06.869622,302,2,113.0,154.3,0.14,COMPLETE
753,753,0.6875,2026-04-04 20:23:37.573763,2026-04-04 20:23:44.849426,0 days 00:00:07.275663,446,2,121.1,154.6,0.9400000000000001,COMPLETE
754,754,0.6875,2026-04-04 20:23:44.862115,2026-04-04 20:23:51.591273,0 days 00:00:06.729158,479,2,119.7,153.6,0.48,COMPLETE
755,755,0.6875,2026-04-04 20:23:51.604581,2026-04-04 20:23:59.020183,0 days 00:00:07.415602,318,3,122.9,159.4,1.73,COMPLETE
756,756,0.6875,2026-04-04 20:23:59.032789,2026-04-04 20:24:06.572585,0 days 00:00:07.539796,494,1,119.0,150.0,0.13,COMPLETE
757,757,0.6875,2026-04-04 20:24:06.584676,2026-04-04 20:24:13.502012,0 days 00:00:06.917336,254,3,119.1,151.0,0.76,COMPLETE
758,758,0.6875,2026-04-04 20:24:13.514758,2026-04-04 20:24:20.906069,0 days 00:00:07.391311,414,3,123.4,160.0,0.02,COMPLETE
759,759,0.6875,2026-04-04 20:24:20.917989,2026-04-04 20:24:28.178795,0 days 00:00:07.260806,415,2,120.9,151.8,0.33,COMPLETE
760,760,0.825,2026-04-04 20:24:28.187727,2026-04-04 20:25:02.337508,0 days 00:00:34.149781,472,3,119.9,155.9,0.48,COMPLETE
761,761,0.825,2026-04-04 20:25:02.349087,2026-04-04 20:25:36.367697,0 days 00:00:34.018610,412,2,123.4,154.9,0.16,COMPLETE
762,762,0.825,2026-04-04 20:25:36.376008,2026-04-04 20:26:10.450248,0 days 00:00:34.074240,484,2,121.0,156.1,0.63,COMPLETE
763,763,0.6875,2026-04-04 20:26:10.458917,2026-04-04 20:26:17.045997,0 days 00:00:06.587080,452,2,124.0,155.4,0.71,COMPLETE
764,764,0.6875,2026-04-04 20:26:17.055445,2026-04-04 20:26:24.806425,0 days 00:00:07.750980,174,2,118.1,151.6,0.04,COMPLETE
765,765,0.6875,2026-04-04 20:26:24.815216,2026-04-04 20:26:31.753292,0 days 00:00:06.938076,436,3,124.5,152.1,0.45,COMPLETE
766,766,0.6875,2026-04-04 20:26:31.763436,2026-04-04 20:26:38.341933,0 days 00:00:06.578497,291,1,123.6,152.3,0.19,COMPLETE
767,767,0.6875,2026-04-04 20:26:38.353284,2026-04-04 20:26:45.600373,0 days 00:00:07.247089,173,3,126.7,148.6,0.03,COMPLETE
768,768,0.6875,2026-04-04 20:26:45.612210,2026-04-04 20:26:52.556298,0 days 00:00:06.944088,305,2,121.6,152.1,1.1,COMPLETE
769,769,0.6875,2026-04-04 20:26:52.568624,2026-04-04 20:26:59.116385,0 days 00:00:06.547761,428,1,122.5,150.1,0.75,COMPLETE
770,770,0.825,2026-04-04 20:26:59.128597,2026-04-04 20:27:33.119999,0 days 00:00:33.991402,387,2,125.6,153.1,0.36,COMPLETE
771,771,0.6875,2026-04-04 20:27:33.132511,2026-04-04 20:27:39.879385,0 days 00:00:06.746874,426,2,122.3,154.6,0.71,COMPLETE
772,772,0.6875,2026-04-04 20:27:39.891589,2026-04-04 20:27:47.165378,0 days 00:00:07.273789,177,3,127.0,154.5,0.0,COMPLETE
773,773,0.6875,2026-04-04 20:27:47.177631,2026-04-04 20:27:54.202104,0 days 00:00:07.024473,251,2,121.8,158.3,0.79,COMPLETE
774,774,0.6875,2026-04-04 20:27:54.213877,2026-04-04 20:28:01.131659,0 days 00:00:06.917782,330,1,120.3,152.9,1.94,COMPLETE
775,775,0.6875,2026-04-04 20:28:01.144009,2026-04-04 20:28:08.572218,0 days 00:00:07.428209,179,2,120.2,158.9,1.56,COMPLETE
776,776,0.6875,2026-04-04 20:28:08.584998,2026-04-04 20:28:15.171940,0 days 00:00:06.586942,214,2,117.9,159.4,0.5,COMPLETE
777,777,0.825,2026-04-04 20:28:15.183220,2026-04-04 20:28:49.423054,0 days 00:00:34.239834,400,1,121.6,156.7,0.33,COMPLETE
778,778,0.825,2026-04-04 20:28:49.435365,2026-04-04 20:29:23.448710,0 days 00:00:34.013345,490,2,119.4,155.0,0.09,COMPLETE
779,779,0.6875,2026-04-04 20:29:23.460907,2026-04-04 20:29:30.406577,0 days 00:00:06.945670,494,3,123.5,151.9,0.43,COMPLETE
780,780,0.6875,2026-04-04 20:29:30.418797,2026-04-04 20:29:37.100381,0 days 00:00:06.681584,436,1,121.1,150.7,0.32,COMPLETE
781,781,0.825,2026-04-04 20:29:37.112266,2026-04-04 20:30:11.089122,0 days 00:00:33.976856,481,3,123.8,152.7,0.04,COMPLETE
782,782,0.6875,2026-04-04 20:30:11.101117,2026-04-04 20:30:18.664955,0 days 00:00:07.563838,307,1,116.8,150.4,0.67,COMPLETE
783,783,0.6875,2026-04-04 20:30:18.677052,2026-04-04 20:30:25.373155,0 days 00:00:06.696103,344,1,119.9,152.0,0.32,COMPLETE
784,784,0.6875,2026-04-04 20:30:25.385503,2026-04-04 20:30:32.862747,0 days 00:00:07.477244,250,2,118.4,158.6,1.96,COMPLETE
785,785,0.825,2026-04-04 20:30:32.875172,2026-04-04 20:31:07.140774,0 days 00:00:34.265602,487,2,122.8,155.2,0.59,COMPLETE
786,786,0.6875,2026-04-04 20:31:07.152837,2026-04-04 20:31:14.143023,0 days 00:00:06.990186,327,1,121.9,151.3,0.43,COMPLETE
787,787,0.6875,2026-04-04 20:31:14.155593,2026-04-04 20:31:21.300333,0 days 00:00:07.144740,331,1,114.4,149.7,0.59,COMPLETE
788,788,0.6875,2026-04-04 20:31:21.312464,2026-04-04 20:31:29.024462,0 days 00:00:07.711998,182,2,113.2,157.9,0.43,COMPLETE
789,789,0.6875,2026-04-04 20:31:29.036857,2026-04-04 20:31:36.203015,0 days 00:00:07.166158,412,3,119.6,160.0,1.2,COMPLETE
790,790,0.6875,2026-04-04 20:31:36.215173,2026-04-04 20:31:43.241658,0 days 00:00:07.026485,416,3,115.7,155.1,0.2,COMPLETE
791,791,0.6875,2026-04-04 20:31:43.254538,2026-04-04 20:31:51.261679,0 days 00:00:08.007141,208,3,126.7,155.4,0.76,COMPLETE
792,792,0.6875,2026-04-04 20:31:51.270133,2026-04-04 20:31:59.324175,0 days 00:00:08.054042,156,2,115.6,148.7,1.58,COMPLETE
793,793,0.6875,2026-04-04 20:31:59.336556,2026-04-04 20:32:06.689900,0 days 00:00:07.353344,397,2,124.4,152.1,1.42,COMPLETE
794,794,0.6875,2026-04-04 20:32:06.702418,2026-04-04 20:32:13.364495,0 days 00:00:06.662077,372,1,122.7,152.7,0.6900000000000001,COMPLETE
795,795,0.6875,2026-04-04 20:32:13.376691,2026-04-04 20:32:20.368758,0 days 00:00:06.992067,430,1,120.3,148.3,1.6,COMPLETE
796,796,0.6875,2026-04-04 20:32:20.381087,2026-04-04 20:32:27.927942,0 days 00:00:07.546855,177,3,114.5,152.9,1.51,COMPLETE
797,797,0.6875,2026-04-04 20:32:27.940016,2026-04-04 20:32:35.186532,0 days 00:00:07.246516,171,3,122.9,152.8,0.0,COMPLETE
798,798,0.6875,2026-04-04 20:32:35.198634,2026-04-04 20:32:42.577903,0 days 00:00:07.379269,248,2,116.9,160.0,1.1,COMPLETE
799,799,0.6875,2026-04-04 20:32:42.586704,2026-04-04 20:32:50.310889,0 days 00:00:07.724185,187,1,122.7,153.0,0.47000000000000003,COMPLETE
800,800,0.6875,2026-04-04 20:32:50.323139,2026-04-04 20:32:57.296245,0 days 00:00:06.973106,329,1,126.8,149.6,1.46,COMPLETE
801,801,0.6875,2026-04-04 20:32:57.308199,2026-04-04 20:33:03.849029,0 days 00:00:06.540830,383,3,125.4,150.3,0.8200000000000001,COMPLETE
802,802,0.6875,2026-04-04 20:33:03.857903,2026-04-04 20:33:11.081197,0 days 00:00:07.223294,342,2,119.4,153.9,1.27,COMPLETE
803,803,0.6875,2026-04-04 20:33:11.093625,2026-04-04 20:33:17.869559,0 days 00:00:06.775934,445,1,114.9,154.3,1.25,COMPLETE
804,804,0.6875,2026-04-04 20:33:17.881820,2026-04-04 20:33:24.904223,0 days 00:00:07.022403,274,2,116.2,156.5,1.5,COMPLETE
805,805,0.6875,2026-04-04 20:33:24.917523,2026-04-04 20:33:32.235930,0 days 00:00:07.318407,485,2,122.3,152.0,0.6,COMPLETE
806,806,0.6875,2026-04-04 20:33:32.247888,2026-04-04 20:33:39.175409,0 days 00:00:06.927521,489,2,126.2,154.5,1.68,COMPLETE
807,807,0.6875,2026-04-04 20:33:39.188034,2026-04-04 20:33:46.218774,0 days 00:00:07.030740,212,3,124.9,156.4,1.75,COMPLETE
808,808,0.6875,2026-04-04 20:33:46.231019,2026-04-04 20:33:53.805497,0 days 00:00:07.574478,256,3,113.7,158.7,0.18,COMPLETE
809,809,0.6875,2026-04-04 20:33:53.814689,2026-04-04 20:34:01.686632,0 days 00:00:07.871943,169,2,124.4,155.8,0.54,COMPLETE
810,810,0.6875,2026-04-04 20:34:01.698780,2026-04-04 20:34:08.412119,0 days 00:00:06.713339,439,1,121.9,156.0,1.84,COMPLETE
811,811,0.6875,2026-04-04 20:34:08.424128,2026-04-04 20:34:15.859805,0 days 00:00:07.435677,215,3,119.1,150.9,0.03,COMPLETE
812,812,0.6875,2026-04-04 20:34:15.868540,2026-04-04 20:34:22.941470,0 days 00:00:07.072930,442,1,125.5,154.4,1.8900000000000001,COMPLETE
813,813,0.6875,2026-04-04 20:34:22.952297,2026-04-04 20:34:29.675853,0 days 00:00:06.723556,363,1,123.7,154.0,1.93,COMPLETE
814,814,0.6875,2026-04-04 20:34:29.688080,2026-04-04 20:34:37.221341,0 days 00:00:07.533261,399,2,114.0,155.7,0.08,COMPLETE
815,815,0.6875,2026-04-04 20:34:37.233304,2026-04-04 20:34:43.705809,0 days 00:00:06.472505,471,1,113.0,155.9,0.58,COMPLETE
816,816,0.6875,2026-04-04 20:34:43.718674,2026-04-04 20:34:51.405145,0 days 00:00:07.686471,151,2,116.9,152.7,0.01,COMPLETE
817,817,0.6875,2026-04-04 20:34:51.417076,2026-04-04 20:34:58.804939,0 days 00:00:07.387863,387,3,123.2,157.9,0.77,COMPLETE
818,818,0.6875,2026-04-04 20:34:58.818914,2026-04-04 20:35:06.398710,0 days 00:00:07.579796,489,3,122.4,148.2,0.34,COMPLETE
819,819,0.6875,2026-04-04 20:35:06.410632,2026-04-04 20:35:13.655186,0 days 00:00:07.244554,459,1,115.3,148.2,1.55,COMPLETE
820,820,0.6875,2026-04-04 20:35:13.667368,2026-04-04 20:35:21.573187,0 days 00:00:07.905819,223,2,122.7,154.3,0.43,COMPLETE
821,821,0.6875,2026-04-04 20:35:21.585266,2026-04-04 20:35:28.396116,0 days 00:00:06.810850,263,2,118.8,154.1,0.12,COMPLETE
822,822,0.6875,2026-04-04 20:35:28.405350,2026-04-04 20:35:35.103747,0 days 00:00:06.698397,346,3,115.9,155.5,1.99,COMPLETE
823,823,0.6875,2026-04-04 20:35:35.116273,2026-04-04 20:35:42.160952,0 days 00:00:07.044679,294,3,116.3,152.4,0.98,COMPLETE
824,824,0.6875,2026-04-04 20:35:42.172848,2026-04-04 20:35:49.348574,0 days 00:00:07.175726,473,2,122.2,158.0,0.3,COMPLETE
825,825,0.6875,2026-04-04 20:35:49.357276,2026-04-04 20:35:56.413984,0 days 00:00:07.056708,307,2,120.5,155.6,0.99,COMPLETE
826,826,0.6875,2026-04-04 20:35:56.426262,2026-04-04 20:36:03.891023,0 days 00:00:07.464761,222,3,126.8,151.1,0.43,COMPLETE
827,827,0.825,2026-04-04 20:36:03.901642,2026-04-04 20:36:38.648043,0 days 00:00:34.746401,363,2,118.8,154.8,0.38,COMPLETE
828,828,0.6875,2026-04-04 20:36:38.659773,2026-04-04 20:36:45.347361,0 days 00:00:06.687588,389,1,120.8,157.2,1.18,COMPLETE
829,829,0.6875,2026-04-04 20:36:45.359796,2026-04-04 20:36:52.368002,0 days 00:00:07.008206,243,2,117.8,153.6,0.58,COMPLETE
830,830,0.6875,2026-04-04 20:36:52.375583,2026-04-04 20:36:59.470105,0 days 00:00:07.094522,437,3,115.4,148.0,0.73,COMPLETE
831,831,0.6875,2026-04-04 20:36:59.482970,2026-04-04 20:37:06.517595,0 days 00:00:07.034625,319,2,119.0,150.8,1.26,COMPLETE
832,832,0.6875,2026-04-04 20:37:06.530283,2026-04-04 20:37:13.677220,0 days 00:00:07.146937,325,3,126.3,150.4,0.07,COMPLETE
833,833,0.6875,2026-04-04 20:37:13.689346,2026-04-04 20:37:21.548331,0 days 00:00:07.858985,403,1,113.0,153.3,0.68,COMPLETE
834,834,0.6875,2026-04-04 20:37:21.560356,2026-04-04 20:37:28.370608,0 days 00:00:06.810252,321,2,113.3,151.3,0.98,COMPLETE
835,835,0.6875,2026-04-04 20:37:28.383297,2026-04-04 20:37:35.727296,0 days 00:00:07.343999,274,3,119.4,153.0,0.97,COMPLETE
836,836,0.6875,2026-04-04 20:37:35.739138,2026-04-04 20:37:42.575762,0 days 00:00:06.836624,228,2,118.1,150.8,1.29,COMPLETE
837,837,0.6875,2026-04-04 20:37:42.588851,2026-04-04 20:37:49.199286,0 days 00:00:06.610435,242,2,117.1,148.8,0.75,COMPLETE
838,838,0.6875,2026-04-04 20:37:49.211655,2026-04-04 20:37:56.352046,0 days 00:00:07.140391,452,1,115.9,156.5,1.08,COMPLETE
839,839,0.6875,2026-04-04 20:37:56.364061,2026-04-04 20:38:03.757640,0 days 00:00:07.393579,423,3,125.5,156.5,0.45,COMPLETE
840,840,0.6875,2026-04-04 20:38:03.769854,2026-04-04 20:38:11.252475,0 days 00:00:07.482621,166,3,126.3,151.9,1.45,COMPLETE
841,841,0.6875,2026-04-04 20:38:11.264560,2026-04-04 20:38:18.456252,0 days 00:00:07.191692,181,3,119.8,156.3,1.03,COMPLETE
842,842,0.6875,2026-04-04 20:38:18.468717,2026-04-04 20:38:25.660254,0 days 00:00:07.191537,386,1,113.5,153.6,1.49,COMPLETE
843,843,0.6875,2026-04-04 20:38:25.672792,2026-04-04 20:38:33.793901,0 days 00:00:08.121109,269,3,126.7,148.8,0.44,COMPLETE
844,844,0.6875,2026-04-04 20:38:33.805928,2026-04-04 20:38:40.426071,0 days 00:00:06.620143,499,2,125.1,150.7,1.1,COMPLETE
845,845,0.6875,2026-04-04 20:38:40.438348,2026-04-04 20:38:46.897063,0 days 00:00:06.458715,426,2,126.4,151.2,1.51,COMPLETE
846,846,0.6875,2026-04-04 20:38:46.909204,2026-04-04 20:38:54.431129,0 days 00:00:07.521925,157,3,122.8,148.8,0.64,COMPLETE
847,847,0.6875,2026-04-04 20:38:54.443517,2026-04-04 20:39:01.594627,0 days 00:00:07.151110,483,1,126.9,153.8,1.28,COMPLETE
848,848,0.6875,2026-04-04 20:39:01.606815,2026-04-04 20:39:09.364759,0 days 00:00:07.757944,246,2,120.6,159.7,1.74,COMPLETE
849,849,0.6875,2026-04-04 20:39:09.379541,2026-04-04 20:39:16.620735,0 days 00:00:07.241194,199,3,126.5,157.1,0.27,COMPLETE
850,850,0.6875,2026-04-04 20:39:16.632742,2026-04-04 20:39:24.058979,0 days 00:00:07.426237,286,1,117.4,157.7,1.11,COMPLETE
851,851,0.6875,2026-04-04 20:39:24.070903,2026-04-04 20:39:30.824146,0 days 00:00:06.753243,337,2,113.3,156.5,1.67,COMPLETE
852,852,0.6875,2026-04-04 20:39:30.836431,2026-04-04 20:39:37.844959,0 days 00:00:07.008528,315,1,119.1,158.9,1.97,COMPLETE
853,853,0.6875,2026-04-04 20:39:37.857358,2026-04-04 20:39:45.408616,0 days 00:00:07.551258,152,2,117.1,151.7,1.53,COMPLETE
854,854,0.6875,2026-04-04 20:39:45.421021,2026-04-04 20:39:52.762506,0 days 00:00:07.341485,419,2,125.9,154.9,1.29,COMPLETE
855,855,0.6875,2026-04-04 20:39:52.774855,2026-04-04 20:39:59.574475,0 days 00:00:06.799620,434,2,121.3,154.3,0.3,COMPLETE
856,856,0.6875,2026-04-04 20:39:59.586462,2026-04-04 20:40:06.248005,0 days 00:00:06.661543,386,1,122.4,150.8,0.31,COMPLETE
857,857,0.6875,2026-04-04 20:40:06.260138,2026-04-04 20:40:13.592091,0 days 00:00:07.331953,197,3,122.9,156.0,0.2,COMPLETE
858,858,0.6875,2026-04-04 20:40:13.603880,2026-04-04 20:40:21.325335,0 days 00:00:07.721455,157,2,115.3,148.6,0.21,COMPLETE
859,859,0.6875,2026-04-04 20:40:21.337692,2026-04-04 20:40:28.362460,0 days 00:00:07.024768,184,2,122.0,148.0,0.01,COMPLETE
860,860,0.6875,2026-04-04 20:40:28.374488,2026-04-04 20:40:36.167896,0 days 00:00:07.793408,242,1,118.1,159.5,0.88,COMPLETE
861,861,0.6875,2026-04-04 20:40:36.180993,2026-04-04 20:40:43.449626,0 days 00:00:07.268633,238,1,115.4,151.7,0.7000000000000001,COMPLETE
862,862,0.6875,2026-04-04 20:40:43.461914,2026-04-04 20:40:50.115273,0 days 00:00:06.653359,471,2,113.2,150.3,0.36,COMPLETE
863,863,0.6875,2026-04-04 20:40:50.127310,2026-04-04 20:40:56.897887,0 days 00:00:06.770577,262,1,113.8,149.8,0.7000000000000001,COMPLETE
864,864,0.6875,2026-04-04 20:40:56.909665,2026-04-04 20:41:05.315278,0 days 00:00:08.405613,183,2,126.8,158.8,1.18,COMPLETE
865,865,0.6875,2026-04-04 20:41:05.328040,2026-04-04 20:41:12.621607,0 days 00:00:07.293567,359,1,120.2,154.2,0.0,COMPLETE
866,866,0.6875,2026-04-04 20:41:12.634423,2026-04-04 20:41:20.319334,0 days 00:00:07.684911,195,1,117.8,148.0,1.46,COMPLETE
867,867,0.6875,2026-04-04 20:41:20.332026,2026-04-04 20:41:27.643364,0 days 00:00:07.311338,310,1,113.0,153.8,1.09,COMPLETE
868,868,0.6875,2026-04-04 20:41:27.655789,2026-04-04 20:41:34.338098,0 days 00:00:06.682309,369,1,115.2,154.9,1.0,COMPLETE
869,869,0.6875,2026-04-04 20:41:34.350330,2026-04-04 20:41:41.372425,0 days 00:00:07.022095,394,2,121.3,154.1,1.53,COMPLETE
870,870,0.6875,2026-04-04 20:41:41.384810,2026-04-04 20:41:48.439353,0 days 00:00:07.054543,336,2,118.1,157.8,0.73,COMPLETE
871,871,0.671875,2026-04-04 20:41:48.452255,2026-04-04 20:41:55.539705,0 days 00:00:07.087450,476,3,122.4,154.4,0.35000000000000003,COMPLETE
872,872,0.6875,2026-04-04 20:41:55.552011,2026-04-04 20:42:02.465823,0 days 00:00:06.913812,387,1,125.3,153.7,1.68,COMPLETE
873,873,0.6875,2026-04-04 20:42:02.477759,2026-04-04 20:42:09.079000,0 days 00:00:06.601241,425,2,124.7,152.8,1.0,COMPLETE
874,874,0.825,2026-04-04 20:42:09.091238,2026-04-04 20:42:43.191315,0 days 00:00:34.100077,415,3,121.8,152.8,0.23,COMPLETE
875,875,0.825,2026-04-04 20:42:43.203337,2026-04-04 20:43:17.001048,0 days 00:00:33.797711,465,3,122.6,152.5,0.36,COMPLETE
876,876,0.825,2026-04-04 20:43:17.013156,2026-04-04 20:43:51.010523,0 days 00:00:33.997367,422,3,123.0,154.3,0.11,COMPLETE
877,877,0.6875,2026-04-04 20:43:51.022447,2026-04-04 20:43:57.790737,0 days 00:00:06.768290,467,3,120.0,153.2,0.3,COMPLETE
878,878,0.6875,2026-04-04 20:43:57.802971,2026-04-04 20:44:04.290888,0 days 00:00:06.487917,475,3,120.3,154.2,0.77,COMPLETE
879,879,0.6875,2026-04-04 20:44:04.302951,2026-04-04 20:44:11.292771,0 days 00:00:06.989820,386,2,121.3,151.7,0.97,COMPLETE
880,880,0.6875,2026-04-04 20:44:11.302317,2026-04-04 20:44:18.073314,0 days 00:00:06.770997,385,3,122.8,153.5,0.58,COMPLETE
881,881,0.825,2026-04-04 20:44:18.085491,2026-04-04 20:44:52.212792,0 days 00:00:34.127301,459,3,124.1,156.7,0.31,COMPLETE
882,882,0.6875,2026-04-04 20:44:52.224801,2026-04-04 20:44:59.854018,0 days 00:00:07.629217,269,2,115.2,156.4,0.28,COMPLETE
883,883,0.6875,2026-04-04 20:44:59.866391,2026-04-04 20:45:07.254659,0 days 00:00:07.388268,198,2,121.9,155.5,1.79,COMPLETE
884,884,0.6875,2026-04-04 20:45:07.267020,2026-04-04 20:45:14.211791,0 days 00:00:06.944771,464,2,124.2,151.3,0.36,COMPLETE
885,885,0.825,2026-04-04 20:45:14.222998,2026-04-04 20:45:48.278747,0 days 00:00:34.055749,487,3,123.7,155.1,0.63,COMPLETE
886,886,0.6875,2026-04-04 20:45:48.290720,2026-04-04 20:45:56.091383,0 days 00:00:07.800663,152,2,117.1,156.3,0.37,COMPLETE
887,887,0.6875,2026-04-04 20:45:56.103737,2026-04-04 20:46:02.835679,0 days 00:00:06.731942,463,3,121.2,158.2,0.38,COMPLETE
888,888,0.6875,2026-04-04 20:46:02.847954,2026-04-04 20:46:10.257636,0 days 00:00:07.409682,396,1,119.4,150.4,0.05,COMPLETE
889,889,0.6875,2026-04-04 20:46:10.270625,2026-04-04 20:46:17.656758,0 days 00:00:07.386133,270,1,125.7,155.4,0.87,COMPLETE
890,890,0.6875,2026-04-04 20:46:17.666641,2026-04-04 20:46:24.380030,0 days 00:00:06.713389,485,3,121.5,154.5,0.46,COMPLETE
891,891,0.825,2026-04-04 20:46:24.392058,2026-04-04 20:46:58.433144,0 days 00:00:34.041086,436,3,121.3,157.0,0.05,COMPLETE
892,892,0.825,2026-04-04 20:46:58.446785,2026-04-04 20:47:32.466404,0 days 00:00:34.019619,473,3,122.2,154.5,0.07,COMPLETE
893,893,0.6875,2026-04-04 20:47:32.478784,2026-04-04 20:47:39.208303,0 days 00:00:06.729519,463,1,121.7,158.1,0.8,COMPLETE
894,894,0.6875,2026-04-04 20:47:39.217687,2026-04-04 20:47:46.459422,0 days 00:00:07.241735,250,3,122.1,154.7,1.22,COMPLETE
895,895,0.825,2026-04-04 20:47:46.471017,2026-04-04 20:48:20.369899,0 days 00:00:33.898882,495,3,123.3,154.8,0.24,COMPLETE
896,896,0.6875,2026-04-04 20:48:20.381799,2026-04-04 20:48:27.507578,0 days 00:00:07.125779,362,2,122.6,155.7,1.78,COMPLETE
897,897,0.825,2026-04-04 20:48:27.519523,2026-04-04 20:49:01.567301,0 days 00:00:34.047778,485,3,125.1,153.3,0.62,COMPLETE
898,898,0.6875,2026-04-04 20:49:01.579444,2026-04-04 20:49:09.039640,0 days 00:00:07.460196,161,2,126.0,150.5,0.8,COMPLETE
899,899,0.6875,2026-04-04 20:49:09.052151,2026-04-04 20:49:16.238349,0 days 00:00:07.186198,220,3,118.5,153.1,0.88,COMPLETE
900,900,0.6875,2026-04-04 20:49:16.251022,2026-04-04 20:49:23.705076,0 days 00:00:07.454054,206,3,126.8,148.8,0.4,COMPLETE
901,901,0.6875,2026-04-04 20:49:23.717698,2026-04-04 20:49:30.667824,0 days 00:00:06.950126,183,3,127.0,152.8,0.58,COMPLETE
902,902,0.6875,2026-04-04 20:49:30.680171,2026-04-04 20:49:38.316051,0 days 00:00:07.635880,278,2,117.3,159.5,0.61,COMPLETE
903,903,0.6875,2026-04-04 20:49:38.328808,2026-04-04 20:49:45.414475,0 days 00:00:07.085667,490,3,124.1,157.7,1.03,COMPLETE
904,904,0.6875,2026-04-04 20:49:45.426847,2026-04-04 20:49:52.510971,0 days 00:00:07.084124,497,3,121.3,151.2,0.27,COMPLETE
905,905,0.6875,2026-04-04 20:49:52.523952,2026-04-04 20:49:59.571813,0 days 00:00:07.047861,497,2,116.0,153.7,0.72,COMPLETE
906,906,0.6875,2026-04-04 20:49:59.584017,2026-04-04 20:50:07.511928,0 days 00:00:07.927911,215,3,125.8,153.1,1.68,COMPLETE
907,907,0.6875,2026-04-04 20:50:07.524240,2026-04-04 20:50:14.866269,0 days 00:00:07.342029,443,2,119.2,148.3,1.24,COMPLETE
908,908,0.6875,2026-04-04 20:50:14.877488,2026-04-04 20:50:22.422754,0 days 00:00:07.545266,476,1,119.4,157.5,1.37,COMPLETE
909,909,0.6875,2026-04-04 20:50:22.434947,2026-04-04 20:50:29.269889,0 days 00:00:06.834942,405,2,122.0,155.2,1.08,COMPLETE
910,910,0.6875,2026-04-04 20:50:29.282664,2026-04-04 20:50:36.596253,0 days 00:00:07.313589,317,1,118.9,148.4,1.74,COMPLETE
911,911,0.6875,2026-04-04 20:50:36.608522,2026-04-04 20:50:43.944672,0 days 00:00:07.336150,187,3,123.0,151.3,1.75,COMPLETE
912,912,0.6875,2026-04-04 20:50:43.957906,2026-04-04 20:50:50.756880,0 days 00:00:06.798974,487,2,126.9,152.8,1.37,COMPLETE
913,913,0.6875,2026-04-04 20:50:50.768443,2026-04-04 20:50:58.173819,0 days 00:00:07.405376,199,2,122.3,152.3,0.56,COMPLETE
914,914,0.6875,2026-04-04 20:50:58.183034,2026-04-04 20:51:05.757996,0 days 00:00:07.574962,296,2,116.3,159.6,1.81,COMPLETE
915,915,0.6875,2026-04-04 20:51:05.770238,2026-04-04 20:51:13.590276,0 days 00:00:07.820038,281,3,125.6,152.7,1.41,COMPLETE
916,916,0.6875,2026-04-04 20:51:13.602438,2026-04-04 20:51:21.365933,0 days 00:00:07.763495,421,1,114.5,158.1,1.51,COMPLETE
917,917,0.6875,2026-04-04 20:51:21.377995,2026-04-04 20:51:28.735465,0 days 00:00:07.357470,494,2,122.5,153.4,0.46,COMPLETE
918,918,0.6875,2026-04-04 20:51:28.747629,2026-04-04 20:51:36.403850,0 days 00:00:07.656221,385,1,113.3,154.8,1.49,COMPLETE
919,919,0.6875,2026-04-04 20:51:36.416290,2026-04-04 20:51:43.972576,0 days 00:00:07.556286,196,3,118.0,151.5,1.06,COMPLETE
920,920,0.6875,2026-04-04 20:51:43.988239,2026-04-04 20:51:50.822467,0 days 00:00:06.834228,159,1,116.4,150.2,0.7000000000000001,COMPLETE
921,921,0.6875,2026-04-04 20:51:50.835032,2026-04-04 20:51:57.566497,0 days 00:00:06.731465,194,2,119.1,148.6,1.22,COMPLETE
922,922,0.6875,2026-04-04 20:51:57.579834,2026-04-04 20:52:05.238887,0 days 00:00:07.659053,223,2,114.0,159.5,0.79,COMPLETE
923,923,0.6875,2026-04-04 20:52:05.247178,2026-04-04 20:52:12.261424,0 days 00:00:07.014246,208,1,113.6,152.9,1.61,COMPLETE
924,924,0.6875,2026-04-04 20:52:12.273816,2026-04-04 20:52:19.819428,0 days 00:00:07.545612,426,1,123.4,150.7,0.0,COMPLETE
925,925,0.6875,2026-04-04 20:52:19.832207,2026-04-04 20:52:26.724742,0 days 00:00:06.892535,406,2,119.9,148.0,1.79,COMPLETE
926,926,0.6875,2026-04-04 20:52:26.737297,2026-04-04 20:52:34.377275,0 days 00:00:07.639978,236,3,126.0,155.7,0.47000000000000003,COMPLETE
927,927,0.6875,2026-04-04 20:52:34.389691,2026-04-04 20:52:41.150148,0 days 00:00:06.760457,493,3,125.3,151.0,0.24,COMPLETE
928,928,0.6875,2026-04-04 20:52:41.158887,2026-04-04 20:52:48.180737,0 days 00:00:07.021850,495,1,118.8,149.6,1.37,COMPLETE
929,929,0.6875,2026-04-04 20:52:48.193543,2026-04-04 20:52:55.587008,0 days 00:00:07.393465,331,1,124.2,155.3,1.9000000000000001,COMPLETE
930,930,0.6875,2026-04-04 20:52:55.599787,2026-04-04 20:53:03.198300,0 days 00:00:07.598513,367,2,113.8,155.2,0.37,COMPLETE
931,931,0.6875,2026-04-04 20:53:03.210863,2026-04-04 20:53:10.484934,0 days 00:00:07.274071,178,2,118.3,153.7,0.23,COMPLETE
932,932,0.6875,2026-04-04 20:53:10.497345,2026-04-04 20:53:17.290560,0 days 00:00:06.793215,493,2,121.9,154.4,0.87,COMPLETE
933,933,0.825,2026-04-04 20:53:17.303141,2026-04-04 20:53:51.370653,0 days 00:00:34.067512,498,3,122.8,153.0,0.55,COMPLETE
934,934,0.6875,2026-04-04 20:53:51.382588,2026-04-04 20:53:58.900271,0 days 00:00:07.517683,451,1,113.1,153.6,1.1300000000000001,COMPLETE
935,935,0.6875,2026-04-04 20:53:58.912245,2026-04-04 20:54:05.813821,0 days 00:00:06.901576,300,2,113.1,156.6,0.9500000000000001,COMPLETE
936,936,0.6875,2026-04-04 20:54:05.826169,2026-04-04 20:54:12.753741,0 days 00:00:06.927572,417,2,117.5,153.0,1.34,COMPLETE
937,937,0.6875,2026-04-04 20:54:12.766230,2026-04-04 20:54:19.639693,0 days 00:00:06.873463,319,3,115.7,155.7,0.25,COMPLETE
938,938,0.6875,2026-04-04 20:54:19.651889,2026-04-04 20:54:26.885042,0 days 00:00:07.233153,316,1,123.8,152.6,1.36,COMPLETE
939,939,0.6875,2026-04-04 20:54:26.896941,2026-04-04 20:54:33.477675,0 days 00:00:06.580734,282,2,121.5,150.7,1.96,COMPLETE
940,940,0.6875,2026-04-04 20:54:33.489946,2026-04-04 20:54:40.438287,0 days 00:00:06.948341,233,3,123.8,154.1,0.49,COMPLETE
941,941,0.6875,2026-04-04 20:54:40.450288,2026-04-04 20:54:47.100767,0 days 00:00:06.650479,469,1,121.6,152.5,0.92,COMPLETE
942,942,0.6875,2026-04-04 20:54:47.113227,2026-04-04 20:54:54.250208,0 days 00:00:07.136981,269,3,126.7,151.3,1.78,COMPLETE
943,943,0.6875,2026-04-04 20:54:54.262301,2026-04-04 20:55:01.809544,0 days 00:00:07.547243,500,2,117.7,148.1,1.6300000000000001,COMPLETE
944,944,0.6875,2026-04-04 20:55:01.822225,2026-04-04 20:55:09.012543,0 days 00:00:07.190318,166,2,117.1,148.5,1.11,COMPLETE
945,945,0.6875,2026-04-04 20:55:09.024755,2026-04-04 20:55:16.485789,0 days 00:00:07.461034,259,3,126.2,152.7,0.06,COMPLETE
946,946,0.6875,2026-04-04 20:55:16.498057,2026-04-04 20:55:23.555326,0 days 00:00:07.057269,339,1,120.0,155.6,1.96,COMPLETE
947,947,0.6875,2026-04-04 20:55:23.567643,2026-04-04 20:55:30.618730,0 days 00:00:07.051087,173,3,122.1,154.9,0.67,COMPLETE
948,948,0.6875,2026-04-04 20:55:30.630963,2026-04-04 20:55:37.726350,0 days 00:00:07.095387,191,3,124.7,148.0,2.0,COMPLETE
949,949,0.6875,2026-04-04 20:55:37.734968,2026-04-04 20:55:44.869584,0 days 00:00:07.134616,414,3,126.9,153.1,0.43,COMPLETE
950,950,0.6875,2026-04-04 20:55:44.882096,2026-04-04 20:55:51.641099,0 days 00:00:06.759003,430,3,122.6,155.1,0.46,COMPLETE
951,951,0.6875,2026-04-04 20:55:51.653268,2026-04-04 20:55:58.722360,0 days 00:00:07.069092,459,3,126.5,150.6,1.3900000000000001,COMPLETE
952,952,0.6875,2026-04-04 20:55:58.731845,2026-04-04 20:56:06.690478,0 days 00:00:07.958633,290,2,118.1,159.0,1.61,COMPLETE
953,953,0.825,2026-04-04 20:56:06.703032,2026-04-04 20:56:12.663171,0 days 00:00:05.960139,423,3,124.8,151.6,0.41000000000000003,COMPLETE
954,954,0.671875,2026-04-04 20:56:12.675920,2026-04-04 20:56:19.600265,0 days 00:00:06.924345,303,1,123.5,155.1,0.23,COMPLETE
955,955,0.671875,2026-04-04 20:56:19.608970,2026-04-04 20:56:26.311052,0 days 00:00:06.702082,242,1,124.9,155.3,0.27,COMPLETE
956,956,0.6875,2026-04-04 20:56:26.322983,2026-04-04 20:56:32.843692,0 days 00:00:06.520709,248,1,124.3,157.3,0.34,COMPLETE
957,957,0.825,2026-04-04 20:56:32.856866,2026-04-04 20:56:37.933579,0 days 00:00:05.076713,280,2,125.3,154.4,0.21,COMPLETE
958,958,0.825,2026-04-04 20:56:37.946204,2026-04-04 20:57:12.318201,0 days 00:00:34.371997,240,1,121.7,157.2,0.06,COMPLETE
959,959,0.6875,2026-04-04 20:57:12.330787,2026-04-04 20:57:19.417930,0 days 00:00:07.087143,470,1,116.4,156.8,1.6300000000000001,COMPLETE
960,960,0.825,2026-04-04 20:57:19.430131,2026-04-04 20:57:36.895353,0 days 00:00:17.465222,293,1,126.0,154.2,0.27,COMPLETE
961,961,0.6875,2026-04-04 20:57:36.908452,2026-04-04 20:57:43.482911,0 days 00:00:06.574459,287,1,124.8,155.3,0.28,COMPLETE
962,962,0.6875,2026-04-04 20:57:43.495668,2026-04-04 20:57:50.041591,0 days 00:00:06.545923,299,1,123.4,153.9,0.68,COMPLETE
963,963,0.6875,2026-04-04 20:57:50.054488,2026-04-04 20:57:56.601125,0 days 00:00:06.546637,325,1,124.5,155.5,0.31,COMPLETE
964,964,0.6875,2026-04-04 20:57:56.613486,2026-04-04 20:58:03.128566,0 days 00:00:06.515080,309,1,124.2,155.4,0.29,COMPLETE
965,965,0.6875,2026-04-04 20:58:03.140844,2026-04-04 20:58:10.046679,0 days 00:00:06.905835,213,2,126.7,154.4,0.31,COMPLETE
966,966,0.6875,2026-04-04 20:58:10.058569,2026-04-04 20:58:17.019646,0 days 00:00:06.961077,428,2,123.5,157.7,0.6,COMPLETE
967,967,0.6875,2026-04-04 20:58:17.032087,2026-04-04 20:58:24.471481,0 days 00:00:07.439394,225,1,125.6,152.2,0.3,COMPLETE
968,968,0.6875,2026-04-04 20:58:24.483573,2026-04-04 20:58:30.986265,0 days 00:00:06.502692,222,1,124.2,152.3,0.07,COMPLETE
969,969,0.6875,2026-04-04 20:58:30.998404,2026-04-04 20:58:38.095722,0 days 00:00:07.097318,244,1,126.6,157.1,0.48,COMPLETE
970,970,0.6875,2026-04-04 20:58:38.108011,2026-04-04 20:58:45.194142,0 days 00:00:07.086131,301,1,120.2,155.4,0.21,COMPLETE
971,971,0.6875,2026-04-04 20:58:45.206684,2026-04-04 20:58:52.424367,0 days 00:00:07.217683,247,1,125.3,155.6,0.51,COMPLETE
972,972,0.6875,2026-04-04 20:58:52.436872,2026-04-04 20:58:59.015090,0 days 00:00:06.578218,252,1,124.0,154.7,0.45,COMPLETE
973,973,0.6875,2026-04-04 20:58:59.027459,2026-04-04 20:59:05.742015,0 days 00:00:06.714556,301,1,122.5,157.5,0.44,COMPLETE
974,974,0.6875,2026-04-04 20:59:05.754589,2026-04-04 20:59:12.864513,0 days 00:00:07.109924,207,2,125.2,154.2,0.85,COMPLETE
975,975,0.6875,2026-04-04 20:59:12.876722,2026-04-04 20:59:19.634475,0 days 00:00:06.757753,355,1,122.5,153.9,0.44,COMPLETE
976,976,0.825,2026-04-04 20:59:19.646565,2026-04-04 20:59:53.850891,0 days 00:00:34.204326,302,1,123.5,157.1,0.04,COMPLETE
977,977,0.825,2026-04-04 20:59:53.862802,2026-04-04 21:00:28.136847,0 days 00:00:34.274045,336,1,124.5,152.4,0.06,COMPLETE
978,978,0.6875,2026-04-04 21:00:28.148535,2026-04-04 21:00:34.977212,0 days 00:00:06.828677,441,2,123.9,154.1,0.47000000000000003,COMPLETE
979,979,0.6875,2026-04-04 21:00:34.989580,2026-04-04 21:00:42.909686,0 days 00:00:07.920106,271,2,114.7,148.6,1.11,COMPLETE
980,980,0.6875,2026-04-04 21:00:42.918930,2026-04-04 21:00:50.526187,0 days 00:00:07.607257,315,2,125.1,153.0,1.99,COMPLETE
981,981,0.6875,2026-04-04 21:00:50.538932,2026-04-04 21:00:57.476435,0 days 00:00:06.937503,234,1,126.0,156.5,0.32,COMPLETE
982,982,0.6875,2026-04-04 21:00:57.488600,2026-04-04 21:01:04.499152,0 days 00:00:07.010552,291,1,120.7,152.4,0.03,COMPLETE
983,983,0.6875,2026-04-04 21:01:04.511876,2026-04-04 21:01:11.412628,0 days 00:00:06.900752,231,1,122.5,154.3,0.48,COMPLETE
984,984,0.6875,2026-04-04 21:01:11.424939,2026-04-04 21:01:18.693013,0 days 00:00:07.268074,428,1,114.7,156.2,1.4000000000000001,COMPLETE
985,985,0.6875,2026-04-04 21:01:18.706339,2026-04-04 21:01:26.846830,0 days 00:00:08.140491,210,1,124.7,156.5,0.21,COMPLETE
986,986,0.6875,2026-04-04 21:01:26.859076,2026-04-04 21:01:33.486353,0 days 00:00:06.627277,236,1,126.0,155.1,0.12,COMPLETE
987,987,0.6875,2026-04-04 21:01:33.498979,2026-04-04 21:01:40.606152,0 days 00:00:07.107173,188,2,122.8,152.5,1.41,COMPLETE
988,988,0.6875,2026-04-04 21:01:40.618263,2026-04-04 21:01:47.563580,0 days 00:00:06.945317,255,2,119.3,156.7,0.84,COMPLETE
989,989,0.6875,2026-04-04 21:01:47.576135,2026-04-04 21:01:54.434049,0 days 00:00:06.857914,325,1,122.1,154.1,0.23,COMPLETE
990,990,0.6875,2026-04-04 21:01:54.445855,2026-04-04 21:02:01.171750,0 days 00:00:06.725895,358,1,124.6,156.6,0.03,COMPLETE
991,991,0.6875,2026-04-04 21:02:01.184677,2026-04-04 21:02:08.958425,0 days 00:00:07.773748,496,1,113.4,154.3,0.93,COMPLETE
992,992,0.6875,2026-04-04 21:02:08.971273,2026-04-04 21:02:16.904244,0 days 00:00:07.932971,311,2,125.3,156.9,0.59,COMPLETE
993,993,0.6875,2026-04-04 21:02:16.916860,2026-04-04 21:02:23.488690,0 days 00:00:06.571830,293,1,123.2,154.5,0.19,COMPLETE
994,994,0.6875,2026-04-04 21:02:23.500900,2026-04-04 21:02:30.090136,0 days 00:00:06.589236,187,1,123.7,154.0,0.2,COMPLETE
995,995,0.6875,2026-04-04 21:02:30.102382,2026-04-04 21:02:37.000353,0 days 00:00:06.897971,216,3,126.6,158.4,0.74,COMPLETE
996,996,0.825,2026-04-04 21:02:37.012575,2026-04-04 21:03:11.246958,0 days 00:00:34.234383,297,2,120.9,156.7,0.29,COMPLETE
997,997,0.6875,2026-04-04 21:03:11.259119,2026-04-04 21:03:18.053935,0 days 00:00:06.794816,242,1,122.3,155.6,0.37,COMPLETE
998,998,0.6875,2026-04-04 21:03:18.066724,2026-04-04 21:03:25.010827,0 days 00:00:06.944103,256,3,120.5,159.7,1.87,COMPLETE
999,999,0.6875,2026-04-04 21:03:25.023495,2026-04-04 21:03:31.568235,0 days 00:00:06.544740,375,2,122.0,159.7,1.28,COMPLETE
1000,1000,0.6875,2026-04-04 21:03:31.580547,2026-04-04 21:03:40.018482,0 days 00:00:08.437935,188,1,113.1,149.2,0.53,COMPLETE
1001,1001,0.6875,2026-04-04 21:03:40.031081,2026-04-04 21:03:46.617384,0 days 00:00:06.586303,276,1,113.0,152.6,0.12,COMPLETE
1002,1002,0.825,2026-04-04 21:03:46.630132,2026-04-04 21:03:54.706950,0 days 00:00:08.076818,262,1,123.7,155.1,0.15,COMPLETE
1003,1003,0.6875,2026-04-04 21:03:54.719390,2026-04-04 21:04:01.681979,0 days 00:00:06.962589,191,1,121.9,157.3,0.68,COMPLETE
1004,1004,0.825,2026-04-04 21:04:01.691285,2026-04-04 21:04:06.998772,0 days 00:00:05.307487,481,3,126.2,155.1,0.0,COMPLETE
1005,1005,0.6875,2026-04-04 21:04:07.011170,2026-04-04 21:04:14.153412,0 days 00:00:07.142242,191,3,124.3,153.2,1.49,COMPLETE
1006,1006,0.6875,2026-04-04 21:04:14.165155,2026-04-04 21:04:20.918507,0 days 00:00:06.753352,480,3,119.4,152.5,1.82,COMPLETE
1007,1007,0.6875,2026-04-04 21:04:20.930632,2026-04-04 21:04:27.892236,0 days 00:00:06.961604,282,3,122.9,150.4,0.71,COMPLETE
1008,1008,0.6875,2026-04-04 21:04:27.904499,2026-04-04 21:04:34.332206,0 days 00:00:06.427707,464,3,122.0,151.3,0.62,COMPLETE
1009,1009,0.6875,2026-04-04 21:04:34.344464,2026-04-04 21:04:41.007004,0 days 00:00:06.662540,339,2,123.0,151.6,0.17,COMPLETE
1010,1010,0.6875,2026-04-04 21:04:41.019534,2026-04-04 21:04:48.147708,0 days 00:00:07.128174,435,1,116.4,153.8,1.05,COMPLETE
1011,1011,0.6875,2026-04-04 21:04:48.160142,2026-04-04 21:04:55.351372,0 days 00:00:07.191230,361,3,116.5,158.8,1.5,COMPLETE
1012,1012,0.6875,2026-04-04 21:04:55.363740,2026-04-04 21:05:02.511007,0 days 00:00:07.147267,319,1,114.1,151.3,0.78,COMPLETE
1013,1013,0.6875,2026-04-04 21:05:02.522956,2026-04-04 21:05:09.406904,0 days 00:00:06.883948,315,3,119.6,151.9,1.3,COMPLETE
1014,1014,0.6875,2026-04-04 21:05:09.419362,2026-04-04 21:05:16.701882,0 days 00:00:07.282520,189,3,123.4,154.7,1.87,COMPLETE
1015,1015,0.6875,2026-04-04 21:05:16.714322,2026-04-04 21:05:23.872194,0 days 00:00:07.157872,303,2,119.4,160.0,1.1,COMPLETE
1016,1016,0.6875,2026-04-04 21:05:23.884707,2026-04-04 21:05:30.760083,0 days 00:00:06.875376,492,2,121.4,155.1,0.49,COMPLETE
1017,1017,0.6875,2026-04-04 21:05:30.772337,2026-04-04 21:05:38.252478,0 days 00:00:07.480141,406,1,114.0,154.5,1.07,COMPLETE
1018,1018,0.6875,2026-04-04 21:05:38.265325,2026-04-04 21:05:46.336332,0 days 00:00:08.071007,263,2,124.4,149.8,0.84,COMPLETE
1019,1019,0.825,2026-04-04 21:05:46.345413,2026-04-04 21:06:03.532371,0 days 00:00:17.186958,444,3,123.8,153.7,0.38,COMPLETE
1020,1020,0.825,2026-04-04 21:06:03.544737,2026-04-04 21:06:37.555663,0 days 00:00:34.010926,484,3,123.2,151.0,0.27,COMPLETE
1021,1021,0.6875,2026-04-04 21:06:37.568337,2026-04-04 21:06:44.713864,0 days 00:00:07.145527,207,1,126.2,152.7,0.66,COMPLETE
1022,1022,0.6875,2026-04-04 21:06:44.726053,2026-04-04 21:06:51.461916,0 days 00:00:06.735863,318,1,123.9,149.4,2.0,COMPLETE
1023,1023,0.6875,2026-04-04 21:06:51.474922,2026-04-04 21:06:58.598209,0 days 00:00:07.123287,320,1,126.5,156.4,0.62,COMPLETE
1024,1024,0.6875,2026-04-04 21:06:58.606702,2026-04-04 21:07:05.527359,0 days 00:00:06.920657,298,1,123.5,152.5,1.79,COMPLETE
1025,1025,0.825,2026-04-04 21:07:05.540212,2026-04-04 21:08:01.291926,0 days 00:00:55.751714,466,2,124.6,153.9,0.07,COMPLETE
1026,1026,0.6875,2026-04-04 21:08:01.304224,2026-04-04 21:08:08.688573,0 days 00:00:07.384349,475,1,116.1,156.2,0.77,COMPLETE
1027,1027,0.6875,2026-04-04 21:08:08.698467,2026-04-04 21:08:16.296535,0 days 00:00:07.598068,251,2,114.6,148.6,1.9000000000000001,COMPLETE
1028,1028,0.6875,2026-04-04 21:08:16.309076,2026-04-04 21:08:23.473644,0 days 00:00:07.164568,460,1,113.5,156.5,1.16,COMPLETE
1029,1029,0.6875,2026-04-04 21:08:23.481608,2026-04-04 21:08:30.852422,0 days 00:00:07.370814,393,1,123.4,156.1,0.72,COMPLETE
1030,1030,0.6875,2026-04-04 21:08:30.864654,2026-04-04 21:08:38.741249,0 days 00:00:07.876595,289,1,113.5,150.0,0.31,COMPLETE
1031,1031,0.6875,2026-04-04 21:08:38.753492,2026-04-04 21:08:45.596919,0 days 00:00:06.843427,221,2,117.0,150.2,1.51,COMPLETE
1032,1032,0.0,2026-04-04 21:08:45.608814,2026-04-04 21:08:52.807112,0 days 00:00:07.198298,257,2,123.3,155.0,0.25,COMPLETE
1033,1033,0.6875,2026-04-04 21:08:52.820993,2026-04-04 21:08:59.602027,0 days 00:00:06.781034,255,3,122.0,159.7,1.17,COMPLETE
1034,1034,0.6875,2026-04-04 21:08:59.614284,2026-04-04 21:09:06.738518,0 days 00:00:07.124234,352,1,121.3,152.3,0.04,COMPLETE
1035,1035,0.6875,2026-04-04 21:09:06.750802,2026-04-04 21:09:13.305676,0 days 00:00:06.554874,469,1,120.2,154.2,0.52,COMPLETE
1036,1036,0.825,2026-04-04 21:09:13.318511,2026-04-04 21:09:48.499593,0 days 00:00:35.181082,213,2,123.3,156.8,0.17,COMPLETE
1037,1037,0.6875,2026-04-04 21:09:48.511684,2026-04-04 21:09:55.139621,0 days 00:00:06.627937,241,2,121.0,154.8,0.07,COMPLETE
1038,1038,0.6875,2026-04-04 21:09:55.152408,2026-04-04 21:10:01.686298,0 days 00:00:06.533890,261,2,122.5,153.8,0.23,COMPLETE
1039,1039,0.6875,2026-04-04 21:10:01.698405,2026-04-04 21:10:09.019994,0 days 00:00:07.321589,356,2,113.4,154.5,0.77,COMPLETE
1040,1040,0.6875,2026-04-04 21:10:09.032340,2026-04-04 21:10:16.392344,0 days 00:00:07.360004,244,2,118.5,160.0,0.93,COMPLETE
1041,1041,0.6875,2026-04-04 21:10:16.404498,2026-04-04 21:10:23.880912,0 days 00:00:07.476414,410,3,126.3,153.4,1.29,COMPLETE
1042,1042,0.6875,2026-04-04 21:10:23.893969,2026-04-04 21:10:30.763005,0 days 00:00:06.869036,326,2,123.3,155.0,0.45,COMPLETE
1043,1043,0.6875,2026-04-04 21:10:30.775292,2026-04-04 21:10:37.361503,0 days 00:00:06.586211,273,2,123.7,155.0,0.88,COMPLETE
1044,1044,0.6875,2026-04-04 21:10:37.373658,2026-04-04 21:10:44.020875,0 days 00:00:06.647217,259,2,126.9,156.4,0.11,COMPLETE
1045,1045,0.6875,2026-04-04 21:10:44.033152,2026-04-04 21:10:50.853983,0 days 00:00:06.820831,245,2,122.3,154.6,0.71,COMPLETE
1046,1046,0.6875,2026-04-04 21:10:50.862763,2026-04-04 21:10:57.448730,0 days 00:00:06.585967,259,1,122.6,154.0,0.07,COMPLETE
1047,1047,0.6875,2026-04-04 21:10:57.460571,2026-04-04 21:11:04.534484,0 days 00:00:07.073913,314,1,126.5,159.1,0.11,COMPLETE
1048,1048,0.6875,2026-04-04 21:11:04.549873,2026-04-04 21:11:12.334339,0 days 00:00:07.784466,172,3,126.8,151.2,0.84,COMPLETE
1049,1049,0.6875,2026-04-04 21:11:12.346593,2026-04-04 21:11:19.030426,0 days 00:00:06.683833,272,2,123.1,151.0,0.42,COMPLETE
1050,1050,0.6875,2026-04-04 21:11:19.042817,2026-04-04 21:11:26.543668,0 days 00:00:07.500851,343,3,127.0,159.7,0.9500000000000001,COMPLETE
1051,1051,0.6875,2026-04-04 21:11:26.556211,2026-04-04 21:11:33.874416,0 days 00:00:07.318205,159,3,126.4,157.1,0.09,COMPLETE
1052,1052,0.6875,2026-04-04 21:11:33.886561,2026-04-04 21:11:41.034176,0 days 00:00:07.147615,266,2,120.0,157.7,1.35,COMPLETE
1053,1053,0.6875,2026-04-04 21:11:41.047146,2026-04-04 21:11:47.859072,0 days 00:00:06.811926,254,2,123.9,156.9,1.49,COMPLETE
1054,1054,0.6875,2026-04-04 21:11:47.872065,2026-04-04 21:11:55.409592,0 days 00:00:07.537527,309,2,114.5,155.8,0.29,COMPLETE
1055,1055,0.6875,2026-04-04 21:11:55.422051,2026-04-04 21:12:02.774928,0 days 00:00:07.352877,167,1,115.3,159.7,1.94,COMPLETE
1056,1056,0.6875,2026-04-04 21:12:02.787542,2026-04-04 21:12:10.832356,0 days 00:00:08.044814,202,3,126.4,152.9,1.8900000000000001,COMPLETE
1057,1057,0.6875,2026-04-04 21:12:10.844441,2026-04-04 21:12:17.920913,0 days 00:00:07.076472,151,3,126.7,149.0,0.61,COMPLETE
1058,1058,0.6875,2026-04-04 21:12:17.932850,2026-04-04 21:12:26.053314,0 days 00:00:08.120464,236,3,116.0,160.0,0.62,COMPLETE
1059,1059,0.6875,2026-04-04 21:12:26.065485,2026-04-04 21:12:33.873094,0 days 00:00:07.807609,493,3,123.3,149.8,0.63,COMPLETE
1060,1060,0.6875,2026-04-04 21:12:33.885267,2026-04-04 21:12:40.798003,0 days 00:00:06.912736,196,3,124.4,150.4,0.45,COMPLETE
1061,1061,0.6875,2026-04-04 21:12:40.810524,2026-04-04 21:12:48.070916,0 days 00:00:07.260392,220,3,117.5,155.5,0.5700000000000001,COMPLETE
1062,1062,0.6875,2026-04-04 21:12:48.083386,2026-04-04 21:12:55.114020,0 days 00:00:07.030634,397,1,123.2,152.2,1.8800000000000001,COMPLETE
1063,1063,0.6875,2026-04-04 21:12:55.126244,2026-04-04 21:13:01.940132,0 days 00:00:06.813888,280,2,124.3,153.8,0.52,COMPLETE
1064,1064,0.825,2026-04-04 21:13:01.951797,2026-04-04 21:13:35.873862,0 days 00:00:33.922065,487,3,120.3,154.8,0.03,COMPLETE
1065,1065,0.6875,2026-04-04 21:13:35.886099,2026-04-04 21:13:43.624930,0 days 00:00:07.738831,249,2,127.0,154.6,1.9100000000000001,COMPLETE
1066,1066,0.6875,2026-04-04 21:13:43.637686,2026-04-04 21:13:50.374955,0 days 00:00:06.737269,464,2,126.9,152.3,0.9500000000000001,COMPLETE
1067,1067,0.6875,2026-04-04 21:13:50.387640,2026-04-04 21:13:57.665783,0 days 00:00:07.278143,190,1,124.5,155.8,0.61,COMPLETE
1068,1068,0.6875,2026-04-04 21:13:57.678262,2026-04-04 21:14:04.633039,0 days 00:00:06.954777,381,1,119.4,152.8,0.52,COMPLETE
1069,1069,0.6875,2026-04-04 21:14:04.645265,2026-04-04 21:14:11.608306,0 days 00:00:06.963041,357,1,115.9,156.4,1.3,COMPLETE
1070,1070,0.6875,2026-04-04 21:14:11.621260,2026-04-04 21:14:18.994099,0 days 00:00:07.372839,392,1,124.0,156.9,1.7,COMPLETE
1071,1071,0.6875,2026-04-04 21:14:19.006275,2026-04-04 21:14:26.182452,0 days 00:00:07.176177,175,2,123.0,154.6,0.01,COMPLETE
1072,1072,0.6875,2026-04-04 21:14:26.195163,2026-04-04 21:14:32.718514,0 days 00:00:06.523351,271,2,123.8,155.3,0.49,COMPLETE
1073,1073,0.6875,2026-04-04 21:14:32.730992,2026-04-04 21:14:39.261176,0 days 00:00:06.530184,240,2,122.0,155.3,0.46,COMPLETE
1074,1074,0.6875,2026-04-04 21:14:39.273761,2026-04-04 21:14:46.112126,0 days 00:00:06.838365,283,1,126.7,156.6,0.0,COMPLETE
1075,1075,0.6875,2026-04-04 21:14:46.124799,2026-04-04 21:14:53.957098,0 days 00:00:07.832299,442,1,113.2,155.0,1.45,COMPLETE
1076,1076,0.6875,2026-04-04 21:14:53.969875,2026-04-04 21:15:01.316107,0 days 00:00:07.346232,251,3,120.0,151.8,1.0,COMPLETE
1077,1077,0.6875,2026-04-04 21:15:01.325122,2026-04-04 21:15:08.237147,0 days 00:00:06.912025,192,2,123.5,153.9,0.37,COMPLETE
1078,1078,0.6875,2026-04-04 21:15:08.250130,2026-04-04 21:15:15.641163,0 days 00:00:07.391033,425,2,113.9,153.5,1.7,COMPLETE
1079,1079,0.6875,2026-04-04 21:15:15.654010,2026-04-04 21:15:22.064018,0 days 00:00:06.410008,498,1,114.7,153.5,1.36,COMPLETE
1080,1080,0.6875,2026-04-04 21:15:22.076309,2026-04-04 21:15:29.571681,0 days 00:00:07.495372,257,3,121.6,153.1,0.73,COMPLETE
1081,1081,0.6875,2026-04-04 21:15:29.583551,2026-04-04 21:15:36.487833,0 days 00:00:06.904282,260,3,125.8,155.3,0.19,COMPLETE
1082,1082,0.6875,2026-04-04 21:15:36.500438,2026-04-04 21:15:43.142122,0 days 00:00:06.641684,341,1,124.2,154.7,1.44,COMPLETE
1083,1083,0.6875,2026-04-04 21:15:43.154601,2026-04-04 21:15:50.378608,0 days 00:00:07.224007,451,2,126.7,148.0,0.23,COMPLETE
1084,1084,0.6875,2026-04-04 21:15:50.390681,2026-04-04 21:15:58.065541,0 days 00:00:07.674860,181,3,126.9,156.4,0.44,COMPLETE
1085,1085,0.6875,2026-04-04 21:15:58.078304,2026-04-04 21:16:05.069707,0 days 00:00:06.991403,196,3,122.4,151.9,0.48,COMPLETE
1086,1086,0.6875,2026-04-04 21:16:05.078551,2026-04-04 21:16:11.879852,0 days 00:00:06.801301,202,2,124.2,156.4,0.35000000000000003,COMPLETE
1087,1087,0.6875,2026-04-04 21:16:11.892114,2026-04-04 21:16:18.610475,0 days 00:00:06.718361,296,1,126.4,152.8,0.68,COMPLETE
1088,1088,0.6875,2026-04-04 21:16:18.623083,2026-04-04 21:16:25.348047,0 days 00:00:06.724964,258,2,123.5,155.9,0.2,COMPLETE
1089,1089,0.6875,2026-04-04 21:16:25.357134,2026-04-04 21:16:33.128874,0 days 00:00:07.771740,211,1,113.7,155.2,0.56,COMPLETE
1090,1090,0.6875,2026-04-04 21:16:33.141638,2026-04-04 21:16:40.034596,0 days 00:00:06.892958,177,2,113.8,152.5,1.34,COMPLETE
1091,1091,0.825,2026-04-04 21:16:40.047133,2026-04-04 21:17:14.761770,0 days 00:00:34.714637,328,2,123.3,153.6,0.1,COMPLETE
1092,1092,0.6875,2026-04-04 21:17:14.774209,2026-04-04 21:17:21.877491,0 days 00:00:07.103282,370,1,118.7,157.6,1.22,COMPLETE
1093,1093,0.6875,2026-04-04 21:17:21.889500,2026-04-04 21:17:29.744922,0 days 00:00:07.855422,170,3,126.8,154.5,1.3,COMPLETE
1094,1094,0.6875,2026-04-04 21:17:29.756872,2026-04-04 21:17:37.173618,0 days 00:00:07.416746,213,2,117.7,158.4,0.8,COMPLETE
1095,1095,0.6875,2026-04-04 21:17:37.185776,2026-04-04 21:17:44.186328,0 days 00:00:07.000552,201,2,122.0,153.5,0.92,COMPLETE
1096,1096,0.825,2026-04-04 21:17:44.198967,2026-04-04 21:18:18.213848,0 days 00:00:34.014881,346,1,122.6,155.0,0.07,COMPLETE
1097,1097,0.6875,2026-04-04 21:18:18.225779,2026-04-04 21:18:26.077893,0 days 00:00:07.852114,303,1,113.3,148.9,0.74,COMPLETE
1098,1098,0.6875,2026-04-04 21:18:26.090805,2026-04-04 21:18:33.959206,0 days 00:00:07.868401,290,2,123.1,158.4,1.99,COMPLETE
1099,1099,0.6875,2026-04-04 21:18:33.971938,2026-04-04 21:18:41.701678,0 days 00:00:07.729740,231,3,124.2,148.3,0.19,COMPLETE
1100,1100,0.6875,2026-04-04 21:18:41.711421,2026-04-04 21:18:49.608062,0 days 00:00:07.896641,342,1,113.9,156.5,1.12,COMPLETE
1101,1101,0.6875,2026-04-04 21:18:49.620753,2026-04-04 21:18:56.867118,0 days 00:00:07.246365,417,1,121.5,159.4,0.99,COMPLETE
1102,1102,0.6875,2026-04-04 21:18:56.879715,2026-04-04 21:19:04.236832,0 days 00:00:07.357117,498,3,123.5,150.5,0.01,COMPLETE
1103,1103,0.6875,2026-04-04 21:19:04.245849,2026-04-04 21:19:12.209339,0 days 00:00:07.963490,238,1,113.1,152.2,0.55,COMPLETE
1104,1104,0.6875,2026-04-04 21:19:12.221743,2026-04-04 21:19:19.195894,0 days 00:00:06.974151,365,2,113.6,158.5,0.23,COMPLETE
1105,1105,0.6875,2026-04-04 21:19:19.208102,2026-04-04 21:19:27.041790,0 days 00:00:07.833688,334,1,125.8,159.2,1.94,COMPLETE
1106,1106,0.6875,2026-04-04 21:19:27.054121,2026-04-04 21:19:34.178164,0 days 00:00:07.124043,474,1,118.6,159.4,1.02,COMPLETE
1107,1107,0.6875,2026-04-04 21:19:34.186961,2026-04-04 21:19:41.159412,0 days 00:00:06.972451,432,1,115.3,155.7,1.0,COMPLETE
1108,1108,0.6875,2026-04-04 21:19:41.171770,2026-04-04 21:19:48.085139,0 days 00:00:06.913369,351,1,113.1,152.7,0.42,COMPLETE
1109,1109,0.6875,2026-04-04 21:19:48.097731,2026-04-04 21:19:56.027709,0 days 00:00:07.929978,226,2,125.5,151.0,1.62,COMPLETE
1110,1110,0.6875,2026-04-04 21:19:56.040062,2026-04-04 21:20:02.920422,0 days 00:00:06.880360,257,1,120.3,153.0,0.6900000000000001,COMPLETE
1111,1111,0.6875,2026-04-04 21:20:02.932894,2026-04-04 21:20:09.512221,0 days 00:00:06.579327,458,3,122.8,153.3,0.5700000000000001,COMPLETE
1112,1112,0.6875,2026-04-04 21:20:09.524774,2026-04-04 21:20:16.607329,0 days 00:00:07.082555,258,2,122.5,158.5,0.38,COMPLETE
1113,1113,0.6875,2026-04-04 21:20:16.617337,2026-04-04 21:20:23.898355,0 days 00:00:07.281018,152,1,126.7,158.0,0.46,COMPLETE
1114,1114,0.6875,2026-04-04 21:20:23.910740,2026-04-04 21:20:30.849373,0 days 00:00:06.938633,262,3,127.0,153.2,0.68,COMPLETE
1115,1115,0.6875,2026-04-04 21:20:30.862531,2026-04-04 21:20:37.498959,0 days 00:00:06.636428,500,2,124.0,153.9,0.9500000000000001,COMPLETE
1116,1116,0.6875,2026-04-04 21:20:37.508168,2026-04-04 21:20:44.538589,0 days 00:00:07.030421,408,3,123.2,149.6,0.17,COMPLETE
1117,1117,0.6875,2026-04-04 21:20:44.552113,2026-04-04 21:20:52.140674,0 days 00:00:07.588561,165,3,124.6,152.8,0.67,COMPLETE
1118,1118,0.6875,2026-04-04 21:20:52.153142,2026-04-04 21:20:59.159979,0 days 00:00:07.006837,222,2,118.2,150.9,1.08,COMPLETE
1119,1119,0.6875,2026-04-04 21:20:59.169547,2026-04-04 21:21:05.715340,0 days 00:00:06.545793,344,2,120.1,150.8,0.51,COMPLETE
1120,1120,0.6875,2026-04-04 21:21:05.727817,2026-04-04 21:21:13.244027,0 days 00:00:07.516210,280,3,125.3,157.7,0.42,COMPLETE
1121,1121,0.825,2026-04-04 21:21:13.256309,2026-04-04 21:21:47.635460,0 days 00:00:34.379151,278,2,122.9,152.9,0.0,COMPLETE
1122,1122,0.6875,2026-04-04 21:21:47.647590,2026-04-04 21:21:54.681248,0 days 00:00:07.033658,379,1,117.9,152.3,0.15,COMPLETE
1123,1123,0.6875,2026-04-04 21:21:54.692601,2026-04-04 21:22:01.810293,0 days 00:00:07.117692,425,2,113.1,157.5,1.02,COMPLETE
1124,1124,0.6875,2026-04-04 21:22:01.821097,2026-04-04 21:22:09.351456,0 days 00:00:07.530359,329,1,122.1,158.6,1.08,COMPLETE
1125,1125,0.825,2026-04-04 21:22:09.364261,2026-04-04 21:23:05.683209,0 days 00:00:56.318948,270,1,125.5,153.6,0.01,COMPLETE
1126,1126,0.825,2026-04-04 21:23:05.694722,2026-04-04 21:23:39.518958,0 days 00:00:33.824236,498,1,125.0,154.0,0.5700000000000001,COMPLETE
1127,1127,0.825,2026-04-04 21:23:39.531235,2026-04-04 21:24:13.819720,0 days 00:00:34.288485,315,1,122.1,156.6,0.56,COMPLETE
1128,1128,0.6875,2026-04-04 21:24:13.832383,2026-04-04 21:24:20.821239,0 days 00:00:06.988856,159,1,123.0,156.4,0.13,COMPLETE
1129,1129,0.6875,2026-04-04 21:24:20.833653,2026-04-04 21:24:27.912305,0 days 00:00:07.078652,358,2,116.0,156.1,0.24,COMPLETE
1130,1130,0.6875,2026-04-04 21:24:27.925199,2026-04-04 21:24:35.774732,0 days 00:00:07.849533,483,3,127.0,149.3,0.41000000000000003,COMPLETE
1131,1131,0.6875,2026-04-04 21:24:35.787137,2026-04-04 21:24:44.198083,0 days 00:00:08.410946,212,2,116.5,157.3,1.36,COMPLETE
1132,1132,0.825,2026-04-04 21:24:44.211627,2026-04-04 21:25:18.579250,0 days 00:00:34.367623,471,2,122.1,153.4,0.1,COMPLETE
1133,1133,0.6875,2026-04-04 21:25:18.591841,2026-04-04 21:25:25.712883,0 days 00:00:07.121042,234,3,123.9,153.7,1.44,COMPLETE
1134,1134,0.6875,2026-04-04 21:25:25.725931,2026-04-04 21:25:33.194446,0 days 00:00:07.468515,238,2,113.5,153.4,0.37,COMPLETE
1135,1135,0.825,2026-04-04 21:25:33.207129,2026-04-04 21:25:39.148246,0 days 00:00:05.941117,259,2,123.5,155.0,0.03,COMPLETE
1136,1136,0.6875,2026-04-04 21:25:39.160809,2026-04-04 21:25:45.985052,0 days 00:00:06.824243,356,2,125.7,151.4,1.03,COMPLETE
1137,1137,0.6875,2026-04-04 21:25:45.997431,2026-04-04 21:25:53.054677,0 days 00:00:07.057246,186,1,126.6,154.4,0.23,COMPLETE
1138,1138,0.6875,2026-04-04 21:25:53.066975,2026-04-04 21:25:59.903449,0 days 00:00:06.836474,454,1,125.9,150.7,1.1,COMPLETE
1139,1139,0.6875,2026-04-04 21:25:59.915913,2026-04-04 21:26:08.342975,0 days 00:00:08.427062,159,2,117.7,159.9,0.74,COMPLETE
1140,1140,0.6875,2026-04-04 21:26:08.355660,2026-04-04 21:26:14.848464,0 days 00:00:06.492804,249,2,118.0,159.6,1.71,COMPLETE
1141,1141,0.6875,2026-04-04 21:26:14.861224,2026-04-04 21:26:22.231835,0 days 00:00:07.370611,178,3,118.5,152.6,1.48,COMPLETE
1142,1142,0.6875,2026-04-04 21:26:22.240781,2026-04-04 21:26:29.802922,0 days 00:00:07.562141,192,3,127.0,159.2,0.34,COMPLETE
1143,1143,0.6875,2026-04-04 21:26:29.815747,2026-04-04 21:26:37.756672,0 days 00:00:07.940925,452,1,113.7,154.8,1.8900000000000001,COMPLETE
1144,1144,0.6875,2026-04-04 21:26:37.768787,2026-04-04 21:26:45.139612,0 days 00:00:07.370825,461,3,122.4,153.8,0.32,COMPLETE
1145,1145,0.6875,2026-04-04 21:26:45.152260,2026-04-04 21:26:52.867782,0 days 00:00:07.715522,259,1,113.5,150.7,1.17,COMPLETE
1146,1146,0.6875,2026-04-04 21:26:52.879868,2026-04-04 21:27:00.968420,0 days 00:00:08.088552,307,1,126.7,153.2,1.41,COMPLETE
1147,1147,0.6875,2026-04-04 21:27:00.977858,2026-04-04 21:27:07.304810,0 days 00:00:06.326952,439,2,126.6,153.3,1.37,COMPLETE
1148,1148,0.6875,2026-04-04 21:27:07.317255,2026-04-04 21:27:14.470104,0 days 00:00:07.152849,201,3,124.3,154.6,0.5,COMPLETE
1149,1149,0.6875,2026-04-04 21:27:14.483040,2026-04-04 21:27:21.224726,0 days 00:00:06.741686,322,1,123.6,153.9,1.97,COMPLETE
1150,1150,0.6875,2026-04-04 21:27:21.237359,2026-04-04 21:27:28.203115,0 days 00:00:06.965756,336,1,122.2,149.6,0.65,COMPLETE
1151,1151,0.6875,2026-04-04 21:27:28.215937,2026-04-04 21:27:35.078991,0 days 00:00:06.863054,244,3,124.8,150.2,0.51,COMPLETE
1152,1152,0.825,2026-04-04 21:27:35.091322,2026-04-04 21:28:09.340760,0 days 00:00:34.249438,402,1,121.4,152.5,0.26,COMPLETE
1153,1153,0.6875,2026-04-04 21:28:09.352977,2026-04-04 21:28:16.374731,0 days 00:00:07.021754,251,1,124.1,155.4,0.03,COMPLETE
1154,1154,0.825,2026-04-04 21:28:16.387196,2026-04-04 21:28:32.911987,0 days 00:00:16.524791,498,3,126.1,153.0,0.39,COMPLETE
1155,1155,0.825,2026-04-04 21:28:32.924954,2026-04-04 21:29:07.464059,0 days 00:00:34.539105,402,3,119.9,156.2,0.33,COMPLETE
1156,1156,0.6875,2026-04-04 21:29:07.475678,2026-04-04 21:29:14.089873,0 days 00:00:06.614195,425,3,122.6,154.9,0.78,COMPLETE
1157,1157,0.6875,2026-04-04 21:29:14.102140,2026-04-04 21:29:21.007009,0 days 00:00:06.904869,173,2,121.2,154.8,0.7000000000000001,COMPLETE
1158,1158,0.6875,2026-04-04 21:29:21.016514,2026-04-04 21:29:27.774632,0 days 00:00:06.758118,270,3,116.7,153.9,0.67,COMPLETE
1159,1159,0.6875,2026-04-04 21:29:27.785755,2026-04-04 21:29:34.469353,0 days 00:00:06.683598,287,3,117.7,157.5,1.51,COMPLETE
1160,1160,0.6875,2026-04-04 21:29:34.482771,2026-04-04 21:29:42.154516,0 days 00:00:07.671745,248,1,117.0,149.3,0.8300000000000001,COMPLETE
1161,1161,0.825,2026-04-04 21:29:42.163559,2026-04-04 21:30:16.820234,0 days 00:00:34.656675,493,3,122.7,155.9,0.22,COMPLETE
1162,1162,0.6875,2026-04-04 21:30:16.832331,2026-04-04 21:30:24.014186,0 days 00:00:07.181855,387,1,116.9,156.9,0.93,COMPLETE
1163,1163,0.6875,2026-04-04 21:30:24.023298,2026-04-04 21:30:31.618746,0 days 00:00:07.595448,178,2,119.2,149.5,1.43,COMPLETE
1164,1164,0.6875,2026-04-04 21:30:31.631116,2026-04-04 21:30:38.812234,0 days 00:00:07.181118,490,2,126.6,151.0,1.19,COMPLETE
1165,1165,0.6875,2026-04-04 21:30:38.824743,2026-04-04 21:30:46.419181,0 days 00:00:07.594438,478,1,115.2,151.9,0.54,COMPLETE
1166,1166,0.6875,2026-04-04 21:30:46.431457,2026-04-04 21:30:53.865448,0 days 00:00:07.433991,203,1,120.9,149.7,1.81,COMPLETE
1167,1167,0.6875,2026-04-04 21:30:53.877945,2026-04-04 21:31:01.421766,0 days 00:00:07.543821,337,2,113.3,156.9,0.5,COMPLETE
1168,1168,0.6875,2026-04-04 21:31:01.434477,2026-04-04 21:31:08.519094,0 days 00:00:07.084617,361,2,119.0,157.9,1.6500000000000001,COMPLETE
1169,1169,0.6875,2026-04-04 21:31:08.531461,2026-04-04 21:31:15.173570,0 days 00:00:06.642109,446,1,121.0,157.7,1.1500000000000001,COMPLETE
1170,1170,0.6875,2026-04-04 21:31:15.186606,2026-04-04 21:31:23.271986,0 days 00:00:08.085380,237,3,126.9,150.0,1.03,COMPLETE
1171,1171,0.6875,2026-04-04 21:31:23.284051,2026-04-04 21:31:30.355321,0 days 00:00:07.071270,483,2,119.8,151.1,0.52,COMPLETE
1172,1172,0.6875,2026-04-04 21:31:30.368225,2026-04-04 21:31:37.500138,0 days 00:00:07.131913,435,2,115.1,153.2,1.2,COMPLETE
1173,1173,0.6875,2026-04-04 21:31:37.514239,2026-04-04 21:31:44.518612,0 days 00:00:07.004373,353,1,113.7,155.5,1.57,COMPLETE
1174,1174,0.6875,2026-04-04 21:31:44.531490,2026-04-04 21:31:51.356077,0 days 00:00:06.824587,437,1,115.1,151.9,1.37,COMPLETE
1175,1175,0.6875,2026-04-04 21:31:51.368670,2026-04-04 21:31:59.354155,0 days 00:00:07.985485,306,2,124.7,157.3,0.14,COMPLETE
1176,1176,0.6875,2026-04-04 21:31:59.366624,2026-04-04 21:32:06.765584,0 days 00:00:07.398960,397,2,123.1,149.2,0.59,COMPLETE
1177,1177,0.825,2026-04-04 21:32:06.774616,2026-04-04 21:32:41.206072,0 days 00:00:34.431456,495,2,123.3,156.5,0.9400000000000001,COMPLETE
1178,1178,0.6875,2026-04-04 21:32:41.218943,2026-04-04 21:32:48.516818,0 days 00:00:07.297875,246,2,118.8,157.0,1.83,COMPLETE
1179,1179,0.6875,2026-04-04 21:32:48.529112,2026-04-04 21:32:56.254258,0 days 00:00:07.725146,185,3,126.7,150.8,0.27,COMPLETE
1180,1180,0.6875,2026-04-04 21:32:56.267167,2026-04-04 21:33:03.098235,0 days 00:00:06.831068,236,3,127.0,155.6,0.16,COMPLETE
1181,1181,0.6875,2026-04-04 21:33:03.110538,2026-04-04 21:33:09.856158,0 days 00:00:06.745620,314,1,122.4,155.3,0.48,COMPLETE
1182,1182,0.6875,2026-04-04 21:33:09.868427,2026-04-04 21:33:16.446795,0 days 00:00:06.578368,273,3,120.1,154.7,0.74,COMPLETE
1183,1183,0.6875,2026-04-04 21:33:16.459295,2026-04-04 21:33:23.318074,0 days 00:00:06.858779,440,2,124.5,153.6,1.98,COMPLETE
1184,1184,0.6875,2026-04-04 21:33:23.331029,2026-04-04 21:33:30.306575,0 days 00:00:06.975546,247,2,124.1,155.2,0.51,COMPLETE
1185,1185,0.6875,2026-04-04 21:33:30.319123,2026-04-04 21:33:38.189369,0 days 00:00:07.870246,199,2,115.7,149.7,1.26,COMPLETE
1186,1186,0.671875,2026-04-04 21:33:38.202366,2026-04-04 21:33:45.629532,0 days 00:00:07.427166,464,3,124.1,152.7,0.31,COMPLETE
1187,1187,0.825,2026-04-04 21:33:45.642854,2026-04-04 21:34:02.781876,0 days 00:00:17.139022,449,3,126.1,152.7,0.22,COMPLETE
1188,1188,0.825,2026-04-04 21:34:02.794331,2026-04-04 21:34:36.907423,0 days 00:00:34.113092,428,3,122.7,152.6,0.16,COMPLETE
1189,1189,0.6875,2026-04-04 21:34:36.918836,2026-04-04 21:34:43.715038,0 days 00:00:06.796202,500,2,126.6,151.7,0.41000000000000003,COMPLETE
1190,1190,0.6875,2026-04-04 21:34:43.728471,2026-04-04 21:34:50.448694,0 days 00:00:06.720223,441,3,123.5,153.9,0.23,COMPLETE
1191,1191,0.6875,2026-04-04 21:34:50.462467,2026-04-04 21:34:56.873664,0 days 00:00:06.411197,495,3,123.5,152.5,0.28,COMPLETE
1192,1192,0.6875,2026-04-04 21:34:56.883049,2026-04-04 21:35:03.514903,0 days 00:00:06.631854,437,3,124.9,150.1,0.6,COMPLETE
1193,1193,0.825,2026-04-04 21:35:03.527239,2026-04-04 21:35:38.085723,0 days 00:00:34.558484,317,3,122.5,156.5,0.5,COMPLETE
1194,1194,0.6875,2026-04-04 21:35:38.098331,2026-04-04 21:35:45.047226,0 days 00:00:06.948895,453,3,124.9,151.6,0.62,COMPLETE
1195,1195,0.6875,2026-04-04 21:35:45.059365,2026-04-04 21:35:51.578882,0 days 00:00:06.519517,410,3,123.6,152.6,0.76,COMPLETE
1196,1196,0.6875,2026-04-04 21:35:51.592204,2026-04-04 21:35:58.399273,0 days 00:00:06.807069,468,3,121.5,151.2,0.4,COMPLETE
1197,1197,0.6875,2026-04-04 21:35:58.411628,2026-04-04 21:36:05.584171,0 days 00:00:07.172543,246,3,123.7,152.8,0.8,COMPLETE
1198,1198,0.6875,2026-04-04 21:36:05.596745,2026-04-04 21:36:13.293379,0 days 00:00:07.696634,415,1,113.0,154.8,1.09,COMPLETE
1199,1199,0.825,2026-04-04 21:36:13.306423,2026-04-04 21:36:48.513976,0 days 00:00:35.207553,464,3,125.4,152.1,0.33,COMPLETE
1200,1200,0.825,2026-04-04 21:36:48.526361,2026-04-04 21:37:44.246915,0 days 00:00:55.720554,444,3,124.9,153.9,0.45,COMPLETE
1201,1201,0.6875,2026-04-04 21:37:44.255921,2026-04-04 21:37:51.572804,0 days 00:00:07.316883,237,3,126.8,155.1,1.62,COMPLETE
1202,1202,0.825,2026-04-04 21:37:51.585271,2026-04-04 21:38:25.542828,0 days 00:00:33.957557,364,1,125.6,153.7,0.07,COMPLETE
1203,1203,0.671875,2026-04-04 21:38:25.555303,2026-04-04 21:38:32.297787,0 days 00:00:06.742484,454,2,122.7,154.4,0.54,COMPLETE
1204,1204,0.6875,2026-04-04 21:38:32.310051,2026-04-04 21:38:38.799751,0 days 00:00:06.489700,499,3,123.7,153.6,0.44,COMPLETE
1205,1205,0.6875,2026-04-04 21:38:38.812427,2026-04-04 21:38:45.611521,0 days 00:00:06.799094,456,2,120.8,154.1,0.45,COMPLETE
1206,1206,0.6875,2026-04-04 21:38:45.623937,2026-04-04 21:38:52.349080,0 days 00:00:06.725143,441,2,122.8,153.3,0.75,COMPLETE
1207,1207,0.6875,2026-04-04 21:38:52.362012,2026-04-04 21:38:58.891917,0 days 00:00:06.529905,394,2,121.6,153.3,0.49,COMPLETE
1208,1208,0.6875,2026-04-04 21:38:58.904568,2026-04-04 21:39:05.938533,0 days 00:00:07.033965,440,1,126.6,155.7,0.44,COMPLETE
1209,1209,0.6875,2026-04-04 21:39:05.951105,2026-04-04 21:39:14.588293,0 days 00:00:08.637188,150,3,115.5,149.7,1.36,COMPLETE
1210,1210,0.6875,2026-04-04 21:39:14.600944,2026-04-04 21:39:22.051369,0 days 00:00:07.450425,404,2,123.2,153.8,0.52,COMPLETE
1211,1211,0.6875,2026-04-04 21:39:22.064317,2026-04-04 21:39:28.484608,0 days 00:00:06.420291,472,2,122.7,154.3,0.5,COMPLETE
1212,1212,0.6875,2026-04-04 21:39:28.496963,2026-04-04 21:39:35.834607,0 days 00:00:07.337644,288,2,120.4,148.7,1.42,COMPLETE
1213,1213,0.6875,2026-04-04 21:39:35.847044,2026-04-04 21:39:42.946462,0 days 00:00:07.099418,415,1,123.3,153.7,0.56,COMPLETE
1214,1214,0.6875,2026-04-04 21:39:42.959133,2026-04-04 21:39:49.572902,0 days 00:00:06.613769,404,2,122.6,152.2,0.2,COMPLETE
1215,1215,0.6875,2026-04-04 21:39:49.585691,2026-04-04 21:39:57.417416,0 days 00:00:07.831725,338,1,115.6,159.0,1.96,COMPLETE
1216,1216,0.6875,2026-04-04 21:39:57.430013,2026-04-04 21:40:04.244223,0 days 00:00:06.814210,352,3,113.0,156.7,0.12,COMPLETE
1217,1217,0.6875,2026-04-04 21:40:04.257077,2026-04-04 21:40:11.745564,0 days 00:00:07.488487,479,2,121.8,154.2,0.61,COMPLETE
1218,1218,0.6875,2026-04-04 21:40:11.756005,2026-04-04 21:40:19.214292,0 days 00:00:07.458287,273,3,115.7,150.3,0.81,COMPLETE
1219,1219,0.6875,2026-04-04 21:40:19.227313,2026-04-04 21:40:26.659021,0 days 00:00:07.431708,466,2,123.7,155.4,0.49,COMPLETE
1220,1220,0.6875,2026-04-04 21:40:26.671659,2026-04-04 21:40:33.266270,0 days 00:00:06.594611,463,2,123.4,153.0,0.33,COMPLETE
1221,1221,0.6875,2026-04-04 21:40:33.274816,2026-04-04 21:40:40.668933,0 days 00:00:07.394117,291,1,117.6,157.7,1.59,COMPLETE
1222,1222,0.825,2026-04-04 21:40:40.682171,2026-04-04 21:41:14.749151,0 days 00:00:34.066980,443,2,120.1,156.2,0.51,COMPLETE
1223,1223,0.6875,2026-04-04 21:41:14.759063,2026-04-04 21:41:22.057218,0 days 00:00:07.298155,178,3,123.5,157.9,0.43,COMPLETE
1224,1224,0.6875,2026-04-04 21:41:22.069916,2026-04-04 21:41:28.991326,0 days 00:00:06.921410,481,2,126.8,155.1,1.24,COMPLETE
1225,1225,0.825,2026-04-04 21:41:29.003214,2026-04-04 21:42:04.126689,0 days 00:00:35.123475,458,2,121.2,155.4,0.22,COMPLETE
1226,1226,0.825,2026-04-04 21:42:04.138909,2026-04-04 21:42:38.221462,0 days 00:00:34.082553,455,3,124.3,152.4,0.06,COMPLETE
1227,1227,0.6875,2026-04-04 21:42:38.233532,2026-04-04 21:42:46.608005,0 days 00:00:08.374473,163,2,117.5,159.6,1.2,COMPLETE
1228,1228,0.6875,2026-04-04 21:42:46.620743,2026-04-04 21:42:53.588826,0 days 00:00:06.968083,374,1,122.0,155.6,1.56,COMPLETE
1229,1229,0.6875,2026-04-04 21:42:53.601770,2026-04-04 21:43:00.987147,0 days 00:00:07.385377,282,3,114.1,156.8,0.74,COMPLETE
1230,1230,0.6875,2026-04-04 21:43:01.000210,2026-04-04 21:43:08.520180,0 days 00:00:07.519970,435,2,124.8,155.7,0.77,COMPLETE
1231,1231,0.6875,2026-04-04 21:43:08.532720,2026-04-04 21:43:15.152487,0 days 00:00:06.619767,488,2,124.6,152.4,1.32,COMPLETE
1232,1232,0.6875,2026-04-04 21:43:15.164898,2026-04-04 21:43:21.845327,0 days 00:00:06.680429,433,3,125.5,155.1,0.59,COMPLETE
1233,1233,0.6875,2026-04-04 21:43:21.854057,2026-04-04 21:43:28.955843,0 days 00:00:07.101786,218,3,127.0,153.2,0.22,COMPLETE
1234,1234,0.6875,2026-04-04 21:43:28.968554,2026-04-04 21:43:35.659284,0 days 00:00:06.690730,267,1,125.8,154.7,0.5700000000000001,COMPLETE
1235,1235,0.6875,2026-04-04 21:43:35.671618,2026-04-04 21:43:43.205427,0 days 00:00:07.533809,323,3,115.8,158.6,2.0,COMPLETE
1236,1236,0.6875,2026-04-04 21:43:43.217939,2026-04-04 21:43:51.501073,0 days 00:00:08.283134,167,3,124.9,152.8,1.59,COMPLETE
1237,1237,0.6875,2026-04-04 21:43:51.513380,2026-04-04 21:43:58.591881,0 days 00:00:07.078501,400,2,117.9,151.5,0.01,COMPLETE
1238,1238,0.825,2026-04-04 21:43:58.604144,2026-04-04 21:44:32.883871,0 days 00:00:34.279727,421,1,120.7,156.7,0.71,COMPLETE
1239,1239,0.825,2026-04-04 21:44:32.896157,2026-04-04 21:45:29.160519,0 days 00:00:56.264362,406,3,125.6,151.9,0.07,COMPLETE
1240,1240,0.825,2026-04-04 21:45:29.173703,2026-04-04 21:46:03.531830,0 days 00:00:34.358127,500,3,123.2,156.8,0.48,COMPLETE
1241,1241,0.6875,2026-04-04 21:46:03.544677,2026-04-04 21:46:10.576191,0 days 00:00:07.031514,272,1,123.4,153.7,0.4,COMPLETE
1242,1242,0.6875,2026-04-04 21:46:10.588186,2026-04-04 21:46:17.252157,0 days 00:00:06.663971,500,3,121.3,154.5,0.31,COMPLETE
1243,1243,0.6875,2026-04-04 21:46:17.261090,2026-04-04 21:46:24.694096,0 days 00:00:07.433006,480,1,113.3,157.5,0.84,COMPLETE
1244,1244,0.6875,2026-04-04 21:46:24.706360,2026-04-04 21:46:31.658521,0 days 00:00:06.952161,467,1,115.9,153.3,0.9,COMPLETE
1245,1245,0.825,2026-04-04 21:46:31.671106,2026-04-04 21:47:28.295407,0 days 00:00:56.624301,370,3,124.3,154.1,0.2,COMPLETE
1246,1246,0.825,2026-04-04 21:47:28.307676,2026-04-04 21:48:02.306242,0 days 00:00:33.998566,497,2,123.1,151.5,0.19,COMPLETE
1247,1247,0.6875,2026-04-04 21:48:02.318577,2026-04-04 21:48:10.054224,0 days 00:00:07.735647,404,1,119.1,160.0,1.34,COMPLETE
1248,1248,0.6875,2026-04-04 21:48:10.067270,2026-04-04 21:48:17.505743,0 days 00:00:07.438473,342,2,116.1,153.6,0.33,COMPLETE
1249,1249,0.6875,2026-04-04 21:48:17.518934,2026-04-04 21:48:25.531817,0 days 00:00:08.012883,243,3,126.3,150.8,0.43,COMPLETE
1250,1250,0.6875,2026-04-04 21:48:25.540870,2026-04-04 21:48:32.404201,0 days 00:00:06.863331,495,3,122.2,152.2,0.49,COMPLETE
1251,1251,0.825,2026-04-04 21:48:32.416726,2026-04-04 21:49:06.789996,0 days 00:00:34.373270,405,2,123.3,155.8,0.52,COMPLETE
1252,1252,0.825,2026-04-04 21:49:06.806919,2026-04-04 21:49:40.615445,0 days 00:00:33.808526,431,1,122.0,154.3,0.07,COMPLETE
1253,1253,0.6875,2026-04-04 21:49:40.627792,2026-04-04 21:49:47.168290,0 days 00:00:06.540498,453,3,122.0,154.8,0.46,COMPLETE
1254,1254,0.6875,2026-04-04 21:49:47.180691,2026-04-04 21:49:54.070478,0 days 00:00:06.889787,438,1,118.2,157.2,1.1300000000000001,COMPLETE
1255,1255,0.6875,2026-04-04 21:49:54.083217,2026-04-04 21:50:01.593103,0 days 00:00:07.509886,375,1,125.4,152.3,1.99,COMPLETE
1256,1256,0.6875,2026-04-04 21:50:01.606267,2026-04-04 21:50:08.338797,0 days 00:00:06.732530,475,3,122.8,152.2,0.84,COMPLETE
1257,1257,0.6875,2026-04-04 21:50:08.351569,2026-04-04 21:50:16.143441,0 days 00:00:07.791872,292,1,117.6,160.0,1.6,COMPLETE
1258,1258,0.6875,2026-04-04 21:50:16.156367,2026-04-04 21:50:23.647259,0 days 00:00:07.490892,498,3,124.0,151.7,0.79,COMPLETE
1259,1259,0.6875,2026-04-04 21:50:23.659836,2026-04-04 21:50:30.140964,0 days 00:00:06.481128,492,3,122.6,150.6,0.34,COMPLETE
1260,1260,0.6875,2026-04-04 21:50:30.153531,2026-04-04 21:50:37.788340,0 days 00:00:07.634809,283,2,113.6,154.8,0.53,COMPLETE
1261,1261,0.6875,2026-04-04 21:50:37.800599,2026-04-04 21:50:44.730071,0 days 00:00:06.929472,343,2,116.8,157.9,1.84,COMPLETE
1262,1262,0.6875,2026-04-04 21:50:44.742598,2026-04-04 21:50:52.008184,0 days 00:00:07.265586,403,1,125.4,155.6,1.95,COMPLETE
1263,1263,0.6875,2026-04-04 21:50:52.020644,2026-04-04 21:50:58.741197,0 days 00:00:06.720553,499,2,121.4,154.1,1.46,COMPLETE
1264,1264,0.6875,2026-04-04 21:50:58.750644,2026-04-04 21:51:05.945833,0 days 00:00:07.195189,264,2,119.5,157.9,0.62,COMPLETE
1265,1265,0.6875,2026-04-04 21:51:05.959081,2026-04-04 21:51:12.566273,0 days 00:00:06.607192,303,1,117.1,155.5,0.97,COMPLETE
1266,1266,0.6875,2026-04-04 21:51:12.579016,2026-04-04 21:51:19.469493,0 days 00:00:06.890477,412,1,122.4,153.2,1.6,COMPLETE
1267,1267,0.825,2026-04-04 21:51:19.482051,2026-04-04 21:51:36.200669,0 days 00:00:16.718618,467,3,125.3,151.2,0.51,COMPLETE
1268,1268,0.6875,2026-04-04 21:51:36.213868,2026-04-04 21:51:42.973876,0 days 00:00:06.760008,380,3,124.2,151.9,0.4,COMPLETE
1269,1269,0.6875,2026-04-04 21:51:42.986634,2026-04-04 21:51:50.117972,0 days 00:00:07.131338,369,1,119.1,157.3,1.1,COMPLETE
1270,1270,0.6875,2026-04-04 21:51:50.130245,2026-04-04 21:51:57.022879,0 days 00:00:06.892634,311,2,116.6,157.8,0.93,COMPLETE
1271,1271,0.6875,2026-04-04 21:51:57.035927,2026-04-04 21:52:03.972247,0 days 00:00:06.936320,252,2,115.9,160.0,0.53,COMPLETE
1272,1272,0.6875,2026-04-04 21:52:03.985251,2026-04-04 21:52:11.475874,0 days 00:00:07.490623,267,3,117.2,150.7,1.1300000000000001,COMPLETE
1273,1273,0.6875,2026-04-04 21:52:11.488671,2026-04-04 21:52:19.047317,0 days 00:00:07.558646,192,3,125.1,150.3,0.77,COMPLETE
1274,1274,0.6875,2026-04-04 21:52:19.060136,2026-04-04 21:52:25.468348,0 days 00:00:06.408212,495,3,124.3,150.1,0.35000000000000003,COMPLETE
1275,1275,0.825,2026-04-04 21:52:25.481354,2026-04-04 21:52:30.855063,0 days 00:00:05.373709,440,2,125.7,155.2,0.21,COMPLETE
1276,1276,0.6875,2026-04-04 21:52:30.868532,2026-04-04 21:52:38.181253,0 days 00:00:07.312721,227,1,124.3,155.5,1.73,COMPLETE
1277,1277,0.825,2026-04-04 21:52:38.190281,2026-04-04 21:53:12.851328,0 days 00:00:34.661047,479,1,117.3,157.2,0.0,COMPLETE
1278,1278,0.6875,2026-04-04 21:53:12.863601,2026-04-04 21:53:20.299271,0 days 00:00:07.435670,253,1,122.1,159.7,0.8200000000000001,COMPLETE
1279,1279,0.6875,2026-04-04 21:53:20.308404,2026-04-04 21:53:27.754422,0 days 00:00:07.446018,413,1,113.2,156.9,1.11,COMPLETE
1280,1280,0.6875,2026-04-04 21:53:27.767254,2026-04-04 21:53:34.767661,0 days 00:00:07.000407,275,2,116.5,159.9,1.33,COMPLETE
1281,1281,0.6875,2026-04-04 21:53:34.780008,2026-04-04 21:53:42.084672,0 days 00:00:07.304664,452,3,116.6,152.7,0.58,COMPLETE
1282,1282,0.6875,2026-04-04 21:53:42.094693,2026-04-04 21:53:48.878837,0 days 00:00:06.784144,362,1,116.6,154.7,1.3800000000000001,COMPLETE
1283,1283,0.6875,2026-04-04 21:53:48.887420,2026-04-04 21:53:56.054222,0 days 00:00:07.166802,263,2,113.1,156.5,0.19,COMPLETE
1284,1284,0.825,2026-04-04 21:53:56.067569,2026-04-04 21:54:57.567608,0 days 00:01:01.500039,495,3,124.5,152.9,0.02,COMPLETE
1285,1285,0.6875,2026-04-04 21:54:57.580687,2026-04-04 21:55:05.909419,0 days 00:00:08.328732,175,1,115.4,158.5,0.7000000000000001,COMPLETE
1286,1286,0.6875,2026-04-04 21:55:05.922366,2026-04-04 21:55:13.305822,0 days 00:00:07.383456,369,3,120.1,151.1,0.41000000000000003,COMPLETE
1287,1287,0.6875,2026-04-04 21:55:13.319045,2026-04-04 21:55:21.067795,0 days 00:00:07.748750,212,2,119.8,159.9,0.62,COMPLETE
1288,1288,0.6875,2026-04-04 21:55:21.081375,2026-04-04 21:55:28.158951,0 days 00:00:07.077576,227,1,125.3,155.1,0.26,COMPLETE
1289,1289,0.6875,2026-04-04 21:55:28.168893,2026-04-04 21:55:34.634767,0 days 00:00:06.465874,486,2,123.6,155.0,0.46,COMPLETE
1290,1290,0.6875,2026-04-04 21:55:34.647500,2026-04-04 21:55:41.446968,0 days 00:00:06.799468,332,1,122.5,154.8,1.74,COMPLETE
1291,1291,0.6875,2026-04-04 21:55:41.459754,2026-04-04 21:55:48.711611,0 days 00:00:07.251857,236,3,117.2,158.7,1.04,COMPLETE
1292,1292,0.6875,2026-04-04 21:55:48.724372,2026-04-04 21:55:56.178887,0 days 00:00:07.454515,449,2,124.3,153.5,1.41,COMPLETE
1293,1293,0.671875,2026-04-04 21:55:56.191744,2026-04-04 21:56:03.210584,0 days 00:00:07.018840,352,1,126.1,155.5,0.3,COMPLETE
1294,1294,0.6875,2026-04-04 21:56:03.223545,2026-04-04 21:56:09.689084,0 days 00:00:06.465539,376,1,125.7,156.0,0.25,COMPLETE
1295,1295,0.6875,2026-04-04 21:56:09.701567,2026-04-04 21:56:16.575463,0 days 00:00:06.873896,359,1,121.7,154.6,2.0,COMPLETE
1296,1296,0.6875,2026-04-04 21:56:16.588031,2026-04-04 21:56:23.334581,0 days 00:00:06.746550,330,1,123.8,155.8,0.14,COMPLETE
1297,1297,0.6875,2026-04-04 21:56:23.350324,2026-04-04 21:56:30.251296,0 days 00:00:06.900972,271,1,126.2,156.9,0.3,COMPLETE
1298,1298,0.6875,2026-04-04 21:56:30.263484,2026-04-04 21:56:36.879826,0 days 00:00:06.616342,342,1,126.6,154.8,0.63,COMPLETE
1299,1299,0.825,2026-04-04 21:56:36.892935,2026-04-04 21:57:10.911097,0 days 00:00:34.018162,435,2,123.3,156.2,0.22,COMPLETE
1300,1300,0.6875,2026-04-04 21:57:10.923171,2026-04-04 21:57:18.345971,0 days 00:00:07.422800,412,1,114.8,154.2,1.33,COMPLETE
1301,1301,0.6875,2026-04-04 21:57:18.358628,2026-04-04 21:57:26.566075,0 days 00:00:08.207447,322,1,126.7,156.7,0.24,COMPLETE
1302,1302,0.6875,2026-04-04 21:57:26.576575,2026-04-04 21:57:33.566487,0 days 00:00:06.989912,245,1,124.0,156.5,0.72,COMPLETE
1303,1303,0.825,2026-04-04 21:57:33.579560,2026-04-04 21:58:29.355441,0 days 00:00:55.775881,433,1,125.4,153.6,0.22,COMPLETE
1304,1304,0.6875,2026-04-04 21:58:29.366932,2026-04-04 21:58:36.267619,0 days 00:00:06.900687,392,1,127.0,155.9,0.44,COMPLETE
1305,1305,0.6875,2026-04-04 21:58:36.280564,2026-04-04 21:58:44.179642,0 days 00:00:07.899078,191,1,120.2,148.5,1.0,COMPLETE
1306,1306,0.6875,2026-04-04 21:58:44.192735,2026-04-04 21:58:51.343537,0 days 00:00:07.150802,421,2,116.5,155.3,0.84,COMPLETE
1307,1307,0.6875,2026-04-04 21:58:51.356591,2026-04-04 21:58:58.630107,0 days 00:00:07.273516,325,1,123.4,154.1,0.29,COMPLETE
1308,1308,0.6875,2026-04-04 21:58:58.642896,2026-04-04 21:59:05.231488,0 days 00:00:06.588592,329,1,123.4,157.3,0.51,COMPLETE
1309,1309,0.825,2026-04-04 21:59:05.243863,2026-04-04 21:59:10.501424,0 days 00:00:05.257561,341,1,124.7,153.7,0.45,COMPLETE
1310,1310,0.6875,2026-04-04 21:59:10.515037,2026-04-04 21:59:18.282833,0 days 00:00:07.767796,182,2,117.8,153.8,0.99,COMPLETE
1311,1311,0.6875,2026-04-04 21:59:18.295269,2026-04-04 21:59:25.862599,0 days 00:00:07.567330,367,1,126.7,158.0,0.36,COMPLETE
1312,1312,0.6875,2026-04-04 21:59:25.875302,2026-04-04 21:59:32.852625,0 days 00:00:06.977323,309,1,126.2,155.6,0.24,COMPLETE
1313,1313,0.6875,2026-04-04 21:59:32.861938,2026-04-04 21:59:40.024608,0 days 00:00:07.162670,222,3,121.2,152.4,1.21,COMPLETE
1314,1314,0.6875,2026-04-04 21:59:40.038291,2026-04-04 21:59:47.394093,0 days 00:00:07.355802,323,1,114.9,159.4,0.07,COMPLETE
1315,1315,0.6875,2026-04-04 21:59:47.406384,2026-04-04 21:59:54.523180,0 days 00:00:07.116796,312,2,121.6,159.5,1.77,COMPLETE
1316,1316,0.825,2026-04-04 21:59:54.534138,2026-04-04 22:00:28.784428,0 days 00:00:34.250290,435,3,119.3,154.3,0.36,COMPLETE
1317,1317,0.6875,2026-04-04 22:00:28.797017,2026-04-04 22:00:36.049626,0 days 00:00:07.252609,398,1,126.6,156.9,0.1,COMPLETE
1318,1318,0.6875,2026-04-04 22:00:36.058540,2026-04-04 22:00:44.540013,0 days 00:00:08.481473,158,3,115.8,151.9,0.8200000000000001,COMPLETE
1319,1319,0.6875,2026-04-04 22:00:44.553258,2026-04-04 22:00:51.790354,0 days 00:00:07.237096,378,1,123.5,154.7,0.22,COMPLETE
1320,1320,0.6875,2026-04-04 22:00:51.803101,2026-04-04 22:00:58.983364,0 days 00:00:07.180263,290,2,118.3,156.5,1.6,COMPLETE
1321,1321,0.6875,2026-04-04 22:00:58.996448,2026-04-04 22:01:05.607312,0 days 00:00:06.610864,298,3,118.5,152.9,0.92,COMPLETE
1322,1322,0.6875,2026-04-04 22:01:05.620152,2026-04-04 22:01:12.557150,0 days 00:00:06.936998,470,3,124.3,152.4,0.48,COMPLETE
1323,1323,0.6875,2026-04-04 22:01:12.569660,2026-04-04 22:01:19.128519,0 days 00:00:06.558859,402,3,122.0,151.7,0.55,COMPLETE
1324,1324,0.6875,2026-04-04 22:01:19.141415,2026-04-04 22:01:26.399885,0 days 00:00:07.258470,443,2,118.8,157.5,1.1400000000000001,COMPLETE
1325,1325,0.6875,2026-04-04 22:01:26.413142,2026-04-04 22:01:33.503079,0 days 00:00:07.089937,331,2,113.7,156.0,0.11,COMPLETE
1326,1326,0.6875,2026-04-04 22:01:33.516376,2026-04-04 22:01:41.188334,0 days 00:00:07.671958,445,3,124.6,151.0,0.19,COMPLETE
1327,1327,0.6875,2026-04-04 22:01:41.200864,2026-04-04 22:01:48.877828,0 days 00:00:07.676964,376,1,115.5,155.9,0.5700000000000001,COMPLETE
1328,1328,0.6875,2026-04-04 22:01:48.890308,2026-04-04 22:01:56.327923,0 days 00:00:07.437615,234,2,118.2,148.3,1.3900000000000001,COMPLETE
1329,1329,0.6875,2026-04-04 22:01:56.341172,2026-04-04 22:02:03.618941,0 days 00:00:07.277769,462,2,126.2,151.7,1.6,COMPLETE
1330,1330,0.825,2026-04-04 22:02:03.631654,2026-04-04 22:02:08.974613,0 days 00:00:05.342959,383,1,125.5,154.0,0.87,COMPLETE
1331,1331,0.6875,2026-04-04 22:02:08.988165,2026-04-04 22:02:16.622465,0 days 00:00:07.634300,271,2,118.1,159.1,0.81,COMPLETE
1332,1332,0.6875,2026-04-04 22:02:16.635741,2026-04-04 22:02:24.307927,0 days 00:00:07.672186,210,3,124.7,153.0,1.04,COMPLETE
1333,1333,0.825,2026-04-04 22:02:24.321209,2026-04-04 22:02:58.554711,0 days 00:00:34.233502,277,2,123.0,156.5,0.14,COMPLETE
1334,1334,0.6875,2026-04-04 22:02:58.566955,2026-04-04 22:03:05.615179,0 days 00:00:07.048224,234,3,125.2,152.7,1.6400000000000001,COMPLETE
1335,1335,0.6875,2026-04-04 22:03:05.628825,2026-04-04 22:03:12.245297,0 days 00:00:06.616472,358,1,127.0,154.9,0.05,COMPLETE
1336,1336,0.6875,2026-04-04 22:03:12.257965,2026-04-04 22:03:18.843166,0 days 00:00:06.585201,488,2,124.8,152.6,0.76,COMPLETE
1337,1337,0.6875,2026-04-04 22:03:18.855920,2026-04-04 22:03:25.352256,0 days 00:00:06.496336,489,2,123.6,153.9,0.47000000000000003,COMPLETE
1338,1338,0.6875,2026-04-04 22:03:25.365769,2026-04-04 22:03:32.227234,0 days 00:00:06.861465,444,3,119.3,156.7,1.85,COMPLETE
1339,1339,0.6875,2026-04-04 22:03:32.240539,2026-04-04 22:03:39.279353,0 days 00:00:07.038814,248,3,120.6,152.1,0.43,COMPLETE
1340,1340,0.6875,2026-04-04 22:03:39.292409,2026-04-04 22:03:46.173596,0 days 00:00:06.881187,219,3,124.9,150.9,0.34,COMPLETE
1341,1341,0.6875,2026-04-04 22:03:46.186952,2026-04-04 22:03:53.378485,0 days 00:00:07.191533,225,3,118.4,153.2,1.1500000000000001,COMPLETE
1342,1342,0.6875,2026-04-04 22:03:53.391782,2026-04-04 22:04:00.460331,0 days 00:00:07.068549,175,3,122.9,152.6,0.72,COMPLETE
1343,1343,0.825,2026-04-04 22:04:00.473230,2026-04-04 22:04:05.586514,0 days 00:00:05.113284,325,2,125.6,154.1,0.27,COMPLETE
1344,1344,0.6875,2026-04-04 22:04:05.599700,2026-04-04 22:04:12.618550,0 days 00:00:07.018850,345,1,121.7,151.7,0.43,COMPLETE
1345,1345,0.825,2026-04-04 22:04:12.631918,2026-04-04 22:04:18.044192,0 days 00:00:05.412274,370,2,125.4,154.9,0.43,COMPLETE
1346,1346,0.6875,2026-04-04 22:04:18.056402,2026-04-04 22:04:25.369938,0 days 00:00:07.313536,413,1,117.9,154.6,0.4,COMPLETE
1347,1347,0.6875,2026-04-04 22:04:25.382978,2026-04-04 22:04:32.061711,0 days 00:00:06.678733,475,1,116.3,155.0,1.25,COMPLETE
1348,1348,0.825,2026-04-04 22:04:32.075007,2026-04-04 22:04:37.746629,0 days 00:00:05.671622,455,3,124.2,154.8,0.25,COMPLETE
1349,1349,0.825,2026-04-04 22:04:37.756787,2026-04-04 22:05:11.906133,0 days 00:00:34.149346,466,2,122.0,156.4,0.67,COMPLETE
1350,1350,0.6875,2026-04-04 22:05:11.920928,2026-04-04 22:05:19.246241,0 days 00:00:07.325313,252,2,117.3,156.8,0.07,COMPLETE
1351,1351,0.6875,2026-04-04 22:05:19.258977,2026-04-04 22:05:26.008495,0 days 00:00:06.749518,427,1,113.3,156.2,1.56,COMPLETE
1352,1352,0.6875,2026-04-04 22:05:26.021436,2026-04-04 22:05:34.078533,0 days 00:00:08.057097,286,1,125.6,155.4,0.35000000000000003,COMPLETE
1353,1353,0.6875,2026-04-04 22:05:34.091621,2026-04-04 22:05:40.695958,0 days 00:00:06.604337,297,1,125.7,155.8,1.6500000000000001,COMPLETE
1354,1354,0.6875,2026-04-04 22:05:40.705652,2026-04-04 22:05:47.966340,0 days 00:00:07.260688,230,2,127.0,150.6,0.8200000000000001,COMPLETE
1355,1355,0.6875,2026-04-04 22:05:47.978213,2026-04-04 22:05:54.897313,0 days 00:00:06.919100,373,1,124.6,155.6,0.44,COMPLETE
1356,1356,0.6875,2026-04-04 22:05:54.910765,2026-04-04 22:06:01.658035,0 days 00:00:06.747270,372,1,120.9,157.5,0.77,COMPLETE
1357,1357,0.6875,2026-04-04 22:06:01.669391,2026-04-04 22:06:08.781751,0 days 00:00:07.112360,415,2,115.8,155.4,1.28,COMPLETE
1358,1358,0.6875,2026-04-04 22:06:08.791483,2026-04-04 22:06:15.385622,0 days 00:00:06.594139,421,1,119.2,155.2,1.46,COMPLETE
1359,1359,0.6875,2026-04-04 22:06:15.398794,2026-04-04 22:06:21.832226,0 days 00:00:06.433432,497,3,120.4,155.7,1.08,COMPLETE
1360,1360,0.6875,2026-04-04 22:06:21.845314,2026-04-04 22:06:29.241954,0 days 00:00:07.396640,189,2,117.3,150.5,1.3,COMPLETE
1361,1361,0.825,2026-04-04 22:06:29.252146,2026-04-04 22:06:36.744574,0 days 00:00:07.492428,474,3,122.9,153.5,0.31,COMPLETE
1362,1362,0.6875,2026-04-04 22:06:36.753918,2026-04-04 22:06:43.723222,0 days 00:00:06.969304,345,1,126.6,154.7,0.4,COMPLETE
1363,1363,0.6875,2026-04-04 22:06:43.733224,2026-04-04 22:06:51.184178,0 days 00:00:07.450954,259,1,119.7,159.5,1.24,COMPLETE
1364,1364,0.6875,2026-04-04 22:06:51.196717,2026-04-04 22:06:58.233265,0 days 00:00:07.036548,500,1,122.2,153.0,0.61,COMPLETE
1365,1365,0.6875,2026-04-04 22:06:58.246433,2026-04-04 22:07:05.575596,0 days 00:00:07.329163,354,1,126.3,158.4,0.9400000000000001,COMPLETE
1366,1366,0.6875,2026-04-04 22:07:05.588713,2026-04-04 22:07:13.455144,0 days 00:00:07.866431,244,2,115.3,156.9,1.01,COMPLETE
1367,1367,0.6875,2026-04-04 22:07:13.468340,2026-04-04 22:07:20.253127,0 days 00:00:06.784787,277,1,118.0,158.7,0.37,COMPLETE
1368,1368,0.6875,2026-04-04 22:07:20.266160,2026-04-04 22:07:27.877933,0 days 00:00:07.611773,173,3,117.9,149.1,0.88,COMPLETE
1369,1369,0.6875,2026-04-04 22:07:27.891305,2026-04-04 22:07:34.919813,0 days 00:00:07.028508,269,1,115.1,155.5,1.17,COMPLETE
1370,1370,0.6875,2026-04-04 22:07:34.932585,2026-04-04 22:07:41.763672,0 days 00:00:06.831087,280,1,120.0,154.0,0.36,COMPLETE
1371,1371,0.6875,2026-04-04 22:07:41.776172,2026-04-04 22:07:48.375932,0 days 00:00:06.599760,445,2,122.4,153.4,0.62,COMPLETE
1372,1372,0.6875,2026-04-04 22:07:48.388408,2026-04-04 22:07:55.591089,0 days 00:00:07.202681,355,1,117.6,157.6,1.3900000000000001,COMPLETE
1373,1373,0.6875,2026-04-04 22:07:55.602606,2026-04-04 22:08:02.730761,0 days 00:00:07.128155,336,3,124.0,154.1,1.77,COMPLETE
1374,1374,0.825,2026-04-04 22:08:02.743841,2026-04-04 22:08:36.725203,0 days 00:00:33.981362,447,3,121.5,153.8,0.03,COMPLETE
1375,1375,0.6875,2026-04-04 22:08:36.737346,2026-04-04 22:08:44.402163,0 days 00:00:07.664817,167,3,126.8,153.9,1.83,COMPLETE
1376,1376,0.6875,2026-04-04 22:08:44.415234,2026-04-04 22:08:51.041000,0 days 00:00:06.625766,291,1,126.9,152.9,0.35000000000000003,COMPLETE
1377,1377,0.6875,2026-04-04 22:08:51.053629,2026-04-04 22:08:58.305843,0 days 00:00:07.252214,160,3,126.1,150.5,1.6300000000000001,COMPLETE
1378,1378,0.6875,2026-04-04 22:08:58.318883,2026-04-04 22:09:05.305283,0 days 00:00:06.986400,384,1,121.2,151.6,0.26,COMPLETE
1379,1379,0.6875,2026-04-04 22:09:05.317883,2026-04-04 22:09:11.883695,0 days 00:00:06.565812,467,2,121.4,151.6,1.04,COMPLETE
1380,1380,0.6875,2026-04-04 22:09:11.896603,2026-04-04 22:09:19.330818,0 days 00:00:07.434215,299,2,119.4,159.0,1.69,COMPLETE
1381,1381,0.6875,2026-04-04 22:09:19.343363,2026-04-04 22:09:26.642466,0 days 00:00:07.299103,409,1,113.2,152.6,1.34,COMPLETE
1382,1382,0.6875,2026-04-04 22:09:26.655500,2026-04-04 22:09:34.408481,0 days 00:00:07.752981,483,1,123.1,159.3,1.4000000000000001,COMPLETE
1383,1383,0.6875,2026-04-04 22:09:34.420905,2026-04-04 22:09:41.747368,0 days 00:00:07.326463,445,1,119.8,152.0,0.59,COMPLETE
1384,1384,0.6875,2026-04-04 22:09:41.760575,2026-04-04 22:09:48.183832,0 days 00:00:06.423257,492,2,120.7,152.7,0.74,COMPLETE
1385,1385,0.6875,2026-04-04 22:09:48.197140,2026-04-04 22:09:55.180734,0 days 00:00:06.983594,479,1,114.9,155.2,0.96,COMPLETE
1386,1386,0.6875,2026-04-04 22:09:55.193499,2026-04-04 22:10:02.494980,0 days 00:00:07.301481,242,1,118.8,151.7,1.58,COMPLETE
1387,1387,0.825,2026-04-04 22:10:02.508301,2026-04-04 22:10:36.517577,0 days 00:00:34.009276,446,3,122.8,150.5,0.21,COMPLETE
1388,1388,0.6875,2026-04-04 22:10:36.530605,2026-04-04 22:10:43.775292,0 days 00:00:07.244687,375,2,125.2,154.7,1.68,COMPLETE
1389,1389,0.6875,2026-04-04 22:10:43.788129,2026-04-04 22:10:51.753195,0 days 00:00:07.965066,321,1,113.0,155.6,0.48,COMPLETE
1390,1390,0.6875,2026-04-04 22:10:51.765960,2026-04-04 22:10:59.544798,0 days 00:00:07.778838,259,3,123.1,151.1,1.6600000000000001,COMPLETE
1391,1391,0.6875,2026-04-04 22:10:59.554223,2026-04-04 22:11:06.483334,0 days 00:00:06.929111,256,1,123.3,156.1,0.33,COMPLETE
1392,1392,0.6875,2026-04-04 22:11:06.496189,2026-04-04 22:11:13.563919,0 days 00:00:07.067730,215,2,119.8,157.9,1.18,COMPLETE
1393,1393,0.6875,2026-04-04 22:11:13.576558,2026-04-04 22:11:20.876508,0 days 00:00:07.299950,499,3,125.1,150.8,0.54,COMPLETE
1394,1394,0.6875,2026-04-04 22:11:20.887248,2026-04-04 22:11:27.622503,0 days 00:00:06.735255,497,2,125.6,148.5,1.3900000000000001,COMPLETE
1395,1395,0.825,2026-04-04 22:11:27.635302,2026-04-04 22:12:02.552701,0 days 00:00:34.917399,385,3,122.9,156.2,0.37,COMPLETE
1396,1396,0.6875,2026-04-04 22:12:02.561455,2026-04-04 22:12:09.447272,0 days 00:00:06.885817,237,3,120.9,154.7,0.15,COMPLETE
1397,1397,0.6875,2026-04-04 22:12:09.460498,2026-04-04 22:12:16.564755,0 days 00:00:07.104257,240,2,126.4,150.2,0.2,COMPLETE
1398,1398,0.6875,2026-04-04 22:12:16.577286,2026-04-04 22:12:23.130451,0 days 00:00:06.553165,369,2,126.9,152.2,1.21,COMPLETE
1399,1399,0.825,2026-04-04 22:12:23.143261,2026-04-04 22:13:18.974130,0 days 00:00:55.830869,498,3,125.0,155.5,0.47000000000000003,COMPLETE
1400,1400,0.6875,2026-04-04 22:13:18.986617,2026-04-04 22:13:25.653815,0 days 00:00:06.667198,493,3,123.3,154.3,0.75,COMPLETE
1401,1401,0.6875,2026-04-04 22:13:25.666723,2026-04-04 22:13:32.731564,0 days 00:00:07.064841,469,3,119.7,148.3,0.86,COMPLETE
1402,1402,0.6875,2026-04-04 22:13:32.744574,2026-04-04 22:13:40.240920,0 days 00:00:07.496346,400,1,116.5,156.9,1.21,COMPLETE
1403,1403,0.6875,2026-04-04 22:13:40.253574,2026-04-04 22:13:48.460971,0 days 00:00:08.207397,153,2,124.3,150.3,0.18,COMPLETE
1404,1404,0.6875,2026-04-04 22:13:48.470163,2026-04-04 22:13:55.890671,0 days 00:00:07.420508,310,2,118.8,158.6,1.95,COMPLETE
1405,1405,0.6875,2026-04-04 22:13:55.903513,2026-04-04 22:14:02.961595,0 days 00:00:07.058082,181,3,121.1,158.6,0.84,COMPLETE
1406,1406,0.6875,2026-04-04 22:14:02.974195,2026-04-04 22:14:10.147713,0 days 00:00:07.173518,363,1,114.8,154.2,1.17,COMPLETE
1407,1407,0.6875,2026-04-04 22:14:10.160463,2026-04-04 22:14:16.986431,0 days 00:00:06.825968,393,2,117.8,158.3,1.19,COMPLETE
1408,1408,0.6875,2026-04-04 22:14:16.998804,2026-04-04 22:14:24.210045,0 days 00:00:07.211241,481,3,123.7,152.3,1.8,COMPLETE
1409,1409,0.6875,2026-04-04 22:14:24.222718,2026-04-04 22:14:31.412620,0 days 00:00:07.189902,237,1,122.3,156.1,0.18,COMPLETE
1410,1410,0.6875,2026-04-04 22:14:31.425349,2026-04-04 22:14:38.175521,0 days 00:00:06.750172,354,2,117.9,158.2,0.15,COMPLETE
1411,1411,0.825,2026-04-04 22:14:38.188184,2026-04-04 22:15:12.739995,0 days 00:00:34.551811,441,3,123.4,153.3,0.32,COMPLETE
1412,1412,0.6875,2026-04-04 22:15:12.748928,2026-04-04 22:15:19.399820,0 days 00:00:06.650892,397,2,121.1,154.6,0.27,COMPLETE
1413,1413,0.6875,2026-04-04 22:15:19.413918,2026-04-04 22:15:26.170086,0 days 00:00:06.756168,357,1,119.1,158.6,0.88,COMPLETE
1414,1414,0.825,2026-04-04 22:15:26.182844,2026-04-04 22:16:00.618158,0 days 00:00:34.435314,477,2,120.6,152.6,0.32,COMPLETE
1415,1415,0.6875,2026-04-04 22:16:00.631078,2026-04-04 22:16:07.840643,0 days 00:00:07.209565,480,3,126.9,153.6,1.26,COMPLETE
1416,1416,0.6875,2026-04-04 22:16:07.853326,2026-04-04 22:16:15.970667,0 days 00:00:08.117341,248,2,118.4,159.6,1.28,COMPLETE
1417,1417,0.6875,2026-04-04 22:16:15.983551,2026-04-04 22:16:23.700596,0 days 00:00:07.717045,409,2,124.6,151.5,0.42,COMPLETE
1418,1418,0.6875,2026-04-04 22:16:23.713840,2026-04-04 22:16:31.522994,0 days 00:00:07.809154,325,3,119.5,159.1,1.55,COMPLETE
1419,1419,0.6875,2026-04-04 22:16:31.536032,2026-04-04 22:16:39.144067,0 days 00:00:07.608035,190,1,126.1,156.4,0.04,COMPLETE
1420,1420,0.6875,2026-04-04 22:16:39.156425,2026-04-04 22:16:46.028450,0 days 00:00:06.872025,229,3,124.4,152.6,0.51,COMPLETE
1421,1421,0.825,2026-04-04 22:16:46.041459,2026-04-04 22:17:20.248046,0 days 00:00:34.206587,486,1,122.8,156.6,0.29,COMPLETE
1422,1422,0.6875,2026-04-04 22:17:20.260445,2026-04-04 22:17:28.159337,0 days 00:00:07.898892,167,3,115.6,157.4,1.82,COMPLETE
1423,1423,0.6875,2026-04-04 22:17:28.172841,2026-04-04 22:17:34.979108,0 days 00:00:06.806267,247,2,116.4,152.4,1.19,COMPLETE
1424,1424,0.6875,2026-04-04 22:17:34.992234,2026-04-04 22:17:41.556830,0 days 00:00:06.564596,408,1,115.9,154.5,0.8300000000000001,COMPLETE
1425,1425,0.6875,2026-04-04 22:17:41.569828,2026-04-04 22:17:48.960097,0 days 00:00:07.390269,323,1,123.3,155.2,0.4,COMPLETE
1426,1426,0.6875,2026-04-04 22:17:48.972923,2026-04-04 22:17:55.529342,0 days 00:00:06.556419,368,1,125.0,156.1,0.33,COMPLETE
1427,1427,0.6875,2026-04-04 22:17:55.543057,2026-04-04 22:18:02.593270,0 days 00:00:07.050213,437,2,123.6,149.2,1.24,COMPLETE
1428,1428,0.6875,2026-04-04 22:18:02.606350,2026-04-04 22:18:10.200107,0 days 00:00:07.593757,492,2,113.1,150.8,1.3,COMPLETE
1429,1429,0.6875,2026-04-04 22:18:10.213428,2026-04-04 22:18:17.195628,0 days 00:00:06.982200,270,3,113.0,153.2,0.22,COMPLETE
1430,1430,0.6875,2026-04-04 22:18:17.208582,2026-04-04 22:18:24.040028,0 days 00:00:06.831446,293,1,115.6,156.5,0.78,COMPLETE
1431,1431,0.6875,2026-04-04 22:18:24.055846,2026-04-04 22:18:31.323965,0 days 00:00:07.268119,175,1,117.4,154.6,1.57,COMPLETE
1432,1432,0.6875,2026-04-04 22:18:31.336889,2026-04-04 22:18:38.846621,0 days 00:00:07.509732,425,3,126.3,152.0,0.96,COMPLETE
1433,1433,0.6875,2026-04-04 22:18:38.858983,2026-04-04 22:18:46.979934,0 days 00:00:08.120951,206,2,114.8,150.5,1.5,COMPLETE
1434,1434,0.6875,2026-04-04 22:18:46.989500,2026-04-04 22:18:53.634717,0 days 00:00:06.645217,209,2,118.3,150.2,1.6600000000000001,COMPLETE
1435,1435,0.6875,2026-04-04 22:18:53.647352,2026-04-04 22:19:00.657062,0 days 00:00:07.009710,414,1,123.6,154.1,1.59,COMPLETE
1436,1436,0.6875,2026-04-04 22:19:00.669911,2026-04-04 22:19:08.815349,0 days 00:00:08.145438,166,1,114.8,149.2,1.19,COMPLETE
1437,1437,0.6875,2026-04-04 22:19:08.829744,2026-04-04 22:19:16.649837,0 days 00:00:07.820093,405,2,127.0,154.6,0.72,COMPLETE
1438,1438,0.6875,2026-04-04 22:19:16.662609,2026-04-04 22:19:23.607382,0 days 00:00:06.944773,258,1,124.1,157.9,0.14,COMPLETE
1439,1439,0.6875,2026-04-04 22:19:23.619922,2026-04-04 22:19:30.955018,0 days 00:00:07.335096,229,3,124.6,148.5,0.72,COMPLETE
1440,1440,0.825,2026-04-04 22:19:30.968812,2026-04-04 22:20:05.132684,0 days 00:00:34.163872,499,2,125.4,153.6,0.31,COMPLETE
1441,1441,0.6875,2026-04-04 22:20:05.145256,2026-04-04 22:20:12.496708,0 days 00:00:07.351452,267,2,118.9,153.3,0.92,COMPLETE
1442,1442,0.6875,2026-04-04 22:20:12.510466,2026-04-04 22:20:19.210260,0 days 00:00:06.699794,470,1,115.0,154.7,1.18,COMPLETE
1443,1443,0.6875,2026-04-04 22:20:19.223197,2026-04-04 22:20:26.190073,0 days 00:00:06.966876,469,3,120.4,152.8,0.61,COMPLETE
1444,1444,0.6875,2026-04-04 22:20:26.202801,2026-04-04 22:20:33.433344,0 days 00:00:07.230543,240,2,124.4,153.6,0.19,COMPLETE
1445,1445,0.6875,2026-04-04 22:20:33.442561,2026-04-04 22:20:40.123962,0 days 00:00:06.681401,411,2,123.4,154.9,0.48,COMPLETE
1446,1446,0.6875,2026-04-04 22:20:40.136890,2026-04-04 22:20:46.829810,0 days 00:00:06.692920,457,2,125.3,151.8,1.23,COMPLETE
1447,1447,0.825,2026-04-04 22:20:46.842827,2026-04-04 22:21:21.414664,0 days 00:00:34.571837,305,2,122.1,155.9,0.0,COMPLETE
1448,1448,0.6875,2026-04-04 22:21:21.427439,2026-04-04 22:21:28.092989,0 days 00:00:06.665550,499,3,120.5,153.8,0.49,COMPLETE
1449,1449,0.6875,2026-04-04 22:21:28.105660,2026-04-04 22:21:35.184412,0 days 00:00:07.078752,357,1,126.0,153.9,1.79,COMPLETE
1450,1450,0.6875,2026-04-04 22:21:35.196825,2026-04-04 22:21:41.918888,0 days 00:00:06.722063,428,3,122.4,152.2,0.49,COMPLETE
1451,1451,0.6875,2026-04-04 22:21:41.931592,2026-04-04 22:21:48.493950,0 days 00:00:06.562358,442,3,123.5,150.5,0.34,COMPLETE
1452,1452,0.6875,2026-04-04 22:21:48.503681,2026-04-04 22:21:55.704858,0 days 00:00:07.201177,215,3,119.0,151.8,0.85,COMPLETE
1453,1453,0.825,2026-04-04 22:21:55.717390,2026-04-04 22:22:29.745507,0 days 00:00:34.028117,498,3,123.1,153.4,0.22,COMPLETE
1454,1454,0.825,2026-04-04 22:22:29.758249,2026-04-04 22:23:04.067295,0 days 00:00:34.309046,421,1,119.8,152.6,0.02,COMPLETE
1455,1455,0.6875,2026-04-04 22:23:04.080066,2026-04-04 22:23:11.051882,0 days 00:00:06.971816,318,3,117.7,151.8,0.37,COMPLETE
1456,1456,0.671875,2026-04-04 22:23:11.063751,2026-04-04 22:23:17.904849,0 days 00:00:06.841098,359,1,121.1,155.2,0.43,COMPLETE
1457,1457,0.6875,2026-04-04 22:23:17.917490,2026-04-04 22:23:24.761059,0 days 00:00:06.843569,405,1,121.8,159.3,0.16,COMPLETE
1458,1458,0.6875,2026-04-04 22:23:24.773538,2026-04-04 22:23:31.619732,0 days 00:00:06.846194,354,1,121.2,154.3,0.33,COMPLETE
1459,1459,0.6875,2026-04-04 22:23:31.632263,2026-04-04 22:23:38.282302,0 days 00:00:06.650039,368,1,120.9,155.4,0.29,COMPLETE
1460,1460,0.6875,2026-04-04 22:23:38.295380,2026-04-04 22:23:45.016797,0 days 00:00:06.721417,329,1,122.9,157.7,1.77,COMPLETE
1461,1461,0.6875,2026-04-04 22:23:45.026483,2026-04-04 22:23:51.766150,0 days 00:00:06.739667,409,1,121.7,154.5,0.71,COMPLETE
1462,1462,0.6875,2026-04-04 22:23:51.778828,2026-04-04 22:23:58.774792,0 days 00:00:06.995964,328,1,120.3,157.7,0.19,COMPLETE
1463,1463,0.6875,2026-04-04 22:23:58.788050,2026-04-04 22:24:05.463014,0 days 00:00:06.674964,362,2,120.2,155.5,0.62,COMPLETE
1464,1464,0.6875,2026-04-04 22:24:05.476022,2026-04-04 22:24:12.759219,0 days 00:00:07.283197,303,3,124.5,151.9,0.37,COMPLETE
1465,1465,0.825,2026-04-04 22:24:12.771721,2026-04-04 22:24:46.956916,0 days 00:00:34.185195,436,1,120.8,155.5,0.28,COMPLETE
1466,1466,0.825,2026-04-04 22:24:46.969848,2026-04-04 22:25:21.274524,0 days 00:00:34.304676,435,3,125.3,152.7,0.51,COMPLETE
1467,1467,0.6875,2026-04-04 22:25:21.287686,2026-04-04 22:25:28.425163,0 days 00:00:07.137477,344,1,121.1,153.3,0.58,COMPLETE
1468,1468,0.6875,2026-04-04 22:25:28.437885,2026-04-04 22:25:35.116000,0 days 00:00:06.678115,382,1,120.6,151.0,0.74,COMPLETE
1469,1469,0.825,2026-04-04 22:25:35.129456,2026-04-04 22:26:09.393188,0 days 00:00:34.263732,343,1,123.0,156.2,0.16,COMPLETE
1470,1470,0.825,2026-04-04 22:26:09.405895,2026-04-04 22:26:43.217604,0 days 00:00:33.811709,354,1,123.1,156.3,0.65,COMPLETE
1471,1471,0.6875,2026-04-04 22:26:43.228505,2026-04-04 22:26:50.717194,0 days 00:00:07.488689,256,2,116.3,159.9,0.89,COMPLETE
1472,1472,0.825,2026-04-04 22:26:50.731291,2026-04-04 22:27:25.687226,0 days 00:00:34.955935,288,1,125.2,153.9,0.06,COMPLETE
1473,1473,0.6875,2026-04-04 22:27:25.699430,2026-04-04 22:27:33.214211,0 days 00:00:07.514781,326,1,116.8,153.5,0.38,COMPLETE
1474,1474,0.825,2026-04-04 22:27:33.227870,2026-04-04 22:28:07.432765,0 days 00:00:34.204895,371,1,120.2,156.3,0.88,COMPLETE
1475,1475,0.6875,2026-04-04 22:28:07.445170,2026-04-04 22:28:14.286690,0 days 00:00:06.841520,360,1,115.6,156.9,1.1500000000000001,COMPLETE
1476,1476,0.6875,2026-04-04 22:28:14.300491,2026-04-04 22:28:21.688483,0 days 00:00:07.387992,498,2,125.1,157.9,0.71,COMPLETE
1477,1477,0.6875,2026-04-04 22:28:21.702823,2026-04-04 22:28:29.023023,0 days 00:00:07.320200,227,3,124.4,152.9,1.97,COMPLETE
1478,1478,0.6875,2026-04-04 22:28:29.035784,2026-04-04 22:28:36.003528,0 days 00:00:06.967744,327,1,120.7,155.9,0.36,COMPLETE
1479,1479,0.825,2026-04-04 22:28:36.016152,2026-04-04 22:29:09.869057,0 days 00:00:33.852905,432,2,121.5,155.9,0.43,COMPLETE
1480,1480,0.6875,2026-04-04 22:29:09.881657,2026-04-04 22:29:16.450407,0 days 00:00:06.568750,410,1,121.1,154.8,0.52,COMPLETE
1481,1481,0.6875,2026-04-04 22:29:16.462962,2026-04-04 22:29:22.973100,0 days 00:00:06.510138,358,1,121.1,155.6,0.5,COMPLETE
1482,1482,0.6875,2026-04-04 22:29:22.985274,2026-04-04 22:29:29.717021,0 days 00:00:06.731747,402,2,124.0,158.0,1.97,COMPLETE
1483,1483,0.6875,2026-04-04 22:29:29.729883,2026-04-04 22:29:37.067047,0 days 00:00:07.337164,268,3,119.6,153.6,1.2,COMPLETE
1484,1484,0.6875,2026-04-04 22:29:37.080052,2026-04-04 22:29:43.951895,0 days 00:00:06.871843,215,3,119.8,155.0,0.97,COMPLETE
1485,1485,0.6875,2026-04-04 22:29:43.965319,2026-04-04 22:29:50.762674,0 days 00:00:06.797355,257,3,118.4,150.7,1.42,COMPLETE
1486,1486,0.6875,2026-04-04 22:29:50.775919,2026-04-04 22:29:57.652861,0 days 00:00:06.876942,292,2,120.9,154.0,0.42,COMPLETE
1487,1487,0.6875,2026-04-04 22:29:57.662185,2026-04-04 22:30:04.050527,0 days 00:00:06.388342,313,1,121.2,153.6,0.38,COMPLETE
1488,1488,0.6875,2026-04-04 22:30:04.064098,2026-04-04 22:30:11.486388,0 days 00:00:07.422290,415,2,113.3,157.0,1.48,COMPLETE
1489,1489,0.825,2026-04-04 22:30:11.499810,2026-04-04 22:30:45.886792,0 days 00:00:34.386982,435,1,120.2,156.7,1.07,COMPLETE
1490,1490,0.6875,2026-04-04 22:30:45.898833,2026-04-04 22:30:53.200002,0 days 00:00:07.301169,426,1,119.6,148.6,0.3,COMPLETE
1491,1491,0.6875,2026-04-04 22:30:53.212880,2026-04-04 22:31:00.616513,0 days 00:00:07.403633,233,3,124.4,151.6,1.3800000000000001,COMPLETE
1492,1492,0.6875,2026-04-04 22:31:00.626358,2026-04-04 22:31:07.319664,0 days 00:00:06.693306,426,2,126.7,152.4,1.18,COMPLETE
1493,1493,0.6875,2026-04-04 22:31:07.332296,2026-04-04 22:31:14.071600,0 days 00:00:06.739304,434,3,125.0,148.7,0.46,COMPLETE
1494,1494,0.825,2026-04-04 22:31:14.084265,2026-04-04 22:31:48.847942,0 days 00:00:34.763677,406,1,118.7,156.3,0.16,COMPLETE
1495,1495,0.6875,2026-04-04 22:31:48.857495,2026-04-04 22:31:55.880401,0 days 00:00:07.022906,341,1,121.3,154.4,0.8,COMPLETE
1496,1496,0.6875,2026-04-04 22:31:55.889904,2026-04-04 22:32:02.881889,0 days 00:00:06.991985,254,1,125.0,154.0,0.44,COMPLETE
1497,1497,0.6875,2026-04-04 22:32:02.892295,2026-04-04 22:32:10.576769,0 days 00:00:07.684474,473,1,113.7,154.0,1.52,COMPLETE
1498,1498,0.6875,2026-04-04 22:32:10.589473,2026-04-04 22:32:18.113888,0 days 00:00:07.524415,436,1,124.1,155.2,0.61,COMPLETE
1499,1499,0.6875,2026-04-04 22:32:18.126200,2026-04-04 22:32:24.825636,0 days 00:00:06.699436,396,1,122.6,154.8,1.9000000000000001,COMPLETE
1500,1500,0.6875,2026-04-04 22:32:24.838264,2026-04-04 22:32:31.921517,0 days 00:00:07.083253,381,2,124.6,159.5,0.4,COMPLETE
1501,1501,0.6875,2026-04-04 22:32:31.934651,2026-04-04 22:32:39.547502,0 days 00:00:07.612851,291,1,115.1,157.8,1.31,COMPLETE
1502,1502,0.6875,2026-04-04 22:32:39.561011,2026-04-04 22:32:47.362430,0 days 00:00:07.801419,190,3,124.3,151.4,0.63,COMPLETE
1503,1503,0.6875,2026-04-04 22:32:47.375455,2026-04-04 22:32:54.212500,0 days 00:00:06.837045,173,2,124.4,154.7,1.4000000000000001,COMPLETE
1504,1504,0.825,2026-04-04 22:32:54.225758,2026-04-04 22:33:02.122091,0 days 00:00:07.896333,385,1,123.0,153.0,0.35000000000000003,COMPLETE
1505,1505,0.6875,2026-04-04 22:33:02.131871,2026-04-04 22:33:09.011349,0 days 00:00:06.879478,480,3,126.6,151.6,0.1,COMPLETE
1506,1506,0.6875,2026-04-04 22:33:09.021636,2026-04-04 22:33:16.190876,0 days 00:00:07.169240,354,2,124.8,156.2,0.28,COMPLETE
1507,1507,0.6875,2026-04-04 22:33:16.200756,2026-04-04 22:33:23.270742,0 days 00:00:07.069986,154,3,124.8,153.0,0.61,COMPLETE
1508,1508,0.6875,2026-04-04 22:33:23.283422,2026-04-04 22:33:30.555117,0 days 00:00:07.271695,365,1,118.5,157.5,0.65,COMPLETE
1509,1509,0.6875,2026-04-04 22:33:30.567946,2026-04-04 22:33:38.662480,0 days 00:00:08.094534,203,3,127.0,149.7,0.37,COMPLETE
1510,1510,0.6875,2026-04-04 22:33:38.675046,2026-04-04 22:33:46.034700,0 days 00:00:07.359654,364,1,118.6,153.5,0.7000000000000001,COMPLETE
1511,1511,0.6875,2026-04-04 22:33:46.044064,2026-04-04 22:33:52.899181,0 days 00:00:06.855117,409,1,114.0,156.2,1.24,COMPLETE
1512,1512,0.6875,2026-04-04 22:33:52.912347,2026-04-04 22:34:00.552521,0 days 00:00:07.640174,209,3,116.6,148.6,1.37,COMPLETE
1513,1513,0.6875,2026-04-04 22:34:00.566247,2026-04-04 22:34:07.483809,0 days 00:00:06.917562,165,2,118.3,149.7,0.86,COMPLETE
1514,1514,0.6875,2026-04-04 22:34:07.496592,2026-04-04 22:34:14.533907,0 days 00:00:07.037315,384,1,113.1,154.1,1.21,COMPLETE
1515,1515,0.825,2026-04-04 22:34:14.547580,2026-04-04 22:34:49.072289,0 days 00:00:34.524709,463,3,122.0,156.3,0.71,COMPLETE
1516,1516,0.6875,2026-04-04 22:34:49.082377,2026-04-04 22:34:56.043736,0 days 00:00:06.961359,255,3,123.9,155.0,0.98,COMPLETE
1517,1517,0.6875,2026-04-04 22:34:56.053073,2026-04-04 22:35:02.653467,0 days 00:00:06.600394,307,1,123.8,154.6,0.31,COMPLETE
1518,1518,0.6875,2026-04-04 22:35:02.666200,2026-04-04 22:35:09.411495,0 days 00:00:06.745295,384,1,125.9,152.6,0.52,COMPLETE
1519,1519,0.825,2026-04-04 22:35:09.424707,2026-04-04 22:35:14.719424,0 days 00:00:05.294717,476,3,121.4,151.7,0.07,COMPLETE
1520,1520,0.6875,2026-04-04 22:35:14.732382,2026-04-04 22:35:22.429389,0 days 00:00:07.697007,161,3,124.7,155.0,1.55,COMPLETE
1521,1521,0.6875,2026-04-04 22:35:22.442773,2026-04-04 22:35:29.157782,0 days 00:00:06.715009,284,1,124.8,158.9,0.53,COMPLETE
1522,1522,0.6875,2026-04-04 22:35:29.170815,2026-04-04 22:35:36.730263,0 days 00:00:07.559448,347,1,114.3,154.4,1.99,COMPLETE
1523,1523,0.6875,2026-04-04 22:35:36.743802,2026-04-04 22:35:44.824612,0 days 00:00:08.080810,229,3,126.8,152.4,1.04,COMPLETE
1524,1524,0.6875,2026-04-04 22:35:44.837913,2026-04-04 22:35:51.655819,0 days 00:00:06.817906,427,3,122.5,154.5,0.49,COMPLETE
1525,1525,0.6875,2026-04-04 22:35:51.669233,2026-04-04 22:35:58.145974,0 days 00:00:06.476741,423,2,121.6,155.0,0.85,COMPLETE
1526,1526,0.6875,2026-04-04 22:35:58.159186,2026-04-04 22:36:05.122208,0 days 00:00:06.963022,341,1,123.8,152.8,1.68,COMPLETE
1527,1527,0.6875,2026-04-04 22:36:05.131174,2026-04-04 22:36:12.836214,0 days 00:00:07.705040,260,2,116.9,157.5,1.67,COMPLETE
1528,1528,0.6875,2026-04-04 22:36:12.849163,2026-04-04 22:36:19.496969,0 days 00:00:06.647806,330,2,119.5,158.4,1.3900000000000001,COMPLETE
1529,1529,0.6875,2026-04-04 22:36:19.509904,2026-04-04 22:36:26.685161,0 days 00:00:07.175257,259,1,123.4,156.4,0.55,COMPLETE
1530,1530,0.6875,2026-04-04 22:36:26.697507,2026-04-04 22:36:33.435784,0 days 00:00:06.738277,393,2,119.7,159.0,0.73,COMPLETE
1531,1531,0.6875,2026-04-04 22:36:33.449065,2026-04-04 22:36:40.339490,0 days 00:00:06.890425,404,1,123.3,155.1,0.37,COMPLETE
1532,1532,0.6875,2026-04-04 22:36:40.352489,2026-04-04 22:36:48.016023,0 days 00:00:07.663534,169,2,117.5,149.5,1.41,COMPLETE
1533,1533,0.6875,2026-04-04 22:36:48.029537,2026-04-04 22:36:54.968605,0 days 00:00:06.939068,449,1,114.4,155.0,0.59,COMPLETE
1534,1534,0.6875,2026-04-04 22:36:54.982177,2026-04-04 22:37:02.605751,0 days 00:00:07.623574,179,3,122.1,153.5,0.81,COMPLETE
1535,1535,0.6875,2026-04-04 22:37:02.618598,2026-04-04 22:37:09.442881,0 days 00:00:06.824283,240,3,126.7,151.4,0.54,COMPLETE
1536,1536,0.6875,2026-04-04 22:37:09.456885,2026-04-04 22:37:17.178763,0 days 00:00:07.721878,309,3,114.9,153.1,1.53,COMPLETE
1537,1537,0.671875,2026-04-04 22:37:17.191415,2026-04-04 22:37:24.285687,0 days 00:00:07.094272,306,1,121.3,155.7,0.01,COMPLETE
1538,1538,0.6875,2026-04-04 22:37:24.298693,2026-04-04 22:37:31.335382,0 days 00:00:07.036689,295,1,119.8,149.4,0.09,COMPLETE
1539,1539,0.825,2026-04-04 22:37:31.348180,2026-04-04 22:38:05.929298,0 days 00:00:34.581118,353,1,118.6,156.9,0.09,COMPLETE
1540,1540,0.6875,2026-04-04 22:38:05.942408,2026-04-04 22:38:12.909640,0 days 00:00:06.967232,312,1,122.3,154.5,0.26,COMPLETE
1541,1541,0.825,2026-04-04 22:38:12.922605,2026-04-04 22:38:47.137271,0 days 00:00:34.214666,254,1,118.6,154.7,0.11,COMPLETE
1542,1542,0.6875,2026-04-04 22:38:47.150025,2026-04-04 22:38:53.774936,0 days 00:00:06.624911,311,2,121.8,154.8,0.24,COMPLETE
1543,1543,0.6875,2026-04-04 22:38:53.785391,2026-04-04 22:39:00.571956,0 days 00:00:06.786565,235,2,119.7,152.9,1.54,COMPLETE
1544,1544,0.6875,2026-04-04 22:39:00.585026,2026-04-04 22:39:07.211033,0 days 00:00:06.626007,285,1,121.3,155.7,0.24,COMPLETE
1545,1545,0.825,2026-04-04 22:39:07.220868,2026-04-04 22:39:41.195267,0 days 00:00:33.974399,293,1,118.6,154.6,0.26,COMPLETE
1546,1546,0.6875,2026-04-04 22:39:41.208228,2026-04-04 22:39:48.147154,0 days 00:00:06.938926,466,3,123.0,152.0,0.29,COMPLETE
1547,1547,0.6875,2026-04-04 22:39:48.160316,2026-04-04 22:39:55.032776,0 days 00:00:06.872460,287,1,120.0,154.6,0.19,COMPLETE
1548,1548,0.6875,2026-04-04 22:39:55.046177,2026-04-04 22:40:01.534224,0 days 00:00:06.488047,330,1,121.4,155.0,0.13,COMPLETE
1549,1549,0.6875,2026-04-04 22:40:01.546780,2026-04-04 22:40:08.140428,0 days 00:00:06.593648,411,2,123.6,153.7,0.75,COMPLETE
1550,1550,0.825,2026-04-04 22:40:08.150716,2026-04-04 22:40:42.603564,0 days 00:00:34.452848,237,1,120.6,156.7,0.16,COMPLETE
1551,1551,0.825,2026-04-04 22:40:42.616390,2026-04-04 22:41:16.421274,0 days 00:00:33.804884,284,1,119.0,156.9,0.02,COMPLETE
1552,1552,0.6875,2026-04-04 22:41:16.435056,2026-04-04 22:41:24.204353,0 days 00:00:07.769297,225,3,126.7,150.4,0.06,COMPLETE
1553,1553,0.825,2026-04-04 22:41:24.217702,2026-04-04 22:41:59.146281,0 days 00:00:34.928579,314,1,120.3,157.4,0.0,COMPLETE
1554,1554,0.825,2026-04-04 22:41:59.158658,2026-04-04 22:42:32.926343,0 days 00:00:33.767685,344,1,120.2,156.2,0.45,COMPLETE
1555,1555,0.825,2026-04-04 22:42:32.939498,2026-04-04 22:43:06.983628,0 days 00:00:34.044130,303,1,122.9,156.6,0.3,COMPLETE
1556,1556,0.6875,2026-04-04 22:43:06.996755,2026-04-04 22:43:14.522931,0 days 00:00:07.526176,213,3,126.5,149.5,0.72,COMPLETE
1557,1557,0.825,2026-04-04 22:43:14.535754,2026-04-04 22:43:49.213247,0 days 00:00:34.677493,379,1,121.6,155.8,0.03,COMPLETE
1558,1558,0.825,2026-04-04 22:43:49.226016,2026-04-04 22:44:23.260371,0 days 00:00:34.034355,345,1,123.7,156.5,0.03,COMPLETE
1559,1559,0.6875,2026-04-04 22:44:23.271541,2026-04-04 22:44:30.643978,0 days 00:00:07.372437,212,3,118.7,159.4,0.61,COMPLETE
1560,1560,0.6875,2026-04-04 22:44:30.656769,2026-04-04 22:44:37.801178,0 days 00:00:07.144409,212,1,124.0,155.3,0.24,COMPLETE
1561,1561,0.6875,2026-04-04 22:44:37.814744,2026-04-04 22:44:44.773001,0 days 00:00:06.958257,246,2,120.3,150.8,1.34,COMPLETE
1562,1562,0.825,2026-04-04 22:44:44.782735,2026-04-04 22:45:19.072557,0 days 00:00:34.289822,267,1,122.7,155.0,0.03,COMPLETE
1563,1563,0.6875,2026-04-04 22:45:19.085295,2026-04-04 22:45:25.873684,0 days 00:00:06.788389,304,2,119.9,152.0,0.12,COMPLETE
1564,1564,0.6875,2026-04-04 22:45:25.886631,2026-04-04 22:45:32.967414,0 days 00:00:07.080783,498,2,126.1,152.9,1.46,COMPLETE
1565,1565,0.6875,2026-04-04 22:45:32.980519,2026-04-04 22:45:41.234080,0 days 00:00:08.253561,174,1,119.6,159.3,0.54,COMPLETE
1566,1566,0.6875,2026-04-04 22:45:41.247481,2026-04-04 22:45:49.097275,0 days 00:00:07.849794,485,1,125.7,149.6,0.53,COMPLETE
1567,1567,0.6875,2026-04-04 22:45:49.107132,2026-04-04 22:45:55.853649,0 days 00:00:06.746517,427,1,121.5,151.8,0.42,COMPLETE
1568,1568,0.6875,2026-04-04 22:45:55.866259,2026-04-04 22:46:02.873820,0 days 00:00:07.007561,247,1,121.6,153.9,0.33,COMPLETE
1569,1569,0.825,2026-04-04 22:46:02.886584,2026-04-04 22:46:36.909695,0 days 00:00:34.023111,389,1,119.6,153.3,0.37,COMPLETE
1570,1570,0.825,2026-04-04 22:46:36.922790,2026-04-04 22:47:11.444406,0 days 00:00:34.521616,262,1,123.4,157.4,0.04,COMPLETE
1571,1571,0.825,2026-04-04 22:47:11.457170,2026-04-04 22:47:45.257849,0 days 00:00:33.800679,315,1,123.7,155.6,0.0,COMPLETE
1572,1572,0.6875,2026-04-04 22:47:45.267617,2026-04-04 22:47:52.297687,0 days 00:00:07.030070,422,1,117.9,157.7,1.1,COMPLETE
1573,1573,0.6875,2026-04-04 22:47:52.310528,2026-04-04 22:47:59.497301,0 days 00:00:07.186773,348,1,119.3,152.3,0.17,COMPLETE
1574,1574,0.825,2026-04-04 22:47:59.510092,2026-04-04 22:48:16.829922,0 days 00:00:17.319830,432,2,125.0,151.9,0.66,COMPLETE
1575,1575,0.6875,2026-04-04 22:48:16.844299,2026-04-04 22:48:23.904279,0 days 00:00:07.059980,207,3,126.4,152.0,1.67,COMPLETE
1576,1576,0.825,2026-04-04 22:48:23.917322,2026-04-04 22:48:57.967962,0 days 00:00:34.050640,462,3,124.9,152.7,0.49,COMPLETE
1577,1577,0.825,2026-04-04 22:48:57.981253,2026-04-04 22:49:53.569156,0 days 00:00:55.587903,483,2,125.3,152.0,0.01,COMPLETE
1578,1578,0.825,2026-04-04 22:49:53.582607,2026-04-04 22:50:08.962942,0 days 00:00:15.380335,499,3,125.7,152.1,0.29,COMPLETE
1579,1579,0.6875,2026-04-04 22:50:08.976365,2026-04-04 22:50:16.151213,0 days 00:00:07.174848,235,1,125.6,150.3,1.87,COMPLETE
1580,1580,0.6875,2026-04-04 22:50:16.163232,2026-04-04 22:50:23.004981,0 days 00:00:06.841749,441,2,122.4,153.4,0.45,COMPLETE
1581,1581,0.6875,2026-04-04 22:50:23.018140,2026-04-04 22:50:30.261571,0 days 00:00:07.243431,310,2,125.4,149.2,0.55,COMPLETE
1582,1582,0.6875,2026-04-04 22:50:30.275069,2026-04-04 22:50:36.811034,0 days 00:00:06.535965,330,1,124.9,150.3,0.28,COMPLETE
1583,1583,0.6875,2026-04-04 22:50:36.820768,2026-04-04 22:50:43.973847,0 days 00:00:07.153079,277,1,121.9,154.7,0.1,COMPLETE
1584,1584,0.6875,2026-04-04 22:50:43.987040,2026-04-04 22:50:50.670599,0 days 00:00:06.683559,454,2,123.6,155.0,0.84,COMPLETE
1585,1585,0.6875,2026-04-04 22:50:50.684046,2026-04-04 22:50:58.366591,0 days 00:00:07.682545,447,1,113.9,151.2,0.88,COMPLETE
1586,1586,0.6875,2026-04-04 22:50:58.379298,2026-04-04 22:51:05.762818,0 days 00:00:07.383520,400,2,116.9,159.7,1.6400000000000001,COMPLETE
1587,1587,0.6875,2026-04-04 22:51:05.775550,2026-04-04 22:51:13.418515,0 days 00:00:07.642965,240,2,125.3,155.6,0.17,COMPLETE
1588,1588,0.671875,2026-04-04 22:51:13.431653,2026-04-04 22:51:20.033489,0 days 00:00:06.601836,317,1,123.2,153.7,0.12,COMPLETE
1589,1589,0.6875,2026-04-04 22:51:20.046529,2026-04-04 22:51:26.987075,0 days 00:00:06.940546,248,1,120.3,156.7,0.64,COMPLETE
1590,1590,0.6875,2026-04-04 22:51:27.000141,2026-04-04 22:51:33.664729,0 days 00:00:06.664588,313,3,120.6,156.1,1.98,COMPLETE
1591,1591,0.825,2026-04-04 22:51:33.677894,2026-04-04 22:52:07.908758,0 days 00:00:34.230864,326,1,121.3,154.6,0.03,COMPLETE
1592,1592,0.825,2026-04-04 22:52:07.921789,2026-04-04 22:52:41.715204,0 days 00:00:33.793415,481,2,122.1,155.2,0.08,COMPLETE
1593,1593,0.825,2026-04-04 22:52:41.728421,2026-04-04 22:53:37.497306,0 days 00:00:55.768885,295,1,125.1,153.4,0.32,COMPLETE
1594,1594,0.825,2026-04-04 22:53:37.506685,2026-04-04 22:53:54.801477,0 days 00:00:17.294792,304,2,126.1,154.9,0.09,COMPLETE
1595,1595,0.6875,2026-04-04 22:53:54.814386,2026-04-04 22:54:01.533448,0 days 00:00:06.719062,334,1,123.0,154.2,0.63,COMPLETE
1596,1596,0.825,2026-04-04 22:54:01.546829,2026-04-04 22:54:35.360963,0 days 00:00:33.814134,339,1,121.1,152.8,0.15,COMPLETE
1597,1597,0.825,2026-04-04 22:54:35.373806,2026-04-04 22:55:09.415509,0 days 00:00:34.041703,405,1,123.0,153.6,0.09,COMPLETE
1598,1598,0.825,2026-04-04 22:55:09.428827,2026-04-04 22:55:22.991895,0 days 00:00:13.563068,352,1,118.2,154.1,0.03,COMPLETE
1599,1599,0.6875,2026-04-04 22:55:23.005273,2026-04-04 22:55:30.292788,0 days 00:00:07.287515,486,1,125.1,152.3,1.41,COMPLETE
1600,1600,0.6875,2026-04-04 22:55:30.306137,2026-04-04 22:55:36.956209,0 days 00:00:06.650072,497,1,123.4,155.0,1.22,COMPLETE
1601,1601,0.6875,2026-04-04 22:55:36.969390,2026-04-04 22:55:44.553707,0 days 00:00:07.584317,162,1,121.0,151.5,1.1300000000000001,COMPLETE
1602,1602,0.6875,2026-04-04 22:55:44.566514,2026-04-04 22:55:51.732565,0 days 00:00:07.166051,350,1,126.6,154.7,0.28,COMPLETE
1603,1603,0.6875,2026-04-04 22:55:51.745359,2026-04-04 22:55:58.756295,0 days 00:00:07.010936,254,1,122.8,152.3,0.03,COMPLETE
1604,1604,0.6875,2026-04-04 22:55:58.769359,2026-04-04 22:56:05.604283,0 days 00:00:06.834924,324,1,120.9,155.0,0.05,COMPLETE
1605,1605,0.6875,2026-04-04 22:56:05.617281,2026-04-04 22:56:12.249751,0 days 00:00:06.632470,360,1,122.8,152.1,0.04,COMPLETE
1606,1606,0.6875,2026-04-04 22:56:12.262923,2026-04-04 22:56:19.059252,0 days 00:00:06.796329,309,1,122.0,152.3,0.12,COMPLETE
1607,1607,0.6875,2026-04-04 22:56:19.073525,2026-04-04 22:56:26.010239,0 days 00:00:06.936714,404,1,124.0,157.7,0.58,COMPLETE
1608,1608,0.825,2026-04-04 22:56:26.023082,2026-04-04 22:57:00.259130,0 days 00:00:34.236048,337,1,124.0,154.5,0.07,COMPLETE
1609,1609,0.6875,2026-04-04 22:57:00.272233,2026-04-04 22:57:06.898760,0 days 00:00:06.626527,500,3,123.4,151.2,0.34,COMPLETE
1610,1610,0.6875,2026-04-04 22:57:06.911541,2026-04-04 22:57:13.578236,0 days 00:00:06.666695,473,3,125.6,148.3,0.03,COMPLETE
1611,1611,0.825,2026-04-04 22:57:13.591062,2026-04-04 22:57:48.399345,0 days 00:00:34.808283,307,1,123.2,155.6,0.11,COMPLETE
1612,1612,0.6875,2026-04-04 22:57:48.412097,2026-04-04 22:57:55.971673,0 days 00:00:07.559576,497,3,114.1,157.9,0.6900000000000001,COMPLETE
1613,1613,0.6875,2026-04-04 22:57:55.984630,2026-04-04 22:58:03.898487,0 days 00:00:07.913857,266,1,123.9,154.9,0.0,COMPLETE
1614,1614,0.6875,2026-04-04 22:58:03.908717,2026-04-04 22:58:10.372568,0 days 00:00:06.463851,353,1,123.7,154.9,0.41000000000000003,COMPLETE
1615,1615,0.825,2026-04-04 22:58:10.385292,2026-04-04 22:58:44.724885,0 days 00:00:34.339593,299,1,121.9,153.4,0.06,COMPLETE
1616,1616,0.825,2026-04-04 22:58:44.738265,2026-04-04 22:59:18.766313,0 days 00:00:34.028048,353,1,118.9,154.5,0.5,COMPLETE
1617,1617,0.6875,2026-04-04 22:59:18.779698,2026-04-04 22:59:25.687259,0 days 00:00:06.907561,302,1,121.7,156.0,0.54,COMPLETE
1618,1618,0.6875,2026-04-04 22:59:25.700321,2026-04-04 22:59:32.375347,0 days 00:00:06.675026,290,1,123.0,152.1,0.35000000000000003,COMPLETE
1619,1619,0.6875,2026-04-04 22:59:32.388893,2026-04-04 22:59:39.971015,0 days 00:00:07.582122,159,2,117.3,156.9,0.9,COMPLETE
1620,1620,0.6875,2026-04-04 22:59:39.980683,2026-04-04 22:59:46.604142,0 days 00:00:06.623459,498,2,119.8,154.6,0.8300000000000001,COMPLETE
1621,1621,0.6875,2026-04-04 22:59:46.617493,2026-04-04 22:59:53.918508,0 days 00:00:07.301015,469,2,127.0,149.6,1.8800000000000001,COMPLETE
1622,1622,0.6875,2026-04-04 22:59:53.931827,2026-04-04 23:00:01.671674,0 days 00:00:07.739847,215,3,121.5,154.1,1.6,COMPLETE
1623,1623,0.6875,2026-04-04 23:00:01.685428,2026-04-04 23:00:08.273013,0 days 00:00:06.587585,310,1,123.7,153.2,0.3,COMPLETE
1624,1624,0.6875,2026-04-04 23:00:08.286432,2026-04-04 23:00:15.064593,0 days 00:00:06.778161,445,3,119.6,151.5,0.31,COMPLETE
1625,1625,0.6875,2026-04-04 23:00:15.077955,2026-04-04 23:00:22.246583,0 days 00:00:07.168628,380,1,120.2,159.7,1.07,COMPLETE
1626,1626,0.825,2026-04-04 23:00:22.255295,2026-04-04 23:00:56.294969,0 days 00:00:34.039674,362,1,121.5,156.9,0.23,COMPLETE
1627,1627,0.6875,2026-04-04 23:00:56.308649,2026-04-04 23:01:03.302489,0 days 00:00:06.993840,336,1,125.6,156.1,0.54,COMPLETE
1628,1628,0.6875,2026-04-04 23:01:03.315564,2026-04-04 23:01:10.725440,0 days 00:00:07.409876,231,2,120.1,159.8,0.79,COMPLETE
1629,1629,0.825,2026-04-04 23:01:10.738425,2026-04-04 23:01:44.927251,0 days 00:00:34.188826,423,1,123.4,157.4,0.01,COMPLETE
1630,1630,0.6875,2026-04-04 23:01:44.940365,2026-04-04 23:01:51.887143,0 days 00:00:06.946778,461,3,123.1,152.2,0.41000000000000003,COMPLETE
1631,1631,0.6875,2026-04-04 23:01:51.900063,2026-04-04 23:01:59.532170,0 days 00:00:07.632107,288,2,119.7,159.9,1.54,COMPLETE
1632,1632,0.6875,2026-04-04 23:01:59.545817,2026-04-04 23:02:07.467181,0 days 00:00:07.921364,165,3,124.2,152.7,1.47,COMPLETE
1633,1633,0.6875,2026-04-04 23:02:07.480232,2026-04-04 23:02:14.668773,0 days 00:00:07.188541,362,1,118.1,155.5,1.17,COMPLETE
1634,1634,0.671875,2026-04-04 23:02:14.682187,2026-04-04 23:02:21.329743,0 days 00:00:06.647556,370,2,120.0,152.5,0.3,COMPLETE
1635,1635,0.6875,2026-04-04 23:02:21.343216,2026-04-04 23:02:27.978518,0 days 00:00:06.635302,345,2,121.2,152.2,0.24,COMPLETE
1636,1636,0.825,2026-04-04 23:02:27.992205,2026-04-04 23:03:02.000387,0 days 00:00:34.008182,398,2,119.6,155.5,0.46,COMPLETE
1637,1637,0.6875,2026-04-04 23:03:02.009439,2026-04-04 23:03:09.053300,0 days 00:00:07.043861,383,2,119.9,149.4,0.19,COMPLETE
1638,1638,0.6875,2026-04-04 23:03:09.064549,2026-04-04 23:03:16.272219,0 days 00:00:07.207670,464,2,113.4,154.0,0.6,COMPLETE
1639,1639,0.6875,2026-04-04 23:03:16.285185,2026-04-04 23:03:23.334381,0 days 00:00:07.049196,323,1,116.5,157.9,0.96,COMPLETE
1640,1640,0.671875,2026-04-04 23:03:23.344919,2026-04-04 23:03:30.264636,0 days 00:00:06.919717,423,2,117.4,153.4,0.2,COMPLETE
1641,1641,0.6875,2026-04-04 23:03:30.278014,2026-04-04 23:03:37.070711,0 days 00:00:06.792697,331,2,120.4,152.6,0.47000000000000003,COMPLETE
1642,1642,0.6875,2026-04-04 23:03:37.083244,2026-04-04 23:03:43.532484,0 days 00:00:06.449240,401,2,119.2,153.7,0.39,COMPLETE
1643,1643,0.6875,2026-04-04 23:03:43.541787,2026-04-04 23:03:50.327066,0 days 00:00:06.785279,409,2,115.4,150.8,0.51,COMPLETE
1644,1644,0.825,2026-04-04 23:03:50.340235,2026-04-04 23:04:24.413500,0 days 00:00:34.073265,441,2,118.8,153.0,0.08,COMPLETE
1645,1645,0.825,2026-04-04 23:04:24.427231,2026-04-04 23:04:58.481872,0 days 00:00:34.054641,497,3,116.3,153.7,0.04,COMPLETE
1646,1646,0.6875,2026-04-04 23:04:58.494627,2026-04-04 23:05:05.205791,0 days 00:00:06.711164,434,2,118.4,154.3,0.45,COMPLETE
1647,1647,0.6875,2026-04-04 23:05:05.219204,2026-04-04 23:05:12.058054,0 days 00:00:06.838850,370,3,119.8,153.6,0.18,COMPLETE
1648,1648,0.6875,2026-04-04 23:05:12.071594,2026-04-04 23:05:18.989937,0 days 00:00:06.918343,337,2,116.5,150.3,0.07,COMPLETE
1649,1649,0.6875,2026-04-04 23:05:19.003388,2026-04-04 23:05:25.757029,0 days 00:00:06.753641,449,2,115.5,153.6,0.56,COMPLETE
1650,1650,0.6875,2026-04-04 23:05:25.767362,2026-04-04 23:05:33.213462,0 days 00:00:07.446100,196,2,117.6,159.5,1.86,COMPLETE
1651,1651,0.6875,2026-04-04 23:05:33.223347,2026-04-04 23:05:39.963119,0 days 00:00:06.739772,227,3,118.6,157.8,1.87,COMPLETE
1652,1652,0.6875,2026-04-04 23:05:39.972793,2026-04-04 23:05:46.965192,0 days 00:00:06.992399,387,3,115.3,152.5,0.22,COMPLETE
1653,1653,0.825,2026-04-04 23:05:46.974824,2026-04-04 23:06:05.050218,0 days 00:00:18.075394,495,2,124.8,155.1,0.77,COMPLETE
1654,1654,0.6875,2026-04-04 23:06:05.060461,2026-04-04 23:06:12.512615,0 days 00:00:07.452154,499,2,115.6,154.8,1.4000000000000001,COMPLETE
1655,1655,0.6875,2026-04-04 23:06:12.522497,2026-04-04 23:06:19.697845,0 days 00:00:07.175348,378,2,120.4,154.7,0.36,COMPLETE
1656,1656,0.6875,2026-04-04 23:06:19.709286,2026-04-04 23:06:26.727312,0 days 00:00:07.018026,399,2,116.1,152.1,0.15,COMPLETE
1657,1657,0.6875,2026-04-04 23:06:26.737773,2026-04-04 23:06:33.508650,0 days 00:00:06.770877,360,2,119.8,154.5,0.33,COMPLETE
1658,1658,0.6875,2026-04-04 23:06:33.522378,2026-04-04 23:06:40.493542,0 days 00:00:06.971164,480,2,113.9,154.0,0.08,COMPLETE
1659,1659,0.6875,2026-04-04 23:06:40.506767,2026-04-04 23:06:47.911588,0 days 00:00:07.404821,343,2,119.6,152.5,0.17,COMPLETE
1660,1660,0.6875,2026-04-04 23:06:47.924306,2026-04-04 23:06:55.461786,0 days 00:00:07.537480,210,2,116.3,148.2,1.12,COMPLETE
1661,1661,0.6875,2026-04-04 23:06:55.474964,2026-04-04 23:07:02.871603,0 days 00:00:07.396639,334,1,124.2,152.7,0.1,COMPLETE
1662,1662,0.6875,2026-04-04 23:07:02.884683,2026-04-04 23:07:09.540755,0 days 00:00:06.656072,391,2,121.0,153.2,0.66,COMPLETE
1663,1663,0.825,2026-04-04 23:07:09.553806,2026-04-04 23:07:15.450623,0 days 00:00:05.896817,359,2,118.6,152.9,0.07,COMPLETE
1664,1664,0.6875,2026-04-04 23:07:15.463602,2026-04-04 23:07:22.131508,0 days 00:00:06.667906,437,2,115.4,152.2,0.38,COMPLETE
1665,1665,0.6875,2026-04-04 23:07:22.144484,2026-04-04 23:07:28.732625,0 days 00:00:06.588141,383,2,117.7,151.8,0.33,COMPLETE
1666,1666,0.6875,2026-04-04 23:07:28.746584,2026-04-04 23:07:35.705573,0 days 00:00:06.958989,421,3,123.2,150.6,0.86,COMPLETE
1667,1667,0.6875,2026-04-04 23:07:35.718793,2026-04-04 23:07:42.461747,0 days 00:00:06.742954,455,3,123.4,154.6,0.61,COMPLETE
1668,1668,0.825,2026-04-04 23:07:42.471038,2026-04-04 23:08:16.357986,0 days 00:00:33.886948,421,2,119.5,154.6,0.13,COMPLETE
1669,1669,0.825,2026-04-04 23:08:16.371758,2026-04-04 23:08:34.831815,0 days 00:00:18.460057,421,3,126.2,154.7,0.09,COMPLETE
1670,1670,0.6875,2026-04-04 23:08:34.844967,2026-04-04 23:08:42.435704,0 days 00:00:07.590737,493,2,116.1,152.3,0.13,COMPLETE
1671,1671,0.825,2026-04-04 23:08:42.449715,2026-04-04 23:08:49.734599,0 days 00:00:07.284884,357,2,117.8,152.9,0.22,COMPLETE
1672,1672,0.825,2026-04-04 23:08:49.747726,2026-04-04 23:09:23.700139,0 days 00:00:33.952413,438,2,116.6,154.7,0.15,COMPLETE
1673,1673,0.6875,2026-04-04 23:09:23.713439,2026-04-04 23:09:30.266588,0 days 00:00:06.553149,395,2,116.7,153.4,0.22,COMPLETE
1674,1674,0.6875,2026-04-04 23:09:30.279647,2026-04-04 23:09:37.166769,0 days 00:00:06.887122,385,1,120.8,157.2,1.41,COMPLETE
1675,1675,0.6875,2026-04-04 23:09:37.180230,2026-04-04 23:09:44.279490,0 days 00:00:07.099260,373,2,118.0,150.3,0.71,COMPLETE
1676,1676,0.825,2026-04-04 23:09:44.292484,2026-04-04 23:10:18.224078,0 days 00:00:33.931594,449,2,119.7,153.0,0.38,COMPLETE
1677,1677,0.6875,2026-04-04 23:10:18.237380,2026-04-04 23:10:25.564061,0 days 00:00:07.326681,260,2,120.5,159.3,0.04,COMPLETE
1678,1678,0.6875,2026-04-04 23:10:25.577254,2026-04-04 23:10:32.700200,0 days 00:00:07.122946,376,1,126.7,155.1,1.4000000000000001,COMPLETE
1679,1679,0.6875,2026-04-04 23:10:32.714275,2026-04-04 23:10:39.890201,0 days 00:00:07.175926,383,2,119.8,151.3,0.33,COMPLETE
1680,1680,0.6875,2026-04-04 23:10:39.903358,2026-04-04 23:10:46.678484,0 days 00:00:06.775126,393,2,117.3,152.7,0.5,COMPLETE
1681,1681,0.6875,2026-04-04 23:10:46.692197,2026-04-04 23:10:54.117621,0 days 00:00:07.425424,403,3,126.5,149.6,1.94,COMPLETE
1682,1682,0.825,2026-04-04 23:10:54.130844,2026-04-04 23:11:28.874259,0 days 00:00:34.743415,295,1,122.4,156.8,0.11,COMPLETE
1683,1683,0.6875,2026-04-04 23:11:28.887252,2026-04-04 23:11:36.111623,0 days 00:00:07.224371,463,2,119.8,149.9,0.22,COMPLETE
1684,1684,0.825,2026-04-04 23:11:36.125231,2026-04-04 23:12:10.326849,0 days 00:00:34.201618,416,2,121.9,153.3,0.01,COMPLETE
1685,1685,0.6875,2026-04-04 23:12:10.339867,2026-04-04 23:12:17.275958,0 days 00:00:06.936091,290,1,123.8,156.1,0.42,COMPLETE
1686,1686,0.6875,2026-04-04 23:12:17.289452,2026-04-04 23:12:24.598047,0 days 00:00:07.308595,157,1,120.1,159.9,1.3900000000000001,COMPLETE
1687,1687,0.6875,2026-04-04 23:12:24.607689,2026-04-04 23:12:31.807225,0 days 00:00:07.199536,394,2,119.5,151.7,0.37,COMPLETE
1688,1688,0.6875,2026-04-04 23:12:31.821650,2026-04-04 23:12:38.894281,0 days 00:00:07.072631,340,1,124.7,155.7,2.0,COMPLETE
1689,1689,0.6875,2026-04-04 23:12:38.907412,2026-04-04 23:12:45.687384,0 days 00:00:06.779972,336,2,123.3,154.4,0.36,COMPLETE
1690,1690,0.6875,2026-04-04 23:12:45.697822,2026-04-04 23:12:52.213916,0 days 00:00:06.516094,500,3,123.7,153.4,0.38,COMPLETE
1691,1691,0.825,2026-04-04 23:12:52.227293,2026-04-04 23:13:26.390915,0 days 00:00:34.163622,447,1,119.5,156.4,0.72,COMPLETE
1692,1692,0.6875,2026-04-04 23:13:26.405101,2026-04-04 23:13:33.524922,0 days 00:00:07.119821,188,2,121.7,156.5,0.3,COMPLETE
1693,1693,0.6875,2026-04-04 23:13:33.537521,2026-04-04 23:13:40.423092,0 days 00:00:06.885571,406,2,117.7,154.4,0.16,COMPLETE
1694,1694,0.6875,2026-04-04 23:13:40.436264,2026-04-04 23:13:47.967683,0 days 00:00:07.531419,457,2,126.9,152.9,1.18,COMPLETE
1695,1695,0.6875,2026-04-04 23:13:47.981125,2026-04-04 23:13:55.445818,0 days 00:00:07.464693,466,2,117.1,153.3,0.29,COMPLETE
1696,1696,0.6875,2026-04-04 23:13:55.458856,2026-04-04 23:14:02.498420,0 days 00:00:07.039564,463,2,122.4,151.2,0.5,COMPLETE
1697,1697,0.6875,2026-04-04 23:14:02.511681,2026-04-04 23:14:09.384669,0 days 00:00:06.872988,366,1,121.9,154.3,0.2,COMPLETE
1698,1698,0.825,2026-04-04 23:14:09.394156,2026-04-04 23:14:43.427342,0 days 00:00:34.033186,457,2,124.1,156.7,0.36,COMPLETE
1699,1699,0.6875,2026-04-04 23:14:43.436245,2026-04-04 23:14:50.448610,0 days 00:00:07.012365,492,3,125.5,150.9,1.05,COMPLETE
1700,1700,0.6875,2026-04-04 23:14:50.461125,2026-04-04 23:14:57.401092,0 days 00:00:06.939967,491,3,119.5,149.7,0.34,COMPLETE
1701,1701,0.825,2026-04-04 23:14:57.414432,2026-04-04 23:15:32.065669,0 days 00:00:34.651237,288,1,121.6,156.1,0.0,COMPLETE
1702,1702,0.6875,2026-04-04 23:15:32.079194,2026-04-04 23:15:39.174691,0 days 00:00:07.095497,453,1,116.1,152.2,0.08,COMPLETE
1703,1703,0.6875,2026-04-04 23:15:39.184211,2026-04-04 23:15:46.728279,0 days 00:00:07.544068,449,1,127.0,153.1,1.72,COMPLETE
1704,1704,0.6875,2026-04-04 23:15:46.741419,2026-04-04 23:15:54.015711,0 days 00:00:07.274292,370,1,121.3,150.7,0.39,COMPLETE
1705,1705,0.6875,2026-04-04 23:15:54.028531,2026-04-04 23:16:01.649074,0 days 00:00:07.620543,312,2,121.9,159.0,0.79,COMPLETE
1706,1706,0.6875,2026-04-04 23:16:01.662106,2026-04-04 23:16:08.718378,0 days 00:00:07.056272,438,3,123.1,153.5,0.2,COMPLETE
1707,1707,0.6875,2026-04-04 23:16:08.731488,2026-04-04 23:16:15.878465,0 days 00:00:07.146977,318,2,121.4,149.1,0.4,COMPLETE
1708,1708,0.6875,2026-04-04 23:16:15.891462,2026-04-04 23:16:23.048609,0 days 00:00:07.157147,232,2,123.5,153.9,0.24,COMPLETE
1709,1709,0.6875,2026-04-04 23:16:23.061630,2026-04-04 23:16:30.165099,0 days 00:00:07.103469,233,1,117.9,156.6,1.19,COMPLETE
1710,1710,0.6875,2026-04-04 23:16:30.178153,2026-04-04 23:16:37.307982,0 days 00:00:07.129829,323,2,124.1,151.8,0.5,COMPLETE
1711,1711,0.6875,2026-04-04 23:16:37.321119,2026-04-04 23:16:44.471071,0 days 00:00:07.149952,305,2,118.0,157.0,1.16,COMPLETE
1712,1712,0.6875,2026-04-04 23:16:44.483401,2026-04-04 23:16:51.253084,0 days 00:00:06.769683,408,2,119.9,152.8,0.62,COMPLETE
1713,1713,0.825,2026-04-04 23:16:51.266540,2026-04-04 23:17:25.234477,0 days 00:00:33.967937,500,2,119.4,155.1,0.38,COMPLETE
1714,1714,0.6875,2026-04-04 23:17:25.247755,2026-04-04 23:17:32.197750,0 days 00:00:06.949995,357,2,121.4,153.0,0.45,COMPLETE
1715,1715,0.6875,2026-04-04 23:17:32.211095,2026-04-04 23:17:38.807600,0 days 00:00:06.596505,330,1,119.3,151.7,0.48,COMPLETE
1716,1716,0.6875,2026-04-04 23:17:38.818288,2026-04-04 23:17:45.566094,0 days 00:00:06.747806,426,2,117.3,150.9,0.23,COMPLETE
1717,1717,0.6875,2026-04-04 23:17:45.579436,2026-04-04 23:17:52.859657,0 days 00:00:07.280221,392,2,125.5,151.1,0.06,COMPLETE
1718,1718,0.6875,2026-04-04 23:17:52.872609,2026-04-04 23:18:00.208585,0 days 00:00:07.335976,160,1,125.9,154.5,0.64,COMPLETE
1719,1719,0.6875,2026-04-04 23:18:00.221683,2026-04-04 23:18:07.003914,0 days 00:00:06.782231,461,3,126.8,159.3,0.63,COMPLETE
1720,1720,0.6875,2026-04-04 23:18:07.017219,2026-04-04 23:18:14.551945,0 days 00:00:07.534726,323,2,120.1,153.7,0.11,COMPLETE
1721,1721,0.6875,2026-04-04 23:18:14.565186,2026-04-04 23:18:21.501018,0 days 00:00:06.935832,253,2,123.0,156.8,0.43,COMPLETE
1722,1722,0.6875,2026-04-04 23:18:21.514268,2026-04-04 23:18:29.015122,0 days 00:00:07.500854,373,3,115.5,149.8,2.0,COMPLETE
1723,1723,0.6875,2026-04-04 23:18:29.028478,2026-04-04 23:18:36.668662,0 days 00:00:07.640184,233,2,116.9,159.6,0.84,COMPLETE
1724,1724,0.825,2026-04-04 23:18:36.682203,2026-04-04 23:19:11.490192,0 days 00:00:34.807989,339,1,122.2,152.9,0.38,COMPLETE
1725,1725,0.6875,2026-04-04 23:19:11.503095,2026-04-04 23:19:18.153144,0 days 00:00:06.650049,301,1,123.9,153.9,1.78,COMPLETE
1726,1726,0.6875,2026-04-04 23:19:18.166287,2026-04-04 23:19:24.746872,0 days 00:00:06.580585,328,1,121.8,151.3,1.86,COMPLETE
1727,1727,0.6875,2026-04-04 23:19:24.760554,2026-04-04 23:19:31.905973,0 days 00:00:07.145419,236,1,126.3,154.4,0.32,COMPLETE
1728,1728,0.6875,2026-04-04 23:19:31.919255,2026-04-04 23:19:38.629655,0 days 00:00:06.710400,443,2,123.5,152.8,0.53,COMPLETE
1729,1729,0.6875,2026-04-04 23:19:38.643051,2026-04-04 23:19:45.804833,0 days 00:00:07.161782,248,2,121.4,157.6,1.8,COMPLETE
1730,1730,0.825,2026-04-04 23:19:45.818036,2026-04-04 23:20:20.060111,0 days 00:00:34.242075,408,2,119.8,152.0,0.08,COMPLETE
1731,1731,0.6875,2026-04-04 23:20:20.073123,2026-04-04 23:20:27.082517,0 days 00:00:07.009394,494,2,124.9,149.0,0.28,COMPLETE
1732,1732,0.6875,2026-04-04 23:20:27.095521,2026-04-04 23:20:34.353518,0 days 00:00:07.257997,332,2,118.6,152.0,0.45,COMPLETE
1733,1733,0.6875,2026-04-04 23:20:34.367163,2026-04-04 23:20:41.169933,0 days 00:00:06.802770,383,1,120.5,153.1,0.43,COMPLETE
1734,1734,0.6875,2026-04-04 23:20:41.181084,2026-04-04 23:20:47.963954,0 days 00:00:06.782870,314,2,122.9,154.5,1.83,COMPLETE
1735,1735,0.6875,2026-04-04 23:20:47.977122,2026-04-04 23:20:54.831802,0 days 00:00:06.854680,218,1,123.4,153.9,0.3,COMPLETE
1736,1736,0.825,2026-04-04 23:20:54.845308,2026-04-04 23:21:14.984730,0 days 00:00:20.139422,374,2,117.0,154.5,0.04,COMPLETE
1737,1737,0.6875,2026-04-04 23:21:14.998351,2026-04-04 23:21:22.281210,0 days 00:00:07.282859,279,2,116.5,149.3,1.34,COMPLETE
1738,1738,0.825,2026-04-04 23:21:22.295287,2026-04-04 23:21:56.574386,0 days 00:00:34.279099,497,3,121.0,152.4,0.09,COMPLETE
1739,1739,0.6875,2026-04-04 23:21:56.588061,2026-04-04 23:22:03.270865,0 days 00:00:06.682804,418,3,120.3,153.0,0.55,COMPLETE
1740,1740,0.6875,2026-04-04 23:22:03.283873,2026-04-04 23:22:10.513006,0 days 00:00:07.229133,313,3,118.8,159.3,1.1,COMPLETE
1741,1741,0.6875,2026-04-04 23:22:10.526094,2026-04-04 23:22:16.972583,0 days 00:00:06.446489,343,2,117.4,159.7,1.42,COMPLETE
1742,1742,0.6875,2026-04-04 23:22:16.985647,2026-04-04 23:22:24.807852,0 days 00:00:07.822205,402,3,126.1,151.0,0.52,COMPLETE
1743,1743,0.825,2026-04-04 23:22:24.821237,2026-04-04 23:22:59.318044,0 days 00:00:34.496807,499,2,123.2,156.5,0.54,COMPLETE
1744,1744,0.825,2026-04-04 23:22:59.331001,2026-04-04 23:23:04.684388,0 days 00:00:05.353387,317,1,124.7,154.2,0.33,COMPLETE
1745,1745,0.6875,2026-04-04 23:23:04.697678,2026-04-04 23:23:11.769387,0 days 00:00:07.071709,234,2,123.4,158.7,1.18,COMPLETE
1746,1746,0.6875,2026-04-04 23:23:11.781581,2026-04-04 23:23:18.527175,0 days 00:00:06.745594,460,2,120.6,155.2,0.56,COMPLETE
1747,1747,0.825,2026-04-04 23:23:18.540767,2026-04-04 23:23:52.790801,0 days 00:00:34.250034,417,3,122.8,150.9,0.18,COMPLETE
1748,1748,0.671875,2026-04-04 23:23:52.804737,2026-04-04 23:24:00.007391,0 days 00:00:07.202654,336,1,119.4,154.3,0.39,COMPLETE
1749,1749,0.825,2026-04-04 23:24:00.020830,2026-04-04 23:24:34.280143,0 days 00:00:34.259313,324,1,124.4,154.4,0.03,COMPLETE
1750,1750,0.6875,2026-04-04 23:24:34.293736,2026-04-04 23:24:41.347560,0 days 00:00:07.053824,329,1,117.9,154.3,0.54,COMPLETE
1751,1751,0.825,2026-04-04 23:24:41.360611,2026-04-04 23:25:15.240479,0 days 00:00:33.879868,423,1,119.2,155.3,0.59,COMPLETE
1752,1752,0.6875,2026-04-04 23:25:15.254019,2026-04-04 23:25:21.943053,0 days 00:00:06.689034,415,1,116.9,153.2,0.4,COMPLETE
1753,1753,0.6875,2026-04-04 23:25:21.956303,2026-04-04 23:25:29.003130,0 days 00:00:07.046827,295,1,121.7,154.1,0.7000000000000001,COMPLETE
1754,1754,0.6875,2026-04-04 23:25:29.016608,2026-04-04 23:25:35.805430,0 days 00:00:06.788822,362,1,121.3,157.7,0.36,COMPLETE
1755,1755,0.6875,2026-04-04 23:25:35.818690,2026-04-04 23:25:42.912698,0 days 00:00:07.094008,500,1,115.8,154.7,0.51,COMPLETE
1756,1756,0.825,2026-04-04 23:25:42.923485,2026-04-04 23:26:17.185409,0 days 00:00:34.261924,478,1,121.5,152.3,0.1,COMPLETE
1757,1757,0.6875,2026-04-04 23:26:17.198751,2026-04-04 23:26:23.914873,0 days 00:00:06.716122,494,1,118.0,153.5,1.3900000000000001,COMPLETE
1758,1758,0.6875,2026-04-04 23:26:23.927918,2026-04-04 23:26:31.105131,0 days 00:00:07.177213,291,2,123.6,154.8,0.3,COMPLETE
1759,1759,0.6875,2026-04-04 23:26:31.118028,2026-04-04 23:26:37.889863,0 days 00:00:06.771835,274,1,118.9,155.0,0.84,COMPLETE
1760,1760,0.6875,2026-04-04 23:26:37.902960,2026-04-04 23:26:44.577863,0 days 00:00:06.674903,361,1,118.4,152.2,0.59,COMPLETE
1761,1761,0.6875,2026-04-04 23:26:44.591100,2026-04-04 23:26:51.681116,0 days 00:00:07.090016,303,1,121.1,151.4,0.8,COMPLETE
1762,1762,0.6875,2026-04-04 23:26:51.694274,2026-04-04 23:26:58.489563,0 days 00:00:06.795289,306,1,120.6,155.3,0.38,COMPLETE
1763,1763,0.6875,2026-04-04 23:26:58.499690,2026-04-04 23:27:05.026090,0 days 00:00:06.526400,301,1,119.7,155.0,0.68,COMPLETE
1764,1764,0.6875,2026-04-04 23:27:05.039332,2026-04-04 23:27:12.264560,0 days 00:00:07.225228,195,2,116.0,159.9,0.9400000000000001,COMPLETE
1765,1765,0.825,2026-04-04 23:27:12.276267,2026-04-04 23:27:46.525852,0 days 00:00:34.249585,273,2,119.6,156.1,0.39,COMPLETE
1766,1766,0.825,2026-04-04 23:27:46.535798,2026-04-04 23:28:20.326367,0 days 00:00:33.790569,304,1,119.6,155.5,0.46,COMPLETE
1767,1767,0.6875,2026-04-04 23:28:20.339563,2026-04-04 23:28:27.066269,0 days 00:00:06.726706,301,1,120.0,153.8,0.3,COMPLETE
1768,1768,0.825,2026-04-04 23:28:27.079600,2026-04-04 23:29:00.765568,0 days 00:00:33.685968,390,1,118.9,154.1,0.1,COMPLETE
1769,1769,0.6875,2026-04-04 23:29:00.775987,2026-04-04 23:29:07.542084,0 days 00:00:06.766097,390,1,117.9,155.3,0.8300000000000001,COMPLETE
1770,1770,0.6875,2026-04-04 23:29:07.555813,2026-04-04 23:29:14.275538,0 days 00:00:06.719725,348,1,120.9,153.2,0.44,COMPLETE
1771,1771,0.825,2026-04-04 23:29:14.288522,2026-04-04 23:29:48.128269,0 days 00:00:33.839747,365,1,118.3,155.1,0.64,COMPLETE
1772,1772,0.6875,2026-04-04 23:29:48.141606,2026-04-04 23:29:54.843916,0 days 00:00:06.702310,498,1,115.8,156.4,0.96,COMPLETE
1773,1773,0.6875,2026-04-04 23:29:54.856883,2026-04-04 23:30:01.672292,0 days 00:00:06.815409,488,1,113.2,152.3,0.92,COMPLETE
1774,1774,0.825,2026-04-04 23:30:01.685270,2026-04-04 23:30:36.519027,0 days 00:00:34.833757,319,1,119.3,155.9,0.07,COMPLETE
1775,1775,0.6875,2026-04-04 23:30:36.528109,2026-04-04 23:30:43.419479,0 days 00:00:06.891370,259,2,118.5,157.9,0.97,COMPLETE
1776,1776,0.6875,2026-04-04 23:30:43.432935,2026-04-04 23:30:50.366560,0 days 00:00:06.933625,250,1,117.6,152.0,0.23,COMPLETE
1777,1777,0.6875,2026-04-04 23:30:50.380427,2026-04-04 23:30:57.142113,0 days 00:00:06.761686,436,3,121.1,154.7,0.39,COMPLETE
1778,1778,0.6875,2026-04-04 23:30:57.155288,2026-04-04 23:31:03.801453,0 days 00:00:06.646165,278,1,122.2,154.5,0.48,COMPLETE
1779,1779,0.6875,2026-04-04 23:31:03.814593,2026-04-04 23:31:10.428534,0 days 00:00:06.613941,315,1,119.8,153.8,0.53,COMPLETE
1780,1780,0.825,2026-04-04 23:31:10.441993,2026-04-04 23:31:44.643764,0 days 00:00:34.201771,437,3,123.0,155.6,0.06,COMPLETE
1781,1781,0.6875,2026-04-04 23:31:44.656627,2026-04-04 23:31:51.810486,0 days 00:00:07.153859,485,3,121.3,148.7,0.03,COMPLETE
1782,1782,0.6875,2026-04-04 23:31:51.822630,2026-04-04 23:31:58.858618,0 days 00:00:07.035988,332,1,121.8,153.8,0.04,COMPLETE
1783,1783,0.6875,2026-04-04 23:31:58.871468,2026-04-04 23:32:06.184453,0 days 00:00:07.312985,306,2,118.9,159.8,1.9000000000000001,COMPLETE
1784,1784,0.6875,2026-04-04 23:32:06.198027,2026-04-04 23:32:13.112418,0 days 00:00:06.914391,451,2,117.2,155.6,0.45,COMPLETE
1785,1785,0.6875,2026-04-04 23:32:13.121883,2026-04-04 23:32:20.112583,0 days 00:00:06.990700,347,1,120.9,155.7,0.59,COMPLETE
1786,1786,0.825,2026-04-04 23:32:20.125269,2026-04-04 23:32:26.046619,0 days 00:00:05.921350,464,3,124.3,153.6,0.31,COMPLETE
1787,1787,0.6875,2026-04-04 23:32:26.060407,2026-04-04 23:32:32.799553,0 days 00:00:06.739146,402,1,126.1,154.7,0.41000000000000003,COMPLETE
1788,1788,0.6875,2026-04-04 23:32:32.811731,2026-04-04 23:32:39.920997,0 days 00:00:07.109266,382,2,121.6,150.8,0.48,COMPLETE
1789,1789,0.6875,2026-04-04 23:32:39.934128,2026-04-04 23:32:47.030276,0 days 00:00:07.096148,354,2,120.3,157.7,0.28,COMPLETE
1790,1790,0.825,2026-04-04 23:32:47.043441,2026-04-04 23:33:21.133917,0 days 00:00:34.090476,369,2,123.0,153.4,0.17,COMPLETE
1791,1791,0.6875,2026-04-04 23:33:21.147287,2026-04-04 23:33:27.980412,0 days 00:00:06.833125,305,1,125.2,155.5,0.65,COMPLETE
1792,1792,0.0,2026-04-04 23:33:27.990709,2026-04-04 23:33:34.723391,0 days 00:00:06.732682,383,1,122.0,154.1,0.25,COMPLETE
1793,1793,0.6875,2026-04-04 23:33:34.736353,2026-04-04 23:33:41.225681,0 days 00:00:06.489328,367,1,120.2,154.3,0.53,COMPLETE
1794,1794,0.825,2026-04-04 23:33:41.239104,2026-04-04 23:34:14.883519,0 days 00:00:33.644415,410,1,120.8,154.4,0.27,COMPLETE
1795,1795,0.6875,2026-04-04 23:34:14.896975,2026-04-04 23:34:22.150020,0 days 00:00:07.253045,218,1,120.0,152.7,0.06,COMPLETE
1796,1796,0.6875,2026-04-04 23:34:22.160203,2026-04-04 23:34:28.502220,0 days 00:00:06.342017,379,1,120.2,153.2,0.11,COMPLETE
1797,1797,0.6875,2026-04-04 23:34:28.515180,2026-04-04 23:34:35.342113,0 days 00:00:06.826933,371,2,122.7,150.9,1.95,COMPLETE
1798,1798,0.6875,2026-04-04 23:34:35.356152,2026-04-04 23:34:42.090305,0 days 00:00:06.734153,336,1,120.9,153.7,0.22,COMPLETE
1799,1799,0.825,2026-04-04 23:34:42.103670,2026-04-04 23:35:16.077813,0 days 00:00:33.974143,374,1,122.1,153.5,0.06,COMPLETE
1800,1800,0.0,2026-04-04 23:35:16.090806,2026-04-04 23:35:22.649137,0 days 00:00:06.558331,409,1,122.3,154.9,0.34,COMPLETE
1801,1801,0.825,2026-04-04 23:35:22.662127,2026-04-04 23:35:56.531350,0 days 00:00:33.869223,480,1,123.4,154.2,0.1,COMPLETE
1802,1802,0.6875,2026-04-04 23:35:56.544788,2026-04-04 23:36:03.281135,0 days 00:00:06.736347,358,1,123.4,155.0,0.68,COMPLETE
1803,1803,0.825,2026-04-04 23:36:03.294360,2026-04-04 23:36:37.231949,0 days 00:00:33.937589,358,1,123.2,156.7,0.5,COMPLETE
1804,1804,0.825,2026-04-04 23:36:37.244815,2026-04-04 23:37:11.044451,0 days 00:00:33.799636,418,1,121.6,156.1,0.59,COMPLETE
1805,1805,0.6875,2026-04-04 23:37:11.057116,2026-04-04 23:37:18.405363,0 days 00:00:07.348247,314,3,116.5,158.6,0.55,COMPLETE
1806,1806,0.6875,2026-04-04 23:37:18.419195,2026-04-04 23:37:25.683855,0 days 00:00:07.264660,388,1,122.8,154.9,0.42,COMPLETE
1807,1807,0.6875,2026-04-04 23:37:25.697699,2026-04-04 23:37:32.244774,0 days 00:00:06.547075,409,1,123.0,152.7,0.52,COMPLETE
1808,1808,0.825,2026-04-04 23:37:32.258113,2026-04-04 23:38:06.562962,0 days 00:00:34.304849,334,1,120.0,156.4,0.14,COMPLETE
1809,1809,0.825,2026-04-04 23:38:06.576383,2026-04-04 23:38:40.607600,0 days 00:00:34.031217,408,1,122.8,155.4,0.16,COMPLETE
1810,1810,0.6875,2026-04-04 23:38:40.620656,2026-04-04 23:38:47.199555,0 days 00:00:06.578899,453,1,121.7,154.5,0.7000000000000001,COMPLETE
1811,1811,0.825,2026-04-04 23:38:47.212654,2026-04-04 23:39:21.320319,0 days 00:00:34.107665,396,1,123.8,154.5,0.18,COMPLETE
1812,1812,0.6875,2026-04-04 23:39:21.333203,2026-04-04 23:39:28.177119,0 days 00:00:06.843916,401,1,121.2,154.5,0.36,COMPLETE
1813,1813,0.825,2026-04-04 23:39:28.190122,2026-04-04 23:40:24.056569,0 days 00:00:55.866447,429,1,125.8,154.1,0.01,COMPLETE
1814,1814,0.6875,2026-04-04 23:40:24.069548,2026-04-04 23:40:31.137438,0 days 00:00:07.067890,366,1,123.8,152.7,0.5,COMPLETE
1815,1815,0.825,2026-04-04 23:40:31.150059,2026-04-04 23:41:05.499553,0 days 00:00:34.349494,461,1,118.9,155.2,0.03,COMPLETE
1816,1816,0.6875,2026-04-04 23:41:05.512256,2026-04-04 23:41:12.216691,0 days 00:00:06.704435,398,1,121.3,155.7,0.33,COMPLETE
1817,1817,0.825,2026-04-04 23:41:12.230322,2026-04-04 23:41:46.232109,0 days 00:00:34.001787,367,2,123.6,155.2,0.01,COMPLETE
1818,1818,0.6875,2026-04-04 23:41:46.245347,2026-04-04 23:41:53.408931,0 days 00:00:07.163584,283,1,121.0,155.6,0.0,COMPLETE
1819,1819,0.6875,2026-04-04 23:41:53.422328,2026-04-04 23:41:59.967255,0 days 00:00:06.544927,438,1,120.5,153.3,0.43,COMPLETE
1820,1820,0.825,2026-04-04 23:41:59.980930,2026-04-04 23:42:34.077435,0 days 00:00:34.096505,381,1,120.1,155.8,0.23,COMPLETE
1821,1821,0.825,2026-04-04 23:42:34.090379,2026-04-04 23:43:08.387014,0 days 00:00:34.296635,319,1,118.4,153.2,0.01,COMPLETE
1822,1822,0.6875,2026-04-04 23:43:08.400188,2026-04-04 23:43:15.275060,0 days 00:00:06.874872,399,2,122.5,154.2,0.32,COMPLETE
1823,1823,0.6875,2026-04-04 23:43:15.288309,2026-04-04 23:43:22.358657,0 days 00:00:07.070348,321,2,118.5,154.2,0.6,COMPLETE
1824,1824,0.825,2026-04-04 23:43:22.372012,2026-04-04 23:43:38.957678,0 days 00:00:16.585666,450,1,123.9,154.3,0.42,COMPLETE
1825,1825,0.6875,2026-04-04 23:43:38.970963,2026-04-04 23:43:46.022968,0 days 00:00:07.052005,272,1,120.4,151.9,0.37,COMPLETE
1826,1826,0.6875,2026-04-04 23:43:46.035912,2026-04-04 23:43:52.623216,0 days 00:00:06.587304,365,1,118.9,153.6,0.43,COMPLETE
1827,1827,0.6875,2026-04-04 23:43:52.637442,2026-04-04 23:43:59.367105,0 days 00:00:06.729663,347,1,116.2,155.5,0.9400000000000001,COMPLETE
1828,1828,0.6875,2026-04-04 23:43:59.380460,2026-04-04 23:44:06.253104,0 days 00:00:06.872644,362,1,120.5,154.6,0.04,COMPLETE
1829,1829,0.6875,2026-04-04 23:44:06.266839,2026-04-04 23:44:12.980166,0 days 00:00:06.713327,433,1,122.8,153.9,0.4,COMPLETE
1830,1830,0.825,2026-04-04 23:44:12.993232,2026-04-04 23:44:46.942650,0 days 00:00:33.949418,416,1,122.8,156.9,0.4,COMPLETE
1831,1831,0.825,2026-04-04 23:44:46.952189,2026-04-04 23:45:20.728873,0 days 00:00:33.776684,368,1,121.8,156.0,0.32,COMPLETE
1832,1832,0.6875,2026-04-04 23:45:20.738434,2026-04-04 23:45:27.429223,0 days 00:00:06.690789,327,1,123.6,153.5,0.2,COMPLETE
1833,1833,0.6875,2026-04-04 23:45:27.442282,2026-04-04 23:45:34.010715,0 days 00:00:06.568433,362,1,120.6,154.4,0.36,COMPLETE
1834,1834,0.825,2026-04-04 23:45:34.024635,2026-04-04 23:46:08.081362,0 days 00:00:34.056727,440,2,124.7,153.6,0.48,COMPLETE
1835,1835,0.6875,2026-04-04 23:46:08.094464,2026-04-04 23:46:15.153522,0 days 00:00:07.059058,376,1,120.7,152.9,0.7000000000000001,COMPLETE
1836,1836,0.6875,2026-04-04 23:46:15.166749,2026-04-04 23:46:21.924146,0 days 00:00:06.757397,382,1,124.2,154.7,0.44,COMPLETE
1837,1837,0.6875,2026-04-04 23:46:21.938712,2026-04-04 23:46:29.118640,0 days 00:00:07.179928,481,3,123.7,148.2,0.63,COMPLETE
1838,1838,0.6875,2026-04-04 23:46:29.127918,2026-04-04 23:46:36.268407,0 days 00:00:07.140489,331,1,125.8,152.8,0.27,COMPLETE
1839,1839,0.825,2026-04-04 23:46:36.282143,2026-04-04 23:47:10.308066,0 days 00:00:34.025923,412,1,122.2,153.0,0.07,COMPLETE
1840,1840,0.825,2026-04-04 23:47:10.321818,2026-04-04 23:47:44.363222,0 days 00:00:34.041404,469,1,123.4,156.0,0.64,COMPLETE
1841,1841,0.6875,2026-04-04 23:47:44.376150,2026-04-04 23:47:51.292528,0 days 00:00:06.916378,434,1,120.1,157.8,0.38,COMPLETE
1842,1842,0.825,2026-04-04 23:47:51.305602,2026-04-04 23:48:25.303906,0 days 00:00:33.998304,447,2,117.4,156.7,0.05,COMPLETE
1843,1843,0.6875,2026-04-04 23:48:25.317555,2026-04-04 23:48:32.263162,0 days 00:00:06.945607,491,2,121.7,153.8,0.61,COMPLETE
1844,1844,0.825,2026-04-04 23:48:32.273634,2026-04-04 23:49:06.030081,0 days 00:00:33.756447,493,3,122.2,155.1,0.35000000000000003,COMPLETE
1845,1845,0.825,2026-04-04 23:49:06.043230,2026-04-04 23:49:40.325009,0 days 00:00:34.281779,408,2,122.2,157.3,0.47000000000000003,COMPLETE
1846,1846,0.6875,2026-04-04 23:49:40.337613,2026-04-04 23:49:47.232919,0 days 00:00:06.895306,374,1,123.9,152.6,0.27,COMPLETE
1847,1847,0.825,2026-04-04 23:49:47.242362,2026-04-04 23:50:21.300876,0 days 00:00:34.058514,333,1,123.3,156.0,0.27,COMPLETE
1848,1848,0.6875,2026-04-04 23:50:21.313946,2026-04-04 23:50:28.073520,0 days 00:00:06.759574,303,1,125.2,157.2,0.19,COMPLETE
1849,1849,0.671875,2026-04-04 23:50:28.086762,2026-04-04 23:50:35.333377,0 days 00:00:07.246615,485,3,124.1,150.6,0.3,COMPLETE
1850,1850,0.6875,2026-04-04 23:50:35.346490,2026-04-04 23:50:41.824349,0 days 00:00:06.477859,449,3,124.5,149.9,0.05,COMPLETE
1851,1851,0.6875,2026-04-04 23:50:41.834244,2026-04-04 23:50:48.344000,0 days 00:00:06.509756,477,3,125.5,150.5,0.29,COMPLETE
1852,1852,0.6875,2026-04-04 23:50:48.354359,2026-04-04 23:50:55.183502,0 days 00:00:06.829143,468,3,121.5,149.0,0.55,COMPLETE
1853,1853,0.6875,2026-04-04 23:50:55.196525,2026-04-04 23:51:02.958569,0 days 00:00:07.762044,494,1,113.1,156.0,1.03,COMPLETE
1854,1854,0.671875,2026-04-04 23:51:02.968289,2026-04-04 23:51:10.517444,0 days 00:00:07.549155,478,3,123.7,152.4,0.09,COMPLETE
1855,1855,0.825,2026-04-04 23:51:10.530612,2026-04-04 23:51:44.469190,0 days 00:00:33.938578,494,3,123.7,153.7,0.04,COMPLETE
1856,1856,0.825,2026-04-04 23:51:44.482837,2026-04-04 23:52:18.527146,0 days 00:00:34.044309,377,3,123.2,152.4,0.25,COMPLETE
1857,1857,0.6875,2026-04-04 23:52:18.541617,2026-04-04 23:52:25.318423,0 days 00:00:06.776806,395,1,123.4,156.2,1.2,COMPLETE
1858,1858,0.6875,2026-04-04 23:52:25.331288,2026-04-04 23:52:32.351336,0 days 00:00:07.020048,164,3,123.4,153.3,0.35000000000000003,COMPLETE
1859,1859,0.6875,2026-04-04 23:52:32.364600,2026-04-04 23:52:38.758575,0 days 00:00:06.393975,442,3,124.4,152.8,0.56,COMPLETE
1860,1860,0.6875,2026-04-04 23:52:38.767111,2026-04-04 23:52:45.243277,0 days 00:00:06.476166,428,3,123.5,151.8,0.52,COMPLETE
1861,1861,0.671875,2026-04-04 23:52:45.256042,2026-04-04 23:52:51.920796,0 days 00:00:06.664754,436,3,121.7,154.0,0.18,COMPLETE
1862,1862,0.825,2026-04-04 23:52:51.936994,2026-04-04 23:53:25.864470,0 days 00:00:33.927476,453,3,119.3,154.6,0.09,COMPLETE
1863,1863,0.825,2026-04-04 23:53:25.877833,2026-04-04 23:53:59.915752,0 days 00:00:34.037919,423,3,122.7,154.4,0.26,COMPLETE
1864,1864,0.825,2026-04-04 23:53:59.928986,2026-04-04 23:54:33.940095,0 days 00:00:34.011109,450,3,121.5,152.6,0.34,COMPLETE
1865,1865,0.6875,2026-04-04 23:54:33.953609,2026-04-04 23:54:40.785324,0 days 00:00:06.831715,465,3,124.1,152.1,0.0,COMPLETE
1866,1866,0.825,2026-04-04 23:54:40.798887,2026-04-04 23:55:14.923667,0 days 00:00:34.124780,437,1,122.7,155.7,0.16,COMPLETE
1867,1867,0.6875,2026-04-04 23:55:14.937245,2026-04-04 23:55:21.527984,0 days 00:00:06.590739,473,3,121.3,154.6,0.1,COMPLETE
1868,1868,0.825,2026-04-04 23:55:21.539237,2026-04-04 23:55:55.387734,0 days 00:00:33.848497,431,3,121.4,153.2,0.39,COMPLETE
1869,1869,0.825,2026-04-04 23:55:55.400793,2026-04-04 23:56:51.482013,0 days 00:00:56.081220,367,3,124.1,154.3,0.07,COMPLETE
1870,1870,0.6875,2026-04-04 23:56:51.494974,2026-04-04 23:56:58.115340,0 days 00:00:06.620366,471,2,122.0,154.2,0.21,COMPLETE
1871,1871,0.825,2026-04-04 23:56:58.124824,2026-04-04 23:57:05.327068,0 days 00:00:07.202244,497,3,122.5,150.9,0.21,COMPLETE
1872,1872,0.825,2026-04-04 23:57:05.340634,2026-04-04 23:58:01.025105,0 days 00:00:55.684471,495,3,124.4,153.9,0.02,COMPLETE
1873,1873,0.825,2026-04-04 23:58:01.037239,2026-04-04 23:58:24.085473,0 days 00:00:23.048234,423,3,124.2,152.3,0.11,COMPLETE
1874,1874,0.6875,2026-04-04 23:58:24.098494,2026-04-04 23:58:31.745135,0 days 00:00:07.646641,497,3,113.2,151.5,0.81,COMPLETE
1875,1875,0.6875,2026-04-04 23:58:31.758084,2026-04-04 23:58:39.546351,0 days 00:00:07.788267,282,1,123.2,148.6,0.09,COMPLETE
1876,1876,0.6875,2026-04-04 23:58:39.556891,2026-04-04 23:58:46.267469,0 days 00:00:06.710578,370,3,121.0,148.0,1.23,COMPLETE
1877,1877,0.825,2026-04-04 23:58:46.280776,2026-04-04 23:59:20.678320,0 days 00:00:34.397544,429,3,123.8,153.4,0.01,COMPLETE
1878,1878,0.6875,2026-04-04 23:59:20.692596,2026-04-04 23:59:27.359845,0 days 00:00:06.667249,402,3,121.2,155.6,0.5,COMPLETE
1879,1879,0.825,2026-04-04 23:59:27.369503,2026-04-05 00:00:01.626224,0 days 00:00:34.256721,489,3,124.7,151.6,0.32,COMPLETE
1880,1880,0.6875,2026-04-05 00:00:01.637325,2026-04-05 00:00:08.734009,0 days 00:00:07.096684,407,3,122.6,153.7,0.38,COMPLETE
1881,1881,0.6875,2026-04-05 00:00:08.747766,2026-04-05 00:00:16.144688,0 days 00:00:07.396922,164,1,125.3,150.5,1.1400000000000001,COMPLETE
1882,1882,0.825,2026-04-05 00:00:16.158167,2026-04-05 00:00:50.533876,0 days 00:00:34.375709,400,3,118.9,153.8,0.09,COMPLETE
1883,1883,0.825,2026-04-05 00:00:50.543753,2026-04-05 00:01:24.587573,0 days 00:00:34.043820,444,3,121.3,152.9,0.32,COMPLETE
1884,1884,0.825,2026-04-05 00:01:24.600999,2026-04-05 00:01:31.788905,0 days 00:00:07.187906,426,3,122.9,152.0,0.01,COMPLETE
1885,1885,0.6875,2026-04-05 00:01:31.802330,2026-04-05 00:01:38.630773,0 days 00:00:06.828443,441,3,126.0,150.1,0.2,COMPLETE
1886,1886,0.6875,2026-04-05 00:01:38.644405,2026-04-05 00:01:45.613186,0 days 00:00:06.968781,389,1,122.0,153.2,0.62,COMPLETE
1887,1887,0.6875,2026-04-05 00:01:45.623794,2026-04-05 00:01:52.531602,0 days 00:00:06.907808,459,3,126.4,153.0,0.18,COMPLETE
1888,1888,0.6875,2026-04-05 00:01:52.545281,2026-04-05 00:01:59.766889,0 days 00:00:07.221608,388,3,121.4,155.4,0.31,COMPLETE
1889,1889,0.6875,2026-04-05 00:01:59.779751,2026-04-05 00:02:06.486479,0 days 00:00:06.706728,394,3,119.9,152.4,0.21,COMPLETE
1890,1890,0.6875,2026-04-05 00:02:06.496654,2026-04-05 00:02:13.519550,0 days 00:00:07.022896,338,2,121.5,155.7,0.28,COMPLETE
1891,1891,0.825,2026-04-05 00:02:13.532874,2026-04-05 00:02:47.531066,0 days 00:00:33.998192,478,3,121.0,153.5,0.22,COMPLETE
1892,1892,0.6875,2026-04-05 00:02:47.544848,2026-04-05 00:02:54.333307,0 days 00:00:06.788459,419,3,120.0,151.5,0.11,COMPLETE
1893,1893,0.825,2026-04-05 00:02:54.346311,2026-04-05 00:03:29.499616,0 days 00:00:35.153305,427,3,123.6,156.1,0.46,COMPLETE
1894,1894,0.825,2026-04-05 00:03:29.512570,2026-04-05 00:03:34.534856,0 days 00:00:05.022286,377,1,123.3,154.5,0.2,COMPLETE
1895,1895,0.825,2026-04-05 00:03:34.548588,2026-04-05 00:04:08.672137,0 days 00:00:34.123549,350,1,118.8,154.7,0.34,COMPLETE
1896,1896,0.6875,2026-04-05 00:04:08.685335,2026-04-05 00:04:15.530019,0 days 00:00:06.844684,390,1,116.2,155.7,0.26,COMPLETE
1897,1897,0.6875,2026-04-05 00:04:15.540545,2026-04-05 00:04:23.252826,0 days 00:00:07.712281,451,3,123.9,148.5,0.31,COMPLETE
1898,1898,0.6875,2026-04-05 00:04:23.265960,2026-04-05 00:04:30.336631,0 days 00:00:07.070671,447,2,122.8,155.1,0.52,COMPLETE
1899,1899,0.6875,2026-04-05 00:04:30.349741,2026-04-05 00:04:37.383161,0 days 00:00:07.033420,265,2,126.1,156.4,0.45,COMPLETE
1900,1900,0.6875,2026-04-05 00:04:37.393198,2026-04-05 00:04:44.285053,0 days 00:00:06.891855,376,1,121.7,153.6,0.44,COMPLETE
1901,1901,0.6875,2026-04-05 00:04:44.298369,2026-04-05 00:04:51.062564,0 days 00:00:06.764195,417,2,121.7,151.1,0.37,COMPLETE
1902,1902,0.6875,2026-04-05 00:04:51.076777,2026-04-05 00:04:58.313340,0 days 00:00:07.236563,159,3,122.8,151.5,0.89,COMPLETE
1903,1903,0.6875,2026-04-05 00:04:58.325563,2026-04-05 00:05:04.961360,0 days 00:00:06.635797,430,3,125.2,151.0,0.0,COMPLETE
1904,1904,0.6875,2026-04-05 00:05:04.975694,2026-04-05 00:05:11.816032,0 days 00:00:06.840338,408,2,126.4,153.3,0.15,COMPLETE
1905,1905,0.825,2026-04-05 00:05:11.829152,2026-04-05 00:05:46.217753,0 days 00:00:34.388601,427,3,120.3,156.0,0.13,COMPLETE
1906,1906,0.825,2026-04-05 00:05:46.231721,2026-04-05 00:06:20.003113,0 days 00:00:33.771392,478,3,120.9,156.0,0.6,COMPLETE
1907,1907,0.6875,2026-04-05 00:06:20.016511,2026-04-05 00:06:27.231005,0 days 00:00:07.214494,295,1,126.2,154.8,0.07,COMPLETE
1908,1908,0.6875,2026-04-05 00:06:27.244804,2026-04-05 00:06:35.119773,0 days 00:00:07.874969,418,3,113.5,151.8,1.45,COMPLETE
1909,1909,0.825,2026-04-05 00:06:35.133062,2026-04-05 00:06:56.081228,0 days 00:00:20.948166,434,3,122.6,152.7,0.29,COMPLETE
1910,1910,0.6875,2026-04-05 00:06:56.094402,2026-04-05 00:07:02.790315,0 days 00:00:06.695913,490,3,124.4,150.9,0.2,COMPLETE
1911,1911,0.6875,2026-04-05 00:07:02.803553,2026-04-05 00:07:09.405491,0 days 00:00:06.601938,437,3,121.2,150.4,0.01,COMPLETE
1912,1912,0.825,2026-04-05 00:07:09.414685,2026-04-05 00:07:43.459772,0 days 00:00:34.045087,410,3,120.6,153.6,0.04,COMPLETE
1913,1913,0.6875,2026-04-05 00:07:43.473089,2026-04-05 00:07:50.199429,0 days 00:00:06.726340,381,1,119.2,151.2,0.36,COMPLETE
1914,1914,0.6875,2026-04-05 00:07:50.212835,2026-04-05 00:07:56.839850,0 days 00:00:06.627015,428,3,121.8,153.5,0.75,COMPLETE
1915,1915,0.671875,2026-04-05 00:07:56.853069,2026-04-05 00:08:03.261343,0 days 00:00:06.408274,436,1,121.6,154.2,0.22,COMPLETE
1916,1916,0.6875,2026-04-05 00:08:03.269451,2026-04-05 00:08:09.601251,0 days 00:00:06.331800,416,1,121.7,154.2,0.18,COMPLETE
1917,1917,0.6875,2026-04-05 00:08:09.615369,2026-04-05 00:08:17.241935,0 days 00:00:07.626566,218,3,113.7,155.9,1.44,COMPLETE
1918,1918,0.6875,2026-04-05 00:08:17.255427,2026-04-05 00:08:23.922521,0 days 00:00:06.667094,421,2,115.2,153.7,0.06,COMPLETE
1919,1919,0.6875,2026-04-05 00:08:23.936469,2026-04-05 00:08:30.849611,0 days 00:00:06.913142,486,1,120.9,154.8,0.16,COMPLETE
1920,1920,0.825,2026-04-05 00:08:30.862679,2026-04-05 00:09:04.619293,0 days 00:00:33.756614,467,1,121.1,155.9,0.48,COMPLETE
1921,1921,0.825,2026-04-05 00:09:04.632836,2026-04-05 00:09:38.648643,0 days 00:00:34.015807,497,1,118.6,153.2,0.26,COMPLETE
1922,1922,0.825,2026-04-05 00:09:38.662100,2026-04-05 00:10:12.699460,0 days 00:00:34.037360,477,1,122.1,153.6,0.19,COMPLETE
1923,1923,0.825,2026-04-05 00:10:12.709263,2026-04-05 00:10:46.769945,0 days 00:00:34.060682,443,1,118.4,153.3,0.27,COMPLETE
1924,1924,0.6875,2026-04-05 00:10:46.782888,2026-04-05 00:10:53.957159,0 days 00:00:07.174271,439,1,124.9,156.1,0.34,COMPLETE
1925,1925,0.6875,2026-04-05 00:10:53.971050,2026-04-05 00:11:00.715096,0 days 00:00:06.744046,417,1,122.9,152.1,0.27,COMPLETE
1926,1926,0.6875,2026-04-05 00:11:00.728301,2026-04-05 00:11:07.540071,0 days 00:00:06.811770,422,2,119.2,153.8,0.49,COMPLETE
1927,1927,0.6875,2026-04-05 00:11:07.549727,2026-04-05 00:11:14.121455,0 days 00:00:06.571728,372,3,117.9,154.8,0.44,COMPLETE
1928,1928,0.825,2026-04-05 00:11:14.131819,2026-04-05 00:11:47.939041,0 days 00:00:33.807222,494,3,117.5,155.9,0.37,COMPLETE
1929,1929,0.825,2026-04-05 00:11:47.952513,2026-04-05 00:12:44.310345,0 days 00:00:56.357832,455,3,125.3,153.6,0.36,COMPLETE
1930,1930,0.825,2026-04-05 00:12:44.323890,2026-04-05 00:13:18.575257,0 days 00:00:34.251367,405,2,120.4,156.1,0.02,COMPLETE
1931,1931,0.6875,2026-04-05 00:13:18.585774,2026-04-05 00:13:25.270598,0 days 00:00:06.684824,403,1,121.3,152.8,0.25,COMPLETE
1932,1932,0.6875,2026-04-05 00:13:25.283749,2026-04-05 00:13:31.744807,0 days 00:00:06.461058,483,3,122.4,152.4,0.62,COMPLETE
1933,1933,0.6875,2026-04-05 00:13:31.758672,2026-04-05 00:13:38.535871,0 days 00:00:06.777199,320,1,121.3,150.8,0.01,COMPLETE
1934,1934,0.6875,2026-04-05 00:13:38.549732,2026-04-05 00:13:45.537431,0 days 00:00:06.987699,289,1,117.2,155.9,0.42,COMPLETE
1935,1935,0.6875,2026-04-05 00:13:45.550907,2026-04-05 00:13:52.744216,0 days 00:00:07.193309,310,3,124.7,157.6,1.32,COMPLETE
1936,1936,0.825,2026-04-05 00:13:52.757964,2026-04-05 00:14:27.195174,0 days 00:00:34.437210,415,2,123.4,151.2,0.01,COMPLETE
1937,1937,0.6875,2026-04-05 00:14:27.208030,2026-04-05 00:14:34.037143,0 days 00:00:06.829113,427,1,121.1,154.7,0.28,COMPLETE
1938,1938,0.6875,2026-04-05 00:14:34.047640,2026-04-05 00:14:40.649012,0 days 00:00:06.601372,436,2,123.8,154.9,0.24,COMPLETE
1939,1939,0.6875,2026-04-05 00:14:40.662548,2026-04-05 00:14:47.265119,0 days 00:00:06.602571,426,1,120.6,155.3,0.42,COMPLETE
1940,1940,0.825,2026-04-05 00:14:47.279254,2026-04-05 00:15:21.199319,0 days 00:00:33.920065,427,1,120.9,157.2,0.16,COMPLETE
1941,1941,0.6875,2026-04-05 00:15:21.212642,2026-04-05 00:15:28.279225,0 days 00:00:07.066583,425,3,123.2,151.1,0.36,COMPLETE
1942,1942,0.825,2026-04-05 00:15:28.290075,2026-04-05 00:16:02.396144,0 days 00:00:34.106069,458,3,123.4,154.5,0.03,COMPLETE
1943,1943,0.6875,2026-04-05 00:16:02.409638,2026-04-05 00:16:09.272584,0 days 00:00:06.862946,280,1,122.5,155.3,0.28,COMPLETE
1944,1944,0.6875,2026-04-05 00:16:09.286199,2026-04-05 00:16:15.710191,0 days 00:00:06.423992,422,1,122.0,154.9,0.36,COMPLETE
1945,1945,0.825,2026-04-05 00:16:15.724014,2026-04-05 00:16:49.515803,0 days 00:00:33.791789,433,1,120.5,154.9,0.02,COMPLETE
1946,1946,0.6875,2026-04-05 00:16:49.528962,2026-04-05 00:16:56.483486,0 days 00:00:06.954524,361,3,124.0,154.1,0.71,COMPLETE
1947,1947,0.6875,2026-04-05 00:16:56.495382,2026-04-05 00:17:03.157760,0 days 00:00:06.662378,387,1,124.1,157.9,0.23,COMPLETE
1948,1948,0.6875,2026-04-05 00:17:03.170895,2026-04-05 00:17:10.261170,0 days 00:00:07.090275,482,1,121.5,151.3,0.37,COMPLETE
1949,1949,0.6875,2026-04-05 00:17:10.274381,2026-04-05 00:17:16.981243,0 days 00:00:06.706862,451,2,123.0,152.1,0.28,COMPLETE
1950,1950,0.6875,2026-04-05 00:17:16.991221,2026-04-05 00:17:23.880739,0 days 00:00:06.889518,363,2,120.5,153.0,0.09,COMPLETE
1951,1951,0.825,2026-04-05 00:17:23.894069,2026-04-05 00:17:58.125706,0 days 00:00:34.231637,410,3,124.9,153.9,0.34,COMPLETE
1952,1952,0.6875,2026-04-05 00:17:58.139225,2026-04-05 00:18:04.556777,0 days 00:00:06.417552,473,3,125.6,153.6,0.76,COMPLETE
1953,1953,0.825,2026-04-05 00:18:04.570239,2026-04-05 00:18:38.568602,0 days 00:00:33.998363,416,1,121.2,153.3,0.12,COMPLETE
1954,1954,0.6875,2026-04-05 00:18:38.582013,2026-04-05 00:18:45.053750,0 days 00:00:06.471737,409,3,121.9,154.0,0.15,COMPLETE
1955,1955,0.6875,2026-04-05 00:18:45.068249,2026-04-05 00:18:52.250258,0 days 00:00:07.182009,316,2,119.5,149.6,0.02,COMPLETE
1956,1956,0.825,2026-04-05 00:18:52.264061,2026-04-05 00:18:57.749978,0 days 00:00:05.485917,476,2,123.0,154.2,0.3,COMPLETE
1957,1957,0.6875,2026-04-05 00:18:57.762730,2026-04-05 00:19:04.968059,0 days 00:00:07.205329,382,1,126.2,157.2,0.71,COMPLETE
1958,1958,0.6875,2026-04-05 00:19:04.977309,2026-04-05 00:19:12.186233,0 days 00:00:07.208924,175,3,123.4,154.7,0.87,COMPLETE
1959,1959,0.6875,2026-04-05 00:19:12.199868,2026-04-05 00:19:18.865756,0 days 00:00:06.665888,396,1,122.1,154.4,0.33,COMPLETE
1960,1960,0.825,2026-04-05 00:19:18.879439,2026-04-05 00:19:52.807412,0 days 00:00:33.927973,368,1,124.0,155.2,0.08,COMPLETE
1961,1961,0.825,2026-04-05 00:19:52.820513,2026-04-05 00:20:26.857335,0 days 00:00:34.036822,473,3,123.2,152.4,0.24,COMPLETE
1962,1962,0.825,2026-04-05 00:20:26.870292,2026-04-05 00:21:01.144568,0 days 00:00:34.274276,357,1,122.1,155.3,0.04,COMPLETE
1963,1963,0.825,2026-04-05 00:21:01.157414,2026-04-05 00:21:35.206831,0 days 00:00:34.049417,465,3,123.8,152.8,0.09,COMPLETE
1964,1964,0.6875,2026-04-05 00:21:35.216553,2026-04-05 00:21:41.974462,0 days 00:00:06.757909,495,3,124.5,151.0,0.1,COMPLETE
1965,1965,0.6875,2026-04-05 00:21:41.987762,2026-04-05 00:21:49.377904,0 days 00:00:07.390142,238,1,124.7,155.6,0.27,COMPLETE
1966,1966,0.6875,2026-04-05 00:21:49.391705,2026-04-05 00:21:56.148523,0 days 00:00:06.756818,216,1,120.6,154.7,0.05,COMPLETE
1967,1967,0.825,2026-04-05 00:21:56.157838,2026-04-05 00:22:29.990351,0 days 00:00:33.832513,259,1,122.5,153.6,0.27,COMPLETE
1968,1968,0.6875,2026-04-05 00:22:30.004172,2026-04-05 00:22:36.669569,0 days 00:00:06.665397,366,2,122.9,153.9,0.68,COMPLETE
1969,1969,0.6875,2026-04-05 00:22:36.683087,2026-04-05 00:22:43.411939,0 days 00:00:06.728852,247,2,122.1,154.9,0.28,COMPLETE
1970,1970,0.825,2026-04-05 00:22:43.425567,2026-04-05 00:23:17.346661,0 days 00:00:33.921094,357,1,119.5,155.1,0.44,COMPLETE
1971,1971,0.825,2026-04-05 00:23:17.359938,2026-04-05 00:23:24.637799,0 days 00:00:07.277861,396,1,121.9,151.0,0.05,COMPLETE
1972,1972,0.6875,2026-04-05 00:23:24.651533,2026-04-05 00:23:31.328198,0 days 00:00:06.676665,369,1,123.3,154.2,0.48,COMPLETE
1973,1973,0.825,2026-04-05 00:23:31.342513,2026-04-05 00:24:05.472291,0 days 00:00:34.129778,344,2,118.9,155.4,0.1,COMPLETE
1974,1974,0.825,2026-04-05 00:24:05.482645,2026-04-05 00:24:39.524419,0 days 00:00:34.041774,447,1,122.7,153.6,0.52,COMPLETE
1975,1975,0.6875,2026-04-05 00:24:39.537251,2026-04-05 00:24:46.478561,0 days 00:00:06.941310,425,1,118.0,152.9,0.68,COMPLETE
1976,1976,0.6875,2026-04-05 00:24:46.491707,2026-04-05 00:24:53.189219,0 days 00:00:06.697512,458,1,114.7,153.9,0.99,COMPLETE
1977,1977,0.6875,2026-04-05 00:24:53.202808,2026-04-05 00:25:00.853284,0 days 00:00:07.650476,289,2,123.0,153.3,0.32,COMPLETE
1978,1978,0.6875,2026-04-05 00:25:00.866933,2026-04-05 00:25:07.366745,0 days 00:00:06.499812,410,2,122.1,153.3,0.39,COMPLETE
1979,1979,0.825,2026-04-05 00:25:07.380089,2026-04-05 00:25:41.477284,0 days 00:00:34.097195,463,3,122.0,156.1,0.39,COMPLETE
1980,1980,0.6875,2026-04-05 00:25:41.490184,2026-04-05 00:25:48.289125,0 days 00:00:06.798941,284,1,121.0,157.8,0.46,COMPLETE
1981,1981,0.6875,2026-04-05 00:25:48.302531,2026-04-05 00:25:55.289373,0 days 00:00:06.986842,353,1,122.7,151.7,0.56,COMPLETE
1982,1982,0.825,2026-04-05 00:25:55.302949,2026-04-05 00:26:29.590754,0 days 00:00:34.287805,397,1,119.3,155.9,0.43,COMPLETE
1983,1983,0.6875,2026-04-05 00:26:29.603886,2026-04-05 00:26:36.869641,0 days 00:00:07.265755,320,1,124.0,159.2,0.01,COMPLETE
1984,1984,0.825,2026-04-05 00:26:36.879087,2026-04-05 00:27:11.313054,0 days 00:00:34.433967,497,3,124.6,152.9,0.35000000000000003,COMPLETE
1985,1985,0.6875,2026-04-05 00:27:11.326002,2026-04-05 00:27:18.823604,0 days 00:00:07.497602,363,2,117.1,154.0,0.47000000000000003,COMPLETE
1986,1986,0.6875,2026-04-05 00:27:18.833539,2026-04-05 00:27:25.947504,0 days 00:00:07.113965,495,2,120.6,159.0,0.06,COMPLETE
1987,1987,0.6875,2026-04-05 00:27:25.961008,2026-04-05 00:27:33.195358,0 days 00:00:07.234350,466,3,126.3,155.1,0.3,COMPLETE
1988,1988,0.825,2026-04-05 00:27:33.208957,2026-04-05 00:27:39.391034,0 days 00:00:06.182077,363,1,123.2,154.2,0.06,COMPLETE
1989,1989,0.6875,2026-04-05 00:27:39.404841,2026-04-05 00:27:46.200340,0 days 00:00:06.795499,448,2,120.5,152.7,0.02,COMPLETE
1990,1990,0.6875,2026-04-05 00:27:46.214154,2026-04-05 00:27:52.855863,0 days 00:00:06.641709,426,3,118.0,155.0,0.62,COMPLETE
1991,1991,0.6875,2026-04-05 00:27:52.869304,2026-04-05 00:27:59.621724,0 days 00:00:06.752420,306,1,119.8,154.2,0.02,COMPLETE
1992,1992,0.6875,2026-04-05 00:27:59.634780,2026-04-05 00:28:06.253609,0 days 00:00:06.618829,455,2,122.4,154.1,0.74,COMPLETE
1993,1993,0.6875,2026-04-05 00:28:06.266808,2026-04-05 00:28:12.943864,0 days 00:00:06.677056,307,2,123.2,154.0,0.03,COMPLETE
1994,1994,0.825,2026-04-05 00:28:12.954269,2026-04-05 00:28:46.826344,0 days 00:00:33.872075,421,1,121.8,153.3,0.36,COMPLETE
1995,1995,0.6875,2026-04-05 00:28:46.835430,2026-04-05 00:28:54.089239,0 days 00:00:07.253809,211,1,123.3,156.8,0.43,COMPLETE
1996,1996,0.825,2026-04-05 00:28:54.103280,2026-04-05 00:29:49.918812,0 days 00:00:55.815532,393,1,125.4,153.9,0.19,COMPLETE
1997,1997,0.6875,2026-04-05 00:29:49.929045,2026-04-05 00:29:57.199643,0 days 00:00:07.270598,319,3,126.3,159.7,1.9100000000000001,COMPLETE
1998,1998,0.6875,2026-04-05 00:29:57.213423,2026-04-05 00:30:03.896119,0 days 00:00:06.682696,358,1,127.0,156.3,0.25,COMPLETE
1999,1999,0.6875,2026-04-05 00:30:03.909587,2026-04-05 00:30:10.850003,0 days 00:00:06.940416,405,1,123.6,152.9,0.91,COMPLETE
2000,2000,0.825,2026-04-05 00:30:41.489974,2026-04-05 00:31:15.551884,0 days 00:00:34.061910,455,1,122.2,156.1,0.03,COMPLETE
2001,2001,0.6875,2026-04-05 00:31:15.566259,2026-04-05 00:31:22.260208,0 days 00:00:06.693949,489,2,121.9,153.5,0.45,COMPLETE
2002,2002,0.6875,2026-04-05 00:31:22.273849,2026-04-05 00:31:28.956265,0 days 00:00:06.682416,441,3,124.0,149.8,0.63,COMPLETE
2003,2003,0.6875,2026-04-05 00:31:28.970067,2026-04-05 00:31:36.121433,0 days 00:00:07.151366,244,1,124.8,152.3,0.45,COMPLETE
2004,2004,0.6875,2026-04-05 00:31:36.130946,2026-04-05 00:31:42.752899,0 days 00:00:06.621953,454,3,123.1,153.4,0.46,COMPLETE
2005,2005,0.6875,2026-04-05 00:31:42.766970,2026-04-05 00:31:50.118071,0 days 00:00:07.351101,227,1,126.9,155.2,0.47000000000000003,COMPLETE
2006,2006,0.6875,2026-04-05 00:31:50.128646,2026-04-05 00:31:56.971415,0 days 00:00:06.842769,351,1,122.6,154.7,0.55,COMPLETE
2007,2007,0.6875,2026-04-05 00:31:56.985155,2026-04-05 00:32:03.801144,0 days 00:00:06.815989,443,1,119.7,152.0,0.41000000000000003,COMPLETE
2008,2008,0.6875,2026-04-05 00:32:03.814886,2026-04-05 00:32:10.544091,0 days 00:00:06.729205,464,2,117.6,153.5,0.1,COMPLETE
2009,2009,0.6875,2026-04-05 00:32:10.556811,2026-04-05 00:32:17.228557,0 days 00:00:06.671746,326,1,118.6,153.6,0.35000000000000003,COMPLETE
2010,2010,0.6875,2026-04-05 00:32:17.242096,2026-04-05 00:32:24.151900,0 days 00:00:06.909804,489,1,113.4,154.8,1.18,COMPLETE
2011,2011,0.6875,2026-04-05 00:32:24.165621,2026-04-05 00:32:31.330097,0 days 00:00:07.164476,431,2,121.0,154.0,0.63,COMPLETE
2012,2012,0.6875,2026-04-05 00:32:31.343453,2026-04-05 00:32:38.046045,0 days 00:00:06.702592,305,1,122.2,152.9,0.44,COMPLETE
2013,2013,0.6875,2026-04-05 00:32:38.059192,2026-04-05 00:32:44.670044,0 days 00:00:06.610852,460,2,118.6,152.7,0.64,COMPLETE
2014,2014,0.825,2026-04-05 00:32:44.679825,2026-04-05 00:33:18.684704,0 days 00:00:34.004879,480,3,121.8,153.4,0.45,COMPLETE
2015,2015,0.6875,2026-04-05 00:33:18.697784,2026-04-05 00:33:25.643350,0 days 00:00:06.945566,492,3,123.6,149.1,0.22,COMPLETE
2016,2016,0.6875,2026-04-05 00:33:25.655079,2026-04-05 00:33:33.105298,0 days 00:00:07.450219,358,2,124.2,156.0,0.6,COMPLETE
2017,2017,0.825,2026-04-05 00:33:33.118205,2026-04-05 00:34:07.070531,0 days 00:00:33.952326,388,1,122.9,156.1,0.49,COMPLETE
2018,2018,0.6875,2026-04-05 00:34:07.083821,2026-04-05 00:34:14.575378,0 days 00:00:07.491557,437,3,113.0,156.0,1.6600000000000001,COMPLETE
2019,2019,0.6875,2026-04-05 00:34:14.588633,2026-04-05 00:34:22.048743,0 days 00:00:07.460110,318,1,121.2,154.9,0.39,COMPLETE
2020,2020,0.825,2026-04-05 00:34:22.058724,2026-04-05 00:34:55.985217,0 days 00:00:33.926493,392,3,122.6,155.0,0.0,COMPLETE
2021,2021,0.6875,2026-04-05 00:34:55.997843,2026-04-05 00:35:02.828443,0 days 00:00:06.830600,406,1,120.3,153.8,0.62,COMPLETE
2022,2022,0.825,2026-04-05 00:35:02.841766,2026-04-05 00:35:36.680039,0 days 00:00:33.838273,491,3,121.9,153.9,0.11,COMPLETE
2023,2023,0.6875,2026-04-05 00:35:36.692966,2026-04-05 00:35:43.839520,0 days 00:00:07.146554,327,1,116.9,156.0,1.21,COMPLETE
2024,2024,0.825,2026-04-05 00:35:43.852612,2026-04-05 00:36:18.413142,0 days 00:00:34.560530,449,3,122.6,152.3,0.07,COMPLETE
2025,2025,0.6875,2026-04-05 00:36:18.426136,2026-04-05 00:36:25.786407,0 days 00:00:07.360271,174,3,120.9,150.6,0.54,COMPLETE
2026,2026,0.6875,2026-04-05 00:36:25.799526,2026-04-05 00:36:32.445111,0 days 00:00:06.645585,454,2,118.3,151.9,0.38,COMPLETE
2027,2027,0.825,2026-04-05 00:36:32.454876,2026-04-05 00:37:07.061136,0 days 00:00:34.606260,309,1,123.6,154.9,0.0,COMPLETE
2028,2028,0.825,2026-04-05 00:37:07.074690,2026-04-05 00:37:41.324354,0 days 00:00:34.249664,250,2,122.4,156.4,0.11,COMPLETE
2029,2029,0.6875,2026-04-05 00:37:41.337701,2026-04-05 00:37:48.467024,0 days 00:00:07.129323,407,3,124.6,151.2,0.38,COMPLETE
2030,2030,0.6875,2026-04-05 00:37:48.476739,2026-04-05 00:37:55.851176,0 days 00:00:07.374437,300,1,117.5,152.3,0.55,COMPLETE
2031,2031,0.6875,2026-04-05 00:37:55.864537,2026-04-05 00:38:02.931457,0 days 00:00:07.066920,499,2,124.1,151.1,0.5700000000000001,COMPLETE
2032,2032,0.6875,2026-04-05 00:38:02.944854,2026-04-05 00:38:10.060836,0 days 00:00:07.115982,219,1,123.9,155.1,0.71,COMPLETE
2033,2033,0.825,2026-04-05 00:38:10.070872,2026-04-05 00:38:44.079343,0 days 00:00:34.008471,371,1,122.1,156.4,0.14,COMPLETE
2034,2034,0.6875,2026-04-05 00:38:44.092463,2026-04-05 00:38:50.779812,0 days 00:00:06.687349,485,1,119.6,154.4,0.6,COMPLETE
2035,2035,0.825,2026-04-05 00:38:50.793084,2026-04-05 00:39:24.767778,0 days 00:00:33.974694,496,3,121.0,156.0,0.0,COMPLETE
2036,2036,0.6875,2026-04-05 00:39:24.781004,2026-04-05 00:39:31.754495,0 days 00:00:06.973491,354,3,121.3,152.7,0.63,COMPLETE
2037,2037,0.6875,2026-04-05 00:39:31.764286,2026-04-05 00:39:38.546833,0 days 00:00:06.782547,488,3,123.9,151.4,0.33,COMPLETE
2038,2038,0.825,2026-04-05 00:39:38.559583,2026-04-05 00:40:12.642282,0 days 00:00:34.082699,463,3,124.5,155.1,0.39,COMPLETE
2039,2039,0.6875,2026-04-05 00:40:12.655884,2026-04-05 00:40:19.472108,0 days 00:00:06.816224,332,1,126.5,154.6,0.45,COMPLETE
2040,2040,0.6875,2026-04-05 00:40:19.481601,2026-04-05 00:40:26.208785,0 days 00:00:06.727184,239,2,125.0,153.3,0.45,COMPLETE
2041,2041,0.6875,2026-04-05 00:40:26.222541,2026-04-05 00:40:33.249599,0 days 00:00:07.027058,192,3,120.2,153.9,0.49,COMPLETE
2042,2042,0.6875,2026-04-05 00:40:33.262953,2026-04-05 00:40:39.980957,0 days 00:00:06.718004,274,1,124.4,154.8,0.29,COMPLETE
2043,2043,0.6875,2026-04-05 00:40:39.993685,2026-04-05 00:40:47.055171,0 days 00:00:07.061486,264,2,126.1,148.1,1.36,COMPLETE
2044,2044,0.825,2026-04-05 00:40:47.068829,2026-04-05 00:41:21.758366,0 days 00:00:34.689537,490,1,122.6,155.5,0.53,COMPLETE
2045,2045,0.825,2026-04-05 00:41:21.771162,2026-04-05 00:41:39.320031,0 days 00:00:17.548869,372,1,125.0,151.2,0.01,COMPLETE
2046,2046,0.6875,2026-04-05 00:41:39.333169,2026-04-05 00:41:46.329749,0 days 00:00:06.996580,449,3,120.2,153.7,0.14,COMPLETE
2047,2047,0.6875,2026-04-05 00:41:46.338974,2026-04-05 00:41:52.987833,0 days 00:00:06.648859,434,3,119.7,151.3,0.68,COMPLETE
2048,2048,0.6875,2026-04-05 00:41:53.001498,2026-04-05 00:41:59.906581,0 days 00:00:06.905083,303,1,123.7,152.2,0.09,COMPLETE
2049,2049,0.6875,2026-04-05 00:41:59.919680,2026-04-05 00:42:06.572260,0 days 00:00:06.652580,290,2,124.2,156.2,0.33,COMPLETE
2050,2050,0.6875,2026-04-05 00:42:06.585007,2026-04-05 00:42:13.474551,0 days 00:00:06.889544,413,1,123.7,150.5,0.53,COMPLETE
2051,2051,0.6875,2026-04-05 00:42:13.487633,2026-04-05 00:42:21.116781,0 days 00:00:07.629148,488,1,113.1,154.2,0.65,COMPLETE
2052,2052,0.825,2026-04-05 00:42:21.130702,2026-04-05 00:43:18.047812,0 days 00:00:56.917110,422,3,125.2,152.9,0.12,COMPLETE
2053,2053,0.825,2026-04-05 00:43:18.060799,2026-04-05 00:44:13.701247,0 days 00:00:55.640448,484,3,126.1,153.4,0.02,COMPLETE
2054,2054,0.6875,2026-04-05 00:44:13.714247,2026-04-05 00:44:20.915699,0 days 00:00:07.201452,350,1,120.6,151.4,0.29,COMPLETE
2055,2055,0.6875,2026-04-05 00:44:20.928706,2026-04-05 00:44:28.001749,0 days 00:00:07.073043,320,1,125.0,156.2,0.55,COMPLETE
2056,2056,0.6875,2026-04-05 00:44:28.015279,2026-04-05 00:44:34.695035,0 days 00:00:06.679756,473,1,123.4,152.9,0.34,COMPLETE
2057,2057,0.6875,2026-04-05 00:44:34.709220,2026-04-05 00:44:41.399717,0 days 00:00:06.690497,468,1,121.6,153.8,0.21,COMPLETE
2058,2058,0.6875,2026-04-05 00:44:41.409527,2026-04-05 00:44:48.772637,0 days 00:00:07.363110,353,1,115.3,152.3,0.01,COMPLETE
2059,2059,0.6875,2026-04-05 00:44:48.785421,2026-04-05 00:44:55.973785,0 days 00:00:07.188364,423,2,122.1,154.5,0.29,COMPLETE
2060,2060,0.825,2026-04-05 00:44:55.986606,2026-04-05 00:45:30.080036,0 days 00:00:34.093430,383,1,118.9,155.5,0.21,COMPLETE
2061,2061,0.6875,2026-04-05 00:45:30.093110,2026-04-05 00:45:37.490611,0 days 00:00:07.397501,211,3,123.9,152.9,0.79,COMPLETE
2062,2062,0.6875,2026-04-05 00:45:37.503888,2026-04-05 00:45:44.153710,0 days 00:00:06.649822,335,1,122.2,155.3,0.41000000000000003,COMPLETE
2063,2063,0.6875,2026-04-05 00:45:44.167517,2026-04-05 00:45:50.635754,0 days 00:00:06.468237,297,2,121.2,154.4,0.47000000000000003,COMPLETE
2064,2064,0.825,2026-04-05 00:45:50.648787,2026-04-05 00:46:24.619549,0 days 00:00:33.970762,361,1,122.2,153.2,0.15,COMPLETE
2065,2065,0.825,2026-04-05 00:46:24.633178,2026-04-05 00:46:58.670786,0 days 00:00:34.037608,399,2,117.7,153.4,0.01,COMPLETE
2066,2066,0.6875,2026-04-05 00:46:58.683773,2026-04-05 00:47:06.266133,0 days 00:00:07.582360,225,1,124.4,153.5,0.14,COMPLETE
2067,2067,0.6875,2026-04-05 00:47:06.279538,2026-04-05 00:47:13.832816,0 days 00:00:07.553278,478,2,113.8,153.7,1.09,COMPLETE
2068,2068,0.825,2026-04-05 00:47:13.845743,2026-04-05 00:47:48.845684,0 days 00:00:34.999941,400,1,123.5,155.5,0.16,COMPLETE
2069,2069,0.825,2026-04-05 00:47:48.859022,2026-04-05 00:48:23.125337,0 days 00:00:34.266315,307,1,121.4,156.4,0.13,COMPLETE
2070,2070,0.6875,2026-04-05 00:48:23.138699,2026-04-05 00:48:29.765867,0 days 00:00:06.627168,412,1,122.4,155.5,0.67,COMPLETE
2071,2071,0.825,2026-04-05 00:48:29.778953,2026-04-05 00:49:03.851681,0 days 00:00:34.072728,482,3,122.9,151.3,0.06,COMPLETE
2072,2072,0.825,2026-04-05 00:49:03.864796,2026-04-05 00:49:38.651139,0 days 00:00:34.786343,320,1,118.7,156.8,0.46,COMPLETE
2073,2073,0.6875,2026-04-05 00:49:38.663553,2026-04-05 00:49:46.168131,0 days 00:00:07.504578,457,3,126.6,152.0,0.66,COMPLETE
2074,2074,0.825,2026-04-05 00:49:46.181296,2026-04-05 00:50:20.850361,0 days 00:00:34.669065,463,2,124.8,151.9,0.37,COMPLETE
2075,2075,0.6875,2026-04-05 00:50:20.863534,2026-04-05 00:50:27.875284,0 days 00:00:07.011750,273,2,121.4,153.9,0.09,COMPLETE
2076,2076,0.6875,2026-04-05 00:50:27.884620,2026-04-05 00:50:34.619950,0 days 00:00:06.735330,350,1,124.6,156.8,0.3,COMPLETE
2077,2077,0.6875,2026-04-05 00:50:34.632120,2026-04-05 00:50:41.485869,0 days 00:00:06.853749,353,1,120.8,152.9,0.36,COMPLETE
2078,2078,0.825,2026-04-05 00:50:41.498954,2026-04-05 00:51:15.433346,0 days 00:00:33.934392,496,3,123.1,153.3,0.31,COMPLETE
2079,2079,0.825,2026-04-05 00:51:15.444500,2026-04-05 00:51:49.234506,0 days 00:00:33.790006,436,1,122.2,155.0,0.36,COMPLETE
2080,2080,0.6875,2026-04-05 00:51:49.247807,2026-04-05 00:51:55.971164,0 days 00:00:06.723357,365,1,121.6,154.2,0.4,COMPLETE
2081,2081,0.825,2026-04-05 00:51:55.980737,2026-04-05 00:52:29.925643,0 days 00:00:33.944906,387,1,119.8,154.6,0.14,COMPLETE
2082,2082,0.825,2026-04-05 00:52:29.938592,2026-04-05 00:53:03.706446,0 days 00:00:33.767854,413,2,121.0,154.8,0.02,COMPLETE
2083,2083,0.6875,2026-04-05 00:53:03.719308,2026-04-05 00:53:10.444050,0 days 00:00:06.724742,411,2,117.2,154.6,0.5,COMPLETE
2084,2084,0.6875,2026-04-05 00:53:10.456951,2026-04-05 00:53:17.929285,0 days 00:00:07.472334,203,1,123.8,155.9,0.01,COMPLETE
2085,2085,0.825,2026-04-05 00:53:17.942537,2026-04-05 00:53:51.846522,0 days 00:00:33.903985,424,1,124.6,153.8,0.43,COMPLETE
2086,2086,0.6875,2026-04-05 00:53:51.859325,2026-04-05 00:53:59.355234,0 days 00:00:07.495909,418,1,114.4,154.0,0.8200000000000001,COMPLETE
2087,2087,0.6875,2026-04-05 00:53:59.368548,2026-04-05 00:54:06.631102,0 days 00:00:07.262554,369,2,121.8,150.9,0.32,COMPLETE
2088,2088,0.825,2026-04-05 00:54:06.640678,2026-04-05 00:54:40.481941,0 days 00:00:33.841263,444,3,122.2,152.6,0.0,COMPLETE
2089,2089,0.6875,2026-04-05 00:54:40.496451,2026-04-05 00:54:47.253700,0 days 00:00:06.757249,354,2,122.0,153.6,0.45,COMPLETE
2090,2090,0.825,2026-04-05 00:54:47.266551,2026-04-05 00:55:21.447805,0 days 00:00:34.181254,493,3,124.3,157.1,0.02,COMPLETE
2091,2091,0.6875,2026-04-05 00:55:21.461358,2026-04-05 00:55:28.494377,0 days 00:00:07.033019,499,3,120.4,152.7,1.05,COMPLETE
2092,2092,0.6875,2026-04-05 00:55:28.506766,2026-04-05 00:55:35.204371,0 days 00:00:06.697605,500,3,124.0,154.8,0.6,COMPLETE
2093,2093,0.825,2026-04-05 00:55:35.217430,2026-04-05 00:55:40.559389,0 days 00:00:05.341959,222,2,124.7,155.0,0.07,COMPLETE
2094,2094,0.6875,2026-04-05 00:55:40.572518,2026-04-05 00:55:47.286015,0 days 00:00:06.713497,497,2,122.8,152.0,0.22,COMPLETE
2095,2095,0.6875,2026-04-05 00:55:47.299204,2026-04-05 00:55:53.783666,0 days 00:00:06.484462,438,2,121.3,152.2,0.68,COMPLETE
2096,2096,0.6875,2026-04-05 00:55:53.796787,2026-04-05 00:56:00.651096,0 days 00:00:06.854309,495,2,120.4,157.3,0.99,COMPLETE
2097,2097,0.825,2026-04-05 00:56:00.663935,2026-04-05 00:56:35.187350,0 days 00:00:34.523415,297,1,122.7,153.2,0.05,COMPLETE
2098,2098,0.0,2026-04-05 00:56:35.200962,2026-04-05 00:56:41.808041,0 days 00:00:06.607079,500,2,121.9,155.0,0.43,COMPLETE
2099,2099,0.671875,2026-04-05 00:56:41.816941,2026-04-05 00:56:48.239446,0 days 00:00:06.422505,489,2,121.5,154.7,0.14,COMPLETE
2100,2100,0.825,2026-04-05 00:56:48.252344,2026-04-05 00:57:22.023274,0 days 00:00:33.770930,480,3,121.9,155.1,0.34,COMPLETE
2101,2101,0.825,2026-04-05 00:57:22.036531,2026-04-05 00:57:27.182739,0 days 00:00:05.146208,430,2,125.7,155.0,0.42,COMPLETE
2102,2102,0.825,2026-04-05 00:57:27.195793,2026-04-05 00:58:01.182719,0 days 00:00:33.986926,462,2,122.2,154.6,0.0,COMPLETE
2103,2103,0.825,2026-04-05 00:58:01.192144,2026-04-05 00:58:35.274270,0 days 00:00:34.082126,490,2,120.1,157.0,0.38,COMPLETE
2104,2104,0.825,2026-04-05 00:58:35.287614,2026-04-05 00:59:09.542842,0 days 00:00:34.255228,489,2,123.6,154.7,0.22,COMPLETE
2105,2105,0.825,2026-04-05 00:59:09.555868,2026-04-05 00:59:43.584569,0 days 00:00:34.028701,495,2,120.2,155.0,0.41000000000000003,COMPLETE
2106,2106,0.6875,2026-04-05 00:59:43.598086,2026-04-05 00:59:50.308188,0 days 00:00:06.710102,477,2,119.0,152.2,0.05,COMPLETE
2107,2107,0.825,2026-04-05 00:59:50.321588,2026-04-05 01:00:24.801862,0 days 00:00:34.480274,458,2,122.6,157.7,0.32,COMPLETE
2108,2108,0.6875,2026-04-05 01:00:24.815807,2026-04-05 01:00:31.550332,0 days 00:00:06.734525,471,2,120.9,154.4,0.24,COMPLETE
2109,2109,0.671875,2026-04-05 01:00:31.563566,2026-04-05 01:00:37.954068,0 days 00:00:06.390502,467,2,119.9,153.7,0.15,COMPLETE
2110,2110,0.6875,2026-04-05 01:00:37.966901,2026-04-05 01:00:44.844054,0 days 00:00:06.877153,457,2,124.5,156.6,0.55,COMPLETE
2111,2111,0.825,2026-04-05 01:00:44.856619,2026-04-05 01:01:40.505806,0 days 00:00:55.649187,449,2,124.2,155.3,0.02,COMPLETE
2112,2112,0.825,2026-04-05 01:01:40.519445,2026-04-05 01:02:14.359090,0 days 00:00:33.839645,466,2,124.4,153.3,0.2,COMPLETE
2113,2113,0.825,2026-04-05 01:02:14.370488,2026-04-05 01:02:48.688598,0 days 00:00:34.318110,491,2,118.8,156.4,0.7000000000000001,COMPLETE
2114,2114,0.825,2026-04-05 01:02:48.701356,2026-04-05 01:03:22.973485,0 days 00:00:34.272129,445,2,123.8,156.3,0.64,COMPLETE
2115,2115,0.6875,2026-04-05 01:03:22.986868,2026-04-05 01:03:29.711829,0 days 00:00:06.724961,480,2,125.0,157.2,0.19,COMPLETE
2116,2116,0.825,2026-04-05 01:03:29.725109,2026-04-05 01:04:03.952089,0 days 00:00:34.226980,441,2,122.6,152.6,0.11,COMPLETE
2117,2117,0.6875,2026-04-05 01:04:03.960984,2026-04-05 01:04:10.636106,0 days 00:00:06.675122,479,2,123.3,155.1,0.55,COMPLETE
2118,2118,0.825,2026-04-05 01:04:10.648953,2026-04-05 01:04:45.367898,0 days 00:00:34.718945,438,2,122.0,156.1,0.59,COMPLETE
2119,2119,0.825,2026-04-05 01:04:45.381721,2026-04-05 01:05:19.203604,0 days 00:00:33.821883,449,2,120.9,155.5,0.11,COMPLETE
2120,2120,0.825,2026-04-05 01:05:19.216655,2026-04-05 01:05:53.259754,0 days 00:00:34.043099,470,2,122.4,154.0,0.03,COMPLETE
2121,2121,0.825,2026-04-05 01:05:53.273650,2026-04-05 01:06:27.292166,0 days 00:00:34.018516,491,2,121.0,155.9,0.18,COMPLETE
2122,2122,0.825,2026-04-05 01:06:27.305303,2026-04-05 01:07:01.107706,0 days 00:00:33.802403,500,2,120.2,157.2,0.46,COMPLETE
2123,2123,0.825,2026-04-05 01:07:01.120956,2026-04-05 01:07:35.388576,0 days 00:00:34.267620,491,2,124.4,155.4,0.3,COMPLETE
2124,2124,0.825,2026-04-05 01:07:35.400240,2026-04-05 01:08:09.692901,0 days 00:00:34.292661,470,2,118.8,155.7,0.32,COMPLETE
2125,2125,0.6875,2026-04-05 01:08:09.706523,2026-04-05 01:08:16.813735,0 days 00:00:07.107212,488,1,125.5,156.7,0.33,COMPLETE
2126,2126,0.671875,2026-04-05 01:08:16.826625,2026-04-05 01:08:23.599284,0 days 00:00:06.772659,456,2,121.1,154.9,0.36,COMPLETE
2127,2127,0.6875,2026-04-05 01:08:23.609078,2026-04-05 01:08:30.158063,0 days 00:00:06.548985,500,2,122.6,154.3,0.65,COMPLETE
2128,2128,0.825,2026-04-05 01:08:30.171127,2026-04-05 01:09:04.234635,0 days 00:00:34.063508,443,2,120.2,152.5,0.32,COMPLETE
2129,2129,0.6875,2026-04-05 01:09:04.247378,2026-04-05 01:09:10.988193,0 days 00:00:06.740815,488,2,122.5,153.9,0.88,COMPLETE
2130,2130,0.6875,2026-04-05 01:09:11.000993,2026-04-05 01:09:17.532885,0 days 00:00:06.531892,482,2,122.3,154.7,0.45,COMPLETE
2131,2131,0.825,2026-04-05 01:09:17.543193,2026-04-05 01:09:51.589427,0 days 00:00:34.046234,479,2,123.2,157.4,0.14,COMPLETE
2132,2132,0.825,2026-04-05 01:09:51.602555,2026-04-05 01:10:25.375192,0 days 00:00:33.772637,480,2,122.2,156.6,0.18,COMPLETE
2133,2133,0.825,2026-04-05 01:10:25.388738,2026-04-05 01:10:30.472255,0 days 00:00:05.083517,475,2,121.1,153.7,0.27,COMPLETE
2134,2134,0.825,2026-04-05 01:10:30.485031,2026-04-05 01:11:04.557468,0 days 00:00:34.072437,449,2,120.9,156.0,0.22,COMPLETE
2135,2135,0.6875,2026-04-05 01:11:04.570517,2026-04-05 01:11:11.125970,0 days 00:00:06.555453,458,3,121.0,154.3,0.53,COMPLETE
2136,2136,0.6875,2026-04-05 01:11:11.138846,2026-04-05 01:11:18.604587,0 days 00:00:07.465741,236,1,126.9,153.7,0.03,COMPLETE
2137,2137,0.6875,2026-04-05 01:11:18.617407,2026-04-05 01:11:25.661617,0 days 00:00:07.044210,489,2,121.2,154.2,0.28,COMPLETE
2138,2138,0.825,2026-04-05 01:11:25.675108,2026-04-05 01:11:59.586685,0 days 00:00:33.911577,465,2,121.1,156.7,0.79,COMPLETE
2139,2139,0.6875,2026-04-05 01:11:59.599686,2026-04-05 01:12:06.379368,0 days 00:00:06.779682,500,1,123.7,154.7,0.37,COMPLETE
2140,2140,0.6875,2026-04-05 01:12:06.392692,2026-04-05 01:12:13.075058,0 days 00:00:06.682366,491,2,120.6,152.5,0.59,COMPLETE
2141,2141,0.825,2026-04-05 01:12:13.088415,2026-04-05 01:12:46.938472,0 days 00:00:33.850057,483,2,120.8,153.2,0.06,COMPLETE
2142,2142,0.825,2026-04-05 01:12:46.952089,2026-04-05 01:13:21.016271,0 days 00:00:34.064182,495,2,120.3,155.0,0.06,COMPLETE
2143,2143,0.6875,2026-04-05 01:13:21.028512,2026-04-05 01:13:27.633388,0 days 00:00:06.604876,461,2,121.7,154.8,0.44,COMPLETE
2144,2144,0.825,2026-04-05 01:13:27.645954,2026-04-05 01:14:01.441853,0 days 00:00:33.795899,434,3,122.1,156.1,0.18,COMPLETE
2145,2145,0.6875,2026-04-05 01:14:01.455041,2026-04-05 01:14:07.999373,0 days 00:00:06.544332,417,2,121.8,154.5,0.56,COMPLETE
2146,2146,0.6875,2026-04-05 01:14:08.012334,2026-04-05 01:14:14.737171,0 days 00:00:06.724837,474,3,124.1,150.8,0.56,COMPLETE
2147,2147,0.6875,2026-04-05 01:14:14.750491,2026-04-05 01:14:21.808296,0 days 00:00:07.057805,271,1,122.8,155.7,0.4,COMPLETE
2148,2148,0.6875,2026-04-05 01:14:21.821314,2026-04-05 01:14:28.747648,0 days 00:00:06.926334,385,2,118.0,152.0,0.52,COMPLETE
2149,2149,0.6875,2026-04-05 01:14:28.761734,2026-04-05 01:14:35.522616,0 days 00:00:06.760882,451,3,121.4,151.4,0.43,COMPLETE
2150,2150,0.6875,2026-04-05 01:14:35.535139,2026-04-05 01:14:42.134618,0 days 00:00:06.599479,419,1,121.0,153.4,0.38,COMPLETE
2151,2151,0.6875,2026-04-05 01:14:42.147887,2026-04-05 01:14:48.794949,0 days 00:00:06.647062,415,1,120.1,151.8,0.13,COMPLETE
2152,2152,0.6875,2026-04-05 01:14:48.807846,2026-04-05 01:14:55.395849,0 days 00:00:06.588003,495,2,117.8,153.7,0.45,COMPLETE
2153,2153,0.825,2026-04-05 01:14:55.405271,2026-04-05 01:15:29.485201,0 days 00:00:34.079930,491,3,121.8,153.2,0.14,COMPLETE
2154,2154,0.6875,2026-04-05 01:15:29.497903,2026-04-05 01:15:36.396990,0 days 00:00:06.899087,403,3,124.1,154.4,0.59,COMPLETE
2155,2155,0.6875,2026-04-05 01:15:36.409711,2026-04-05 01:15:42.956562,0 days 00:00:06.546851,275,1,123.8,154.5,0.61,COMPLETE
2156,2156,0.825,2026-04-05 01:15:42.969538,2026-04-05 01:16:16.861010,0 days 00:00:33.891472,401,2,123.8,153.9,0.11,COMPLETE
2157,2157,0.6875,2026-04-05 01:16:16.873826,2026-04-05 01:16:23.666983,0 days 00:00:06.793157,373,2,121.2,152.1,0.16,COMPLETE
2158,2158,0.6875,2026-04-05 01:16:23.680028,2026-04-05 01:16:30.820181,0 days 00:00:07.140153,225,3,117.4,153.8,1.98,COMPLETE
2159,2159,0.6875,2026-04-05 01:16:30.833995,2026-04-05 01:16:37.808766,0 days 00:00:06.974771,477,2,122.0,155.3,0.44,COMPLETE
2160,2160,0.6875,2026-04-05 01:16:37.822000,2026-04-05 01:16:44.513967,0 days 00:00:06.691967,420,1,123.8,153.7,0.13,COMPLETE
2161,2161,0.6875,2026-04-05 01:16:44.527346,2026-04-05 01:16:51.082246,0 days 00:00:06.554900,490,2,122.5,153.6,0.48,COMPLETE
2162,2162,0.6875,2026-04-05 01:16:51.095084,2026-04-05 01:16:57.805582,0 days 00:00:06.710498,497,2,121.0,155.5,0.46,COMPLETE
2163,2163,0.825,2026-04-05 01:16:57.815615,2026-04-05 01:17:31.604127,0 days 00:00:33.788512,476,1,120.7,156.3,0.17,COMPLETE
2164,2164,0.6875,2026-04-05 01:17:31.613978,2026-04-05 01:17:38.324852,0 days 00:00:06.710874,411,2,120.3,153.9,0.45,COMPLETE
2165,2165,0.825,2026-04-05 01:17:38.335777,2026-04-05 01:18:12.579506,0 days 00:00:34.243729,485,3,124.9,152.0,0.11,COMPLETE
2166,2166,0.825,2026-04-05 01:18:12.592829,2026-04-05 01:18:46.887984,0 days 00:00:34.295155,485,2,122.7,156.4,0.27,COMPLETE
2167,2167,0.6875,2026-04-05 01:18:46.900897,2026-04-05 01:18:54.063435,0 days 00:00:07.162538,476,3,116.1,153.3,1.98,COMPLETE
2168,2168,0.825,2026-04-05 01:18:54.079909,2026-04-05 01:19:12.463605,0 days 00:00:18.383696,353,1,126.2,155.4,0.0,COMPLETE
2169,2169,0.6875,2026-04-05 01:19:12.476728,2026-04-05 01:19:19.911493,0 days 00:00:07.434765,493,3,118.6,158.5,0.64,COMPLETE
2170,2170,0.825,2026-04-05 01:19:19.924300,2026-04-05 01:19:53.677281,0 days 00:00:33.752981,461,3,119.1,157.7,0.16,COMPLETE
2171,2171,0.825,2026-04-05 01:19:53.691152,2026-04-05 01:20:27.729656,0 days 00:00:34.038504,496,2,122.0,155.8,0.5700000000000001,COMPLETE
2172,2172,0.6875,2026-04-05 01:20:27.742382,2026-04-05 01:20:34.701424,0 days 00:00:06.959042,288,1,123.8,153.6,0.21,COMPLETE
2173,2173,0.6875,2026-04-05 01:20:34.714504,2026-04-05 01:20:41.534968,0 days 00:00:06.820464,475,1,120.6,154.4,0.31,COMPLETE
2174,2174,0.6875,2026-04-05 01:20:41.547931,2026-04-05 01:20:48.173282,0 days 00:00:06.625351,478,2,124.1,152.6,0.58,COMPLETE
2175,2175,0.825,2026-04-05 01:20:48.186414,2026-04-05 01:21:22.268297,0 days 00:00:34.081883,447,3,122.5,154.7,0.37,COMPLETE
2176,2176,0.6875,2026-04-05 01:21:22.281536,2026-04-05 01:21:28.838065,0 days 00:00:06.556529,490,2,124.1,153.8,0.32,COMPLETE
2177,2177,0.6875,2026-04-05 01:21:28.848219,2026-04-05 01:21:35.624988,0 days 00:00:06.776769,309,1,125.4,156.7,0.29,COMPLETE
2178,2178,0.6875,2026-04-05 01:21:35.639264,2026-04-05 01:21:42.703276,0 days 00:00:07.064012,390,2,119.9,152.6,0.33,COMPLETE
2179,2179,0.6875,2026-04-05 01:21:42.716893,2026-04-05 01:21:49.415070,0 days 00:00:06.698177,447,2,120.2,154.8,0.75,COMPLETE
2180,2180,0.6875,2026-04-05 01:21:49.428080,2026-04-05 01:21:56.758809,0 days 00:00:07.330729,309,3,118.5,148.1,1.93,COMPLETE
2181,2181,0.6875,2026-04-05 01:21:56.771767,2026-04-05 01:22:04.000179,0 days 00:00:07.228412,375,2,122.4,155.3,0.5700000000000001,COMPLETE
2182,2182,0.6875,2026-04-05 01:22:04.009834,2026-04-05 01:22:10.817738,0 days 00:00:06.807904,400,2,126.8,157.8,0.29,COMPLETE
2183,2183,0.825,2026-04-05 01:22:10.831464,2026-04-05 01:22:45.216970,0 days 00:00:34.385506,348,1,120.6,156.6,0.42,COMPLETE
2184,2184,0.825,2026-04-05 01:22:45.229862,2026-04-05 01:22:50.440949,0 days 00:00:05.211087,445,1,119.2,154.1,0.32,COMPLETE
2185,2185,0.6875,2026-04-05 01:22:50.451576,2026-04-05 01:22:57.350083,0 days 00:00:06.898507,428,3,123.3,153.9,0.29,COMPLETE
2186,2186,0.6875,2026-04-05 01:22:57.359981,2026-04-05 01:23:04.145914,0 days 00:00:06.785933,464,3,126.3,156.3,0.96,COMPLETE
2187,2187,0.6875,2026-04-05 01:23:04.159204,2026-04-05 01:23:11.010591,0 days 00:00:06.851387,443,3,123.6,152.4,0.32,COMPLETE
2188,2188,0.6875,2026-04-05 01:23:11.024153,2026-04-05 01:23:18.293894,0 days 00:00:07.269741,312,1,121.8,157.6,0.23,COMPLETE
2189,2189,0.6875,2026-04-05 01:23:18.307474,2026-04-05 01:23:25.477068,0 days 00:00:07.169594,446,3,122.5,150.2,0.32,COMPLETE
2190,2190,0.825,2026-04-05 01:23:25.490336,2026-04-05 01:23:31.330608,0 days 00:00:05.840272,238,1,120.2,156.2,0.29,COMPLETE
2191,2191,0.671875,2026-04-05 01:23:31.343972,2026-04-05 01:23:38.360129,0 days 00:00:07.016157,496,2,124.5,155.4,0.54,COMPLETE
2192,2192,0.6875,2026-04-05 01:23:38.373536,2026-04-05 01:23:45.244220,0 days 00:00:06.870684,462,3,126.5,150.7,0.41000000000000003,COMPLETE
2193,2193,0.6875,2026-04-05 01:23:45.256926,2026-04-05 01:23:52.178387,0 days 00:00:06.921461,441,1,126.4,155.4,0.85,COMPLETE
2194,2194,0.6875,2026-04-05 01:23:52.191328,2026-04-05 01:23:59.491626,0 days 00:00:07.300298,217,2,124.0,158.4,0.1,COMPLETE
2195,2195,0.6875,2026-04-05 01:23:59.507244,2026-04-05 01:24:06.197891,0 days 00:00:06.690647,220,1,126.6,156.9,0.96,COMPLETE
2196,2196,0.825,2026-04-05 01:24:06.210951,2026-04-05 01:25:02.056996,0 days 00:00:55.846045,435,3,124.9,151.7,0.23,COMPLETE
2197,2197,0.825,2026-04-05 01:25:02.070214,2026-04-05 01:25:07.128717,0 days 00:00:05.058503,396,2,124.3,153.4,0.49,COMPLETE
2198,2198,0.825,2026-04-05 01:25:07.142353,2026-04-05 01:25:41.580405,0 days 00:00:34.438052,402,2,118.5,154.6,0.25,COMPLETE
2199,2199,0.6875,2026-04-05 01:25:41.593539,2026-04-05 01:25:48.465775,0 days 00:00:06.872236,494,3,121.6,152.0,0.04,COMPLETE
2200,2200,0.825,2026-04-05 01:25:48.479322,2026-04-05 01:26:22.536452,0 days 00:00:34.057130,491,2,121.3,156.3,0.05,COMPLETE
2201,2201,0.6875,2026-04-05 01:26:22.550300,2026-04-05 01:26:29.410824,0 days 00:00:06.860524,449,1,124.0,152.1,0.1,COMPLETE
2202,2202,0.6875,2026-04-05 01:26:29.424057,2026-04-05 01:26:36.412168,0 days 00:00:06.988111,267,1,124.6,156.5,0.23,COMPLETE
2203,2203,0.6875,2026-04-05 01:26:36.425548,2026-04-05 01:26:43.517189,0 days 00:00:07.091641,163,1,125.6,159.8,1.6400000000000001,COMPLETE
2204,2204,0.6875,2026-04-05 01:26:43.530323,2026-04-05 01:26:50.601896,0 days 00:00:07.071573,321,3,122.4,154.0,0.27,COMPLETE
2205,2205,0.6875,2026-04-05 01:26:50.616389,2026-04-05 01:26:57.174986,0 days 00:00:06.558597,320,1,122.0,155.2,0.52,COMPLETE
2206,2206,0.6875,2026-04-05 01:26:57.188181,2026-04-05 01:27:03.889160,0 days 00:00:06.700979,369,1,119.9,153.8,0.76,COMPLETE
2207,2207,0.825,2026-04-05 01:27:03.898464,2026-04-05 01:27:37.822666,0 days 00:00:33.924202,470,1,121.8,154.1,0.02,COMPLETE
2208,2208,0.825,2026-04-05 01:27:37.835617,2026-04-05 01:28:11.856898,0 days 00:00:34.021281,449,2,118.2,155.3,0.02,COMPLETE
2209,2209,0.6875,2026-04-05 01:28:11.867239,2026-04-05 01:28:18.996356,0 days 00:00:07.129117,331,1,120.7,154.5,0.29,COMPLETE
2210,2210,0.6875,2026-04-05 01:28:19.009620,2026-04-05 01:28:26.067564,0 days 00:00:07.057944,390,1,118.9,149.2,0.6,COMPLETE
2211,2211,0.6875,2026-04-05 01:28:26.080711,2026-04-05 01:28:33.672165,0 days 00:00:07.591454,408,2,121.5,158.7,0.05,COMPLETE
2212,2212,0.6875,2026-04-05 01:28:33.682018,2026-04-05 01:28:40.862726,0 days 00:00:07.180708,382,1,121.4,152.0,0.39,COMPLETE
2213,2213,0.6875,2026-04-05 01:28:40.876114,2026-04-05 01:28:47.661117,0 days 00:00:06.785003,345,3,120.6,154.8,0.02,COMPLETE
2214,2214,0.6875,2026-04-05 01:28:47.674350,2026-04-05 01:28:54.373688,0 days 00:00:06.699338,308,1,123.6,154.8,0.39,COMPLETE
2215,2215,0.6875,2026-04-05 01:28:54.387021,2026-04-05 01:29:01.241346,0 days 00:00:06.854325,385,3,123.5,149.6,0.06,COMPLETE
2216,2216,0.825,2026-04-05 01:29:01.254211,2026-04-05 01:29:35.315319,0 days 00:00:34.061108,492,2,121.9,152.5,0.18,COMPLETE
2217,2217,0.6875,2026-04-05 01:29:35.329069,2026-04-05 01:29:42.417932,0 days 00:00:07.088863,412,1,124.7,156.0,0.44,COMPLETE
2218,2218,0.6875,2026-04-05 01:29:42.431381,2026-04-05 01:29:48.996454,0 days 00:00:06.565073,496,3,123.1,153.5,0.93,COMPLETE
2219,2219,0.825,2026-04-05 01:29:49.010069,2026-04-05 01:30:06.607283,0 days 00:00:17.597214,495,2,123.6,153.9,0.2,COMPLETE
2220,2220,0.6875,2026-04-05 01:30:06.620390,2026-04-05 01:30:14.512115,0 days 00:00:07.891725,294,3,113.2,149.3,0.0,COMPLETE
2221,2221,0.671875,2026-04-05 01:30:14.525104,2026-04-05 01:30:22.189237,0 days 00:00:07.664133,363,1,123.4,155.0,0.42,COMPLETE
2222,2222,0.6875,2026-04-05 01:30:22.202617,2026-04-05 01:30:29.097912,0 days 00:00:06.895295,421,2,123.1,149.4,0.26,COMPLETE
2223,2223,0.825,2026-04-05 01:30:29.111018,2026-04-05 01:31:03.638118,0 days 00:00:34.527100,355,1,120.9,156.5,0.08,COMPLETE
2224,2224,0.825,2026-04-05 01:31:03.651681,2026-04-05 01:31:37.700104,0 days 00:00:34.048423,429,3,124.3,154.3,0.16,COMPLETE
2225,2225,0.6875,2026-04-05 01:31:37.713479,2026-04-05 01:31:44.856603,0 days 00:00:07.143124,443,3,118.2,153.8,0.34,COMPLETE
2226,2226,0.6875,2026-04-05 01:31:44.870372,2026-04-05 01:31:51.843184,0 days 00:00:06.972812,364,1,119.6,152.3,0.17,COMPLETE
2227,2227,0.6875,2026-04-05 01:31:51.856915,2026-04-05 01:31:58.632461,0 days 00:00:06.775546,476,3,123.0,150.7,0.5700000000000001,COMPLETE
2228,2228,0.6875,2026-04-05 01:31:58.642757,2026-04-05 01:32:05.494859,0 days 00:00:06.852102,488,3,120.9,154.2,0.54,COMPLETE
2229,2229,0.6875,2026-04-05 01:32:05.506583,2026-04-05 01:32:12.546263,0 days 00:00:07.039680,281,1,121.1,159.0,0.0,COMPLETE
2230,2230,0.825,2026-04-05 01:32:12.559421,2026-04-05 01:32:46.818890,0 days 00:00:34.259469,489,3,123.9,154.6,0.16,COMPLETE
2231,2231,0.6875,2026-04-05 01:32:46.832754,2026-04-05 01:32:53.503611,0 days 00:00:06.670857,452,3,124.1,152.1,0.4,COMPLETE
2232,2232,0.6875,2026-04-05 01:32:53.517661,2026-04-05 01:33:01.462288,0 days 00:00:07.944627,180,3,113.5,151.2,0.35000000000000003,COMPLETE
2233,2233,0.825,2026-04-05 01:33:01.473044,2026-04-05 01:33:36.459130,0 days 00:00:34.986086,500,3,124.8,153.3,0.33,COMPLETE
2234,2234,0.6875,2026-04-05 01:33:36.473110,2026-04-05 01:33:43.104369,0 days 00:00:06.631259,446,2,124.6,154.2,0.67,COMPLETE
2235,2235,0.6875,2026-04-05 01:33:43.117835,2026-04-05 01:33:50.695753,0 days 00:00:07.577918,378,3,117.0,149.3,0.26,COMPLETE
2236,2236,0.825,2026-04-05 01:33:50.708652,2026-04-05 01:34:25.367721,0 days 00:00:34.659069,499,2,122.7,155.1,0.03,COMPLETE
2237,2237,0.6875,2026-04-05 01:34:25.381161,2026-04-05 01:34:32.710821,0 days 00:00:07.329660,500,2,114.7,158.0,1.12,COMPLETE
2238,2238,0.825,2026-04-05 01:34:32.724453,2026-04-05 01:35:07.873857,0 days 00:00:35.149404,349,1,124.5,153.2,0.0,COMPLETE
2239,2239,0.6875,2026-04-05 01:35:07.886761,2026-04-05 01:35:14.682745,0 days 00:00:06.795984,325,1,124.8,151.7,0.37,COMPLETE
2240,2240,0.6875,2026-04-05 01:35:14.696065,2026-04-05 01:35:21.309928,0 days 00:00:06.613863,349,1,125.6,153.6,0.64,COMPLETE
2241,2241,0.825,2026-04-05 01:35:21.323433,2026-04-05 01:35:55.473454,0 days 00:00:34.150021,363,1,121.2,153.3,0.16,COMPLETE
2242,2242,0.6875,2026-04-05 01:35:55.486256,2026-04-05 01:36:02.072311,0 days 00:00:06.586055,489,2,120.6,154.8,0.6,COMPLETE
2243,2243,0.6875,2026-04-05 01:36:02.085938,2026-04-05 01:36:09.093148,0 days 00:00:07.007210,292,1,124.5,151.9,0.8300000000000001,COMPLETE
2244,2244,0.825,2026-04-05 01:36:09.104830,2026-04-05 01:36:14.290672,0 days 00:00:05.185842,432,2,122.4,154.8,0.44,COMPLETE
2245,2245,0.6875,2026-04-05 01:36:14.304415,2026-04-05 01:36:21.330494,0 days 00:00:07.026079,316,2,126.5,155.7,0.43,COMPLETE
2246,2246,0.6875,2026-04-05 01:36:21.343568,2026-04-05 01:36:27.875872,0 days 00:00:06.532304,421,3,124.9,156.7,0.04,COMPLETE
2247,2247,0.825,2026-04-05 01:36:27.889635,2026-04-05 01:37:02.053151,0 days 00:00:34.163516,375,1,120.3,155.8,0.62,COMPLETE
2248,2248,0.6875,2026-04-05 01:37:02.066827,2026-04-05 01:37:08.806900,0 days 00:00:06.740073,269,1,121.2,154.9,0.09,COMPLETE
2249,2249,0.6875,2026-04-05 01:37:08.820516,2026-04-05 01:37:15.550474,0 days 00:00:06.729958,417,1,122.1,152.4,0.61,COMPLETE
2250,2250,0.6875,2026-04-05 01:37:15.563665,2026-04-05 01:37:22.719407,0 days 00:00:07.155742,487,1,115.5,152.9,0.93,COMPLETE
2251,2251,0.6875,2026-04-05 01:37:22.732999,2026-04-05 01:37:29.876021,0 days 00:00:07.143022,277,2,119.8,151.8,0.46,COMPLETE
2252,2252,0.6875,2026-04-05 01:37:29.888874,2026-04-05 01:37:36.606938,0 days 00:00:06.718064,380,3,120.7,154.6,0.8,COMPLETE
2253,2253,0.6875,2026-04-05 01:37:36.617079,2026-04-05 01:37:43.781594,0 days 00:00:07.164515,368,1,127.0,153.3,0.31,COMPLETE
2254,2254,0.6875,2026-04-05 01:37:43.794588,2026-04-05 01:37:51.728045,0 days 00:00:07.933457,309,1,116.3,154.3,0.13,COMPLETE
2255,2255,0.6875,2026-04-05 01:37:51.741498,2026-04-05 01:37:58.687677,0 days 00:00:06.946179,231,1,120.3,153.7,0.51,COMPLETE
2256,2256,0.825,2026-04-05 01:37:58.701127,2026-04-05 01:38:32.657096,0 days 00:00:33.955969,327,2,122.0,156.8,0.43,COMPLETE
2257,2257,0.6875,2026-04-05 01:38:32.670030,2026-04-05 01:38:39.795174,0 days 00:00:07.125144,278,1,126.6,155.2,0.38,COMPLETE
2258,2258,0.6875,2026-04-05 01:38:39.808820,2026-04-05 01:38:47.062650,0 days 00:00:07.253830,390,1,118.0,153.7,0.21,COMPLETE
2259,2259,0.825,2026-04-05 01:38:47.075778,2026-04-05 01:39:21.033599,0 days 00:00:33.957821,356,2,121.7,155.5,0.09,COMPLETE
2260,2260,0.825,2026-04-05 01:39:21.047564,2026-04-05 01:39:55.096215,0 days 00:00:34.048651,500,2,120.7,152.9,0.33,COMPLETE
2261,2261,0.6875,2026-04-05 01:39:55.109176,2026-04-05 01:40:02.294762,0 days 00:00:07.185586,287,2,121.7,155.5,0.72,COMPLETE
2262,2262,0.6875,2026-04-05 01:40:02.308222,2026-04-05 01:40:09.321297,0 days 00:00:07.013075,495,1,116.5,156.8,1.29,COMPLETE
2263,2263,0.825,2026-04-05 01:40:09.330984,2026-04-05 01:40:44.743463,0 days 00:00:35.412479,498,3,125.1,153.0,0.65,COMPLETE
2264,2264,0.825,2026-04-05 01:40:44.758127,2026-04-05 01:41:18.801923,0 days 00:00:34.043796,436,1,123.1,156.0,0.28,COMPLETE
2265,2265,0.825,2026-04-05 01:41:18.817045,2026-04-05 01:41:52.837860,0 days 00:00:34.020815,401,1,121.0,155.8,0.32,COMPLETE
2266,2266,0.6875,2026-04-05 01:41:52.850875,2026-04-05 01:41:59.797318,0 days 00:00:06.946443,496,3,121.8,150.4,0.49,COMPLETE
2267,2267,0.6875,2026-04-05 01:41:59.810663,2026-04-05 01:42:06.683878,0 days 00:00:06.873215,403,3,124.3,153.1,0.43,COMPLETE
2268,2268,0.6875,2026-04-05 01:42:06.697090,2026-04-05 01:42:14.558463,0 days 00:00:07.861373,492,2,113.2,156.1,0.71,COMPLETE
2269,2269,0.825,2026-04-05 01:42:14.571366,2026-04-05 01:42:49.440212,0 days 00:00:34.868846,431,2,122.5,156.2,0.33,COMPLETE
2270,2270,0.6875,2026-04-05 01:42:49.453169,2026-04-05 01:42:56.263743,0 days 00:00:06.810574,451,1,122.0,153.5,0.65,COMPLETE
2271,2271,0.6875,2026-04-05 01:42:56.274012,2026-04-05 01:43:02.762045,0 days 00:00:06.488033,454,3,123.4,153.8,0.7000000000000001,COMPLETE
2272,2272,0.6875,2026-04-05 01:43:02.775492,2026-04-05 01:43:09.626796,0 days 00:00:06.851304,407,2,119.3,152.9,0.23,COMPLETE
2273,2273,0.6875,2026-04-05 01:43:09.639796,2026-04-05 01:43:16.361777,0 days 00:00:06.721981,418,1,120.6,154.6,0.04,COMPLETE
2274,2274,0.6875,2026-04-05 01:43:16.374757,2026-04-05 01:43:23.067904,0 days 00:00:06.693147,291,1,121.6,154.7,0.04,COMPLETE
2275,2275,0.6875,2026-04-05 01:43:23.077783,2026-04-05 01:43:29.797612,0 days 00:00:06.719829,326,2,119.7,154.1,0.55,COMPLETE
2276,2276,0.825,2026-04-05 01:43:29.811032,2026-04-05 01:44:03.672918,0 days 00:00:33.861886,498,3,118.9,154.1,0.17,COMPLETE
2277,2277,0.6875,2026-04-05 01:44:03.686641,2026-04-05 01:44:10.728880,0 days 00:00:07.042239,500,2,114.7,150.4,1.96,COMPLETE
2278,2278,0.6875,2026-04-05 01:44:10.741468,2026-04-05 01:44:18.192991,0 days 00:00:07.451523,411,3,121.3,154.8,0.4,COMPLETE
2279,2279,0.6875,2026-04-05 01:44:18.206612,2026-04-05 01:44:24.968611,0 days 00:00:06.761999,499,2,122.4,150.1,0.05,COMPLETE
2280,2280,0.825,2026-04-05 01:44:24.982072,2026-04-05 01:44:58.968915,0 days 00:00:33.986843,500,3,123.2,151.8,0.41000000000000003,COMPLETE
2281,2281,0.825,2026-04-05 01:44:58.982312,2026-04-05 01:45:33.049449,0 days 00:00:34.067137,488,3,125.7,151.8,0.0,COMPLETE
2282,2282,0.825,2026-04-05 01:45:33.062779,2026-04-05 01:46:07.295863,0 days 00:00:34.233084,439,3,120.6,155.0,0.33,COMPLETE
2283,2283,0.6875,2026-04-05 01:46:07.309425,2026-04-05 01:46:14.205278,0 days 00:00:06.895853,324,1,119.4,152.9,0.41000000000000003,COMPLETE
2284,2284,0.6875,2026-04-05 01:46:14.218625,2026-04-05 01:46:21.020716,0 days 00:00:06.802091,359,1,123.0,154.1,0.42,COMPLETE
2285,2285,0.6875,2026-04-05 01:46:21.033953,2026-04-05 01:46:28.396226,0 days 00:00:07.362273,401,2,114.3,153.6,0.39,COMPLETE
2286,2286,0.6875,2026-04-05 01:46:28.409998,2026-04-05 01:46:35.727295,0 days 00:00:07.317297,388,1,121.7,155.0,0.73,COMPLETE
2287,2287,0.6875,2026-04-05 01:46:35.740149,2026-04-05 01:46:42.756617,0 days 00:00:07.016468,489,1,116.1,154.0,1.04,COMPLETE
2288,2288,0.6875,2026-04-05 01:46:42.769719,2026-04-05 01:46:50.098207,0 days 00:00:07.328488,418,3,121.5,152.1,0.5,COMPLETE
2289,2289,0.825,2026-04-05 01:46:50.111740,2026-04-05 01:47:24.104231,0 days 00:00:33.992491,382,1,122.6,153.4,0.38,COMPLETE
2290,2290,0.6875,2026-04-05 01:47:24.117819,2026-04-05 01:47:30.603130,0 days 00:00:06.485311,500,2,122.7,154.7,0.56,COMPLETE
2291,2291,0.6875,2026-04-05 01:47:30.614305,2026-04-05 01:47:38.133707,0 days 00:00:07.519402,418,1,114.1,156.5,0.84,COMPLETE
2292,2292,0.6875,2026-04-05 01:47:38.147686,2026-04-05 01:47:45.585197,0 days 00:00:07.437511,286,1,121.8,156.0,0.92,COMPLETE
2293,2293,0.6875,2026-04-05 01:47:45.598008,2026-04-05 01:47:52.371200,0 days 00:00:06.773192,437,2,123.1,152.3,0.53,COMPLETE
2294,2294,0.825,2026-04-05 01:47:52.381728,2026-04-05 01:48:26.833928,0 days 00:00:34.452200,344,1,118.7,156.0,0.39,COMPLETE
2295,2295,0.6875,2026-04-05 01:48:26.846841,2026-04-05 01:48:34.047594,0 days 00:00:07.200753,220,2,124.0,157.3,0.62,COMPLETE
2296,2296,0.6875,2026-04-05 01:48:34.061514,2026-04-05 01:48:41.392469,0 days 00:00:07.330955,376,3,117.1,152.1,0.81,COMPLETE
2297,2297,0.6875,2026-04-05 01:48:41.405733,2026-04-05 01:48:48.148792,0 days 00:00:06.743059,382,2,120.5,152.0,0.66,COMPLETE
2298,2298,0.825,2026-04-05 01:48:48.158234,2026-04-05 01:49:22.385685,0 days 00:00:34.227451,499,2,118.7,156.5,0.08,COMPLETE
2299,2299,0.6875,2026-04-05 01:49:22.399278,2026-04-05 01:49:30.307174,0 days 00:00:07.907896,154,1,125.9,155.5,0.29,COMPLETE
2300,2300,0.6875,2026-04-05 01:49:30.320208,2026-04-05 01:49:38.362693,0 days 00:00:08.042485,486,3,113.4,151.0,0.14,COMPLETE
2301,2301,0.6875,2026-04-05 01:49:38.376015,2026-04-05 01:49:46.534065,0 days 00:00:08.158050,323,1,125.1,156.0,0.19,COMPLETE
2302,2302,0.825,2026-04-05 01:49:46.547555,2026-04-05 01:50:20.495750,0 days 00:00:33.948195,435,3,125.1,152.3,0.29,COMPLETE
2303,2303,0.825,2026-04-05 01:50:20.509272,2026-04-05 01:50:55.073206,0 days 00:00:34.563934,278,1,122.1,156.5,0.0,COMPLETE
2304,2304,0.6875,2026-04-05 01:50:55.086018,2026-04-05 01:51:01.913046,0 days 00:00:06.827028,378,3,122.8,152.0,0.33,COMPLETE
2305,2305,0.6875,2026-04-05 01:51:01.926364,2026-04-05 01:51:08.858804,0 days 00:00:06.932440,386,1,121.2,154.4,0.06,COMPLETE
2306,2306,0.825,2026-04-05 01:51:08.871969,2026-04-05 01:51:42.667073,0 days 00:00:33.795104,428,2,122.1,153.2,0.34,COMPLETE
2307,2307,0.6875,2026-04-05 01:51:42.679938,2026-04-05 01:51:49.751881,0 days 00:00:07.071943,325,1,123.9,154.3,0.5,COMPLETE
2308,2308,0.6875,2026-04-05 01:51:49.765318,2026-04-05 01:51:56.668381,0 days 00:00:06.903063,208,1,125.4,158.2,0.04,COMPLETE
2309,2309,0.6875,2026-04-05 01:51:56.682316,2026-04-05 01:52:03.311727,0 days 00:00:06.629411,257,1,123.3,155.3,0.26,COMPLETE
2310,2310,0.6875,2026-04-05 01:52:03.324832,2026-04-05 01:52:10.736855,0 days 00:00:07.412023,405,2,115.4,149.3,0.03,COMPLETE
2311,2311,0.825,2026-04-05 01:52:10.750177,2026-04-05 01:52:45.670047,0 days 00:00:34.919870,342,1,122.4,155.5,0.22,COMPLETE
2312,2312,0.825,2026-04-05 01:52:45.683543,2026-04-05 01:52:52.988869,0 days 00:00:07.305326,434,3,122.5,151.3,0.21,COMPLETE
2313,2313,0.825,2026-04-05 01:52:53.002099,2026-04-05 01:53:27.125766,0 days 00:00:34.123667,499,3,121.4,155.9,0.58,COMPLETE
2314,2314,0.6875,2026-04-05 01:53:27.140522,2026-04-05 01:53:34.322141,0 days 00:00:07.181619,494,3,124.8,150.1,0.39,COMPLETE
2315,2315,0.6875,2026-04-05 01:53:34.332676,2026-04-05 01:53:41.844551,0 days 00:00:07.511875,500,1,115.3,154.9,1.57,COMPLETE
2316,2316,0.6875,2026-04-05 01:53:41.857762,2026-04-05 01:53:48.678144,0 days 00:00:06.820382,419,2,116.9,152.3,0.22,COMPLETE
2317,2317,0.825,2026-04-05 01:53:48.691759,2026-04-05 01:54:23.191912,0 days 00:00:34.500153,422,2,122.2,156.5,0.89,COMPLETE
2318,2318,0.6875,2026-04-05 01:54:23.205749,2026-04-05 01:54:30.949034,0 days 00:00:07.743285,186,1,114.3,155.6,1.93,COMPLETE
2319,2319,0.6875,2026-04-05 01:54:30.962274,2026-04-05 01:54:37.596436,0 days 00:00:06.634162,304,2,117.4,154.5,0.28,COMPLETE
2320,2320,0.6875,2026-04-05 01:54:37.609794,2026-04-05 01:54:44.264124,0 days 00:00:06.654330,487,3,120.0,151.9,0.47000000000000003,COMPLETE
2321,2321,0.825,2026-04-05 01:54:44.277886,2026-04-05 01:55:18.482576,0 days 00:00:34.204690,431,2,119.9,156.4,0.5700000000000001,COMPLETE
2322,2322,0.6875,2026-04-05 01:55:18.496061,2026-04-05 01:55:25.116605,0 days 00:00:06.620544,431,3,121.3,153.7,0.11,COMPLETE
2323,2323,0.671875,2026-04-05 01:55:25.130273,2026-04-05 01:55:31.808235,0 days 00:00:06.677962,371,1,118.8,150.7,0.0,COMPLETE
2324,2324,0.825,2026-04-05 01:55:31.821531,2026-04-05 01:56:05.846545,0 days 00:00:34.025014,385,1,122.4,152.7,0.0,COMPLETE
2325,2325,0.825,2026-04-05 01:56:05.856275,2026-04-05 01:56:40.618925,0 days 00:00:34.762650,497,3,122.5,154.6,0.4,COMPLETE
2326,2326,0.6875,2026-04-05 01:56:40.632425,2026-04-05 01:56:47.925575,0 days 00:00:07.293150,223,1,122.0,150.0,0.45,COMPLETE
2327,2327,0.825,2026-04-05 01:56:47.938591,2026-04-05 01:57:21.872772,0 days 00:00:33.934181,339,2,125.0,152.8,0.18,COMPLETE
2328,2328,0.825,2026-04-05 01:57:21.882693,2026-04-05 01:57:55.901034,0 days 00:00:34.018341,438,1,122.5,155.5,0.52,COMPLETE
2329,2329,0.6875,2026-04-05 01:57:55.914182,2026-04-05 01:58:03.510832,0 days 00:00:07.596650,394,2,117.4,148.2,0.43,COMPLETE
2330,2330,0.825,2026-04-05 01:58:03.524403,2026-04-05 01:58:37.911062,0 days 00:00:34.386659,440,1,122.7,153.5,0.22,COMPLETE
2331,2331,0.6875,2026-04-05 01:58:37.921430,2026-04-05 01:58:44.693190,0 days 00:00:06.771760,317,2,123.3,152.5,0.78,COMPLETE
2332,2332,0.825,2026-04-05 01:58:44.704372,2026-04-05 01:59:18.599270,0 days 00:00:33.894898,499,2,122.8,155.5,0.34,COMPLETE
2333,2333,0.825,2026-04-05 01:59:18.612713,2026-04-05 01:59:52.653462,0 days 00:00:34.040749,406,2,121.7,156.0,0.28,COMPLETE
2334,2334,0.825,2026-04-05 01:59:52.667483,2026-04-05 02:00:26.700817,0 days 00:00:34.033334,431,1,120.5,152.7,0.22,COMPLETE
2335,2335,0.6875,2026-04-05 02:00:26.714585,2026-04-05 02:00:33.292707,0 days 00:00:06.578122,498,3,122.2,153.2,0.5700000000000001,COMPLETE
2336,2336,0.825,2026-04-05 02:00:33.306017,2026-04-05 02:00:38.410190,0 days 00:00:05.104173,433,2,124.5,154.5,0.41000000000000003,COMPLETE
2337,2337,0.825,2026-04-05 02:00:38.423947,2026-04-05 02:01:12.269781,0 days 00:00:33.845834,439,3,123.4,154.9,0.06,COMPLETE
2338,2338,0.6875,2026-04-05 02:01:12.282555,2026-04-05 02:01:19.691715,0 days 00:00:07.409160,360,3,126.4,148.7,0.29,COMPLETE
2339,2339,0.825,2026-04-05 02:01:19.704993,2026-04-05 02:01:54.247695,0 days 00:00:34.542702,256,1,124.5,155.2,0.07,COMPLETE
2340,2340,0.6875,2026-04-05 02:01:54.261308,2026-04-05 02:02:00.716503,0 days 00:00:06.455195,333,1,125.2,155.4,0.38,COMPLETE
2341,2341,0.6875,2026-04-05 02:02:00.729856,2026-04-05 02:02:07.380153,0 days 00:00:06.650297,498,2,121.6,154.2,0.39,COMPLETE
2342,2342,0.6875,2026-04-05 02:02:07.393171,2026-04-05 02:02:14.130471,0 days 00:00:06.737300,269,1,121.3,153.4,0.3,COMPLETE
2343,2343,0.6875,2026-04-05 02:02:14.143566,2026-04-05 02:02:20.476990,0 days 00:00:06.333424,319,1,121.0,153.6,0.58,COMPLETE
2344,2344,0.6875,2026-04-05 02:02:20.486514,2026-04-05 02:02:27.410605,0 days 00:00:06.924091,319,2,123.8,158.8,0.25,COMPLETE
2345,2345,0.671875,2026-04-05 02:02:27.423939,2026-04-05 02:02:34.176552,0 days 00:00:06.752613,345,1,123.6,153.8,0.2,COMPLETE
2346,2346,0.825,2026-04-05 02:02:34.189928,2026-04-05 02:03:07.997636,0 days 00:00:33.807708,449,1,124.3,155.5,0.26,COMPLETE
2347,2347,0.6875,2026-04-05 02:03:08.010807,2026-04-05 02:03:15.361296,0 days 00:00:07.350489,363,3,120.6,152.1,0.0,COMPLETE
2348,2348,0.6875,2026-04-05 02:03:15.374703,2026-04-05 02:03:22.260638,0 days 00:00:06.885935,378,1,125.4,155.4,0.75,COMPLETE
2349,2349,0.6875,2026-04-05 02:03:22.274389,2026-04-05 02:03:28.991624,0 days 00:00:06.717235,247,2,124.9,155.3,0.4,COMPLETE
2350,2350,0.6875,2026-04-05 02:03:29.005010,2026-04-05 02:03:35.743446,0 days 00:00:06.738436,233,1,122.6,158.3,0.36,COMPLETE
2351,2351,0.6875,2026-04-05 02:03:35.752749,2026-04-05 02:03:42.560866,0 days 00:00:06.808117,267,2,122.6,154.5,0.31,COMPLETE
2352,2352,0.825,2026-04-05 02:03:42.574416,2026-04-05 02:04:16.600601,0 days 00:00:34.026185,486,1,121.0,155.6,0.4,COMPLETE
2353,2353,0.825,2026-04-05 02:04:16.608903,2026-04-05 02:04:51.159388,0 days 00:00:34.550485,278,1,124.7,152.1,0.05,COMPLETE
2354,2354,0.6875,2026-04-05 02:04:51.172885,2026-04-05 02:04:58.042092,0 days 00:00:06.869207,341,1,127.0,156.0,0.58,COMPLETE
2355,2355,0.825,2026-04-05 02:04:58.055329,2026-04-05 02:05:32.370087,0 days 00:00:34.314758,384,1,122.1,156.2,0.0,COMPLETE
2356,2356,0.6875,2026-04-05 02:05:32.383690,2026-04-05 02:05:39.749000,0 days 00:00:07.365310,466,2,116.0,149.8,0.66,COMPLETE
2357,2357,0.6875,2026-04-05 02:05:39.761932,2026-04-05 02:05:46.387508,0 days 00:00:06.625576,417,2,119.7,149.9,0.6,COMPLETE
2358,2358,0.6875,2026-04-05 02:05:46.400711,2026-04-05 02:05:53.390914,0 days 00:00:06.990203,307,1,120.6,153.4,0.21,COMPLETE
2359,2359,0.825,2026-04-05 02:05:53.400356,2026-04-05 02:05:58.685138,0 days 00:00:05.284782,498,3,124.5,152.0,0.39,COMPLETE
2360,2360,0.825,2026-04-05 02:05:58.695415,2026-04-05 02:06:33.051190,0 days 00:00:34.355775,441,1,119.6,154.4,0.37,COMPLETE
2361,2361,0.6875,2026-04-05 02:06:33.064637,2026-04-05 02:06:40.622868,0 days 00:00:07.558231,188,1,115.8,149.5,1.94,COMPLETE
2362,2362,0.825,2026-04-05 02:06:40.635948,2026-04-05 02:07:15.045809,0 days 00:00:34.409861,333,1,120.0,154.9,0.31,COMPLETE
2363,2363,0.6875,2026-04-05 02:07:15.055656,2026-04-05 02:07:22.416223,0 days 00:00:07.360567,481,1,127.0,158.9,0.04,COMPLETE
2364,2364,0.825,2026-04-05 02:07:22.426973,2026-04-05 02:07:56.768228,0 days 00:00:34.341255,289,3,122.9,156.8,0.23,COMPLETE
2365,2365,0.6875,2026-04-05 02:07:56.782163,2026-04-05 02:08:03.518287,0 days 00:00:06.736124,417,1,125.7,155.8,0.11,COMPLETE
2366,2366,0.825,2026-04-05 02:08:03.531628,2026-04-05 02:08:37.693422,0 days 00:00:34.161794,459,3,122.9,151.9,0.13,COMPLETE
2367,2367,0.6875,2026-04-05 02:08:37.702784,2026-04-05 02:08:45.074441,0 days 00:00:07.371657,224,1,123.3,154.1,0.5700000000000001,COMPLETE
2368,2368,0.6875,2026-04-05 02:08:45.087541,2026-04-05 02:08:51.809676,0 days 00:00:06.722135,431,3,126.0,151.9,0.37,COMPLETE
2369,2369,0.6875,2026-04-05 02:08:51.823328,2026-04-05 02:08:58.803019,0 days 00:00:06.979691,349,1,122.4,151.9,0.33,COMPLETE
2370,2370,0.6875,2026-04-05 02:08:58.816636,2026-04-05 02:09:05.426426,0 days 00:00:06.609790,428,2,123.1,154.8,0.7000000000000001,COMPLETE
2371,2371,0.6875,2026-04-05 02:09:05.440464,2026-04-05 02:09:12.123688,0 days 00:00:06.683224,378,2,123.7,151.1,0.79,COMPLETE
2372,2372,0.6875,2026-04-05 02:09:12.137057,2026-04-05 02:09:19.300022,0 days 00:00:07.162965,435,2,116.9,154.4,0.3,COMPLETE
2373,2373,0.6875,2026-04-05 02:09:19.313050,2026-04-05 02:09:26.219016,0 days 00:00:06.905966,494,1,113.0,152.0,1.26,COMPLETE
2374,2374,0.6875,2026-04-05 02:09:26.232412,2026-04-05 02:09:34.254093,0 days 00:00:08.021681,319,1,125.2,156.6,0.02,COMPLETE
2375,2375,0.6875,2026-04-05 02:09:34.267288,2026-04-05 02:09:40.862792,0 days 00:00:06.595504,484,2,122.4,155.2,1.11,COMPLETE
2376,2376,0.825,2026-04-05 02:09:40.876088,2026-04-05 02:10:14.754019,0 days 00:00:33.877931,454,2,122.7,153.1,0.48,COMPLETE
2377,2377,0.6875,2026-04-05 02:10:14.767259,2026-04-05 02:10:22.108974,0 days 00:00:07.341715,360,2,126.8,155.5,0.24,COMPLETE
2378,2378,0.6875,2026-04-05 02:10:22.122376,2026-04-05 02:10:29.572897,0 days 00:00:07.450521,319,1,118.7,152.4,0.79,COMPLETE
2379,2379,0.825,2026-04-05 02:10:29.587083,2026-04-05 02:11:03.634708,0 days 00:00:34.047625,292,2,119.5,155.2,0.1,COMPLETE
2380,2380,0.6875,2026-04-05 02:11:03.646761,2026-04-05 02:11:10.369298,0 days 00:00:06.722537,447,3,122.9,155.9,1.0,COMPLETE
2381,2381,0.6875,2026-04-05 02:11:10.383117,2026-04-05 02:11:17.826950,0 days 00:00:07.443833,450,1,113.2,155.0,1.09,COMPLETE
2382,2382,0.6875,2026-04-05 02:11:17.840124,2026-04-05 02:11:25.248562,0 days 00:00:07.408438,388,2,121.8,153.8,0.27,COMPLETE
2383,2383,0.6875,2026-04-05 02:11:25.261973,2026-04-05 02:11:31.993978,0 days 00:00:06.732005,358,2,119.7,152.2,0.38,COMPLETE
2384,2384,0.6875,2026-04-05 02:11:32.007432,2026-04-05 02:11:39.051149,0 days 00:00:07.043717,300,1,122.9,154.3,0.02,COMPLETE
2385,2385,0.6875,2026-04-05 02:11:39.064701,2026-04-05 02:11:45.858285,0 days 00:00:06.793584,451,3,123.5,150.5,0.18,COMPLETE
2386,2386,0.825,2026-04-05 02:11:45.869131,2026-04-05 02:12:20.192589,0 days 00:00:34.323458,493,3,124.0,155.8,0.31,COMPLETE
2387,2387,0.6875,2026-04-05 02:12:20.206065,2026-04-05 02:12:27.279138,0 days 00:00:07.073073,321,2,123.3,151.1,0.02,COMPLETE
2388,2388,0.6875,2026-04-05 02:12:27.292933,2026-04-05 02:12:33.906670,0 days 00:00:06.613737,410,3,120.4,149.0,0.35000000000000003,COMPLETE
2389,2389,0.6875,2026-04-05 02:12:33.920059,2026-04-05 02:12:41.471683,0 days 00:00:07.551624,271,2,124.5,157.3,0.0,COMPLETE
2390,2390,0.6875,2026-04-05 02:12:41.482130,2026-04-05 02:12:48.305058,0 days 00:00:06.822928,282,2,124.7,154.2,0.35000000000000003,COMPLETE
2391,2391,0.6875,2026-04-05 02:12:48.318226,2026-04-05 02:12:55.078778,0 days 00:00:06.760552,427,3,124.8,150.2,0.45,COMPLETE
2392,2392,0.6875,2026-04-05 02:12:55.092381,2026-04-05 02:13:02.593559,0 days 00:00:07.501178,426,3,121.7,159.0,0.61,COMPLETE
2393,2393,0.825,2026-04-05 02:13:02.606894,2026-04-05 02:13:36.983247,0 days 00:00:34.376353,440,3,123.7,153.2,0.36,COMPLETE
2394,2394,0.6875,2026-04-05 02:13:36.996259,2026-04-05 02:13:44.168927,0 days 00:00:07.172668,365,1,118.7,152.1,0.34,COMPLETE
2395,2395,0.825,2026-04-05 02:13:44.182456,2026-04-05 02:14:18.443240,0 days 00:00:34.260784,341,1,120.1,156.3,0.0,COMPLETE
2396,2396,0.6875,2026-04-05 02:14:18.456209,2026-04-05 02:14:25.578333,0 days 00:00:07.122124,227,1,124.9,157.8,0.46,COMPLETE
2397,2397,0.6875,2026-04-05 02:14:25.592348,2026-04-05 02:14:32.995812,0 days 00:00:07.403464,369,2,119.1,150.8,0.08,COMPLETE
2398,2398,0.825,2026-04-05 02:14:33.007136,2026-04-05 02:15:07.091273,0 days 00:00:34.084137,350,2,121.5,153.7,0.0,COMPLETE
2399,2399,0.6875,2026-04-05 02:15:07.101976,2026-04-05 02:15:14.101973,0 days 00:00:06.999997,259,1,125.3,153.4,0.35000000000000003,COMPLETE
2400,2400,0.6875,2026-04-05 02:15:14.115058,2026-04-05 02:15:20.850343,0 days 00:00:06.735285,496,3,124.2,149.2,0.05,COMPLETE
2401,2401,0.671875,2026-04-05 02:15:20.864190,2026-04-05 02:15:27.778307,0 days 00:00:06.914117,445,3,125.8,154.8,0.52,COMPLETE
2402,2402,0.825,2026-04-05 02:15:27.791776,2026-04-05 02:16:01.870841,0 days 00:00:34.079065,475,3,122.0,153.8,0.0,COMPLETE
2403,2403,0.825,2026-04-05 02:16:01.880074,2026-04-05 02:16:33.946909,0 days 00:00:32.066835,242,1,118.5,156.1,0.05,COMPLETE
2404,2404,0.6875,2026-04-05 02:16:33.960119,2026-04-05 02:16:40.791900,0 days 00:00:06.831781,447,3,118.0,152.3,0.27,COMPLETE
2405,2405,0.6875,2026-04-05 02:16:40.805074,2026-04-05 02:16:47.911676,0 days 00:00:07.106602,487,2,121.7,158.2,0.67,COMPLETE
2406,2406,0.6875,2026-04-05 02:16:47.922284,2026-04-05 02:16:55.585456,0 days 00:00:07.663172,343,1,121.9,148.0,0.4,COMPLETE
2407,2407,0.825,2026-04-05 02:16:55.598450,2026-04-05 02:17:30.197132,0 days 00:00:34.598682,379,1,123.9,156.6,0.3,COMPLETE
2408,2408,0.6875,2026-04-05 02:17:30.209953,2026-04-05 02:17:37.387957,0 days 00:00:07.178004,342,2,119.1,153.3,0.45,COMPLETE
2409,2409,0.825,2026-04-05 02:17:37.401267,2026-04-05 02:18:11.152702,0 days 00:00:33.751435,418,2,119.5,153.3,0.25,COMPLETE
2410,2410,0.6875,2026-04-05 02:18:11.166025,2026-04-05 02:18:18.007623,0 days 00:00:06.841598,356,1,120.6,155.0,0.26,COMPLETE
2411,2411,0.825,2026-04-05 02:18:18.020776,2026-04-05 02:18:25.096425,0 days 00:00:07.075649,401,3,121.8,153.3,0.38,COMPLETE
2412,2412,0.6875,2026-04-05 02:18:25.110975,2026-04-05 02:18:31.979800,0 days 00:00:06.868825,314,1,123.5,153.0,0.34,COMPLETE
2413,2413,0.6875,2026-04-05 02:18:31.993275,2026-04-05 02:18:38.703586,0 days 00:00:06.710311,241,2,123.2,151.8,0.22,COMPLETE
2414,2414,0.825,2026-04-05 02:18:38.714724,2026-04-05 02:19:12.859471,0 days 00:00:34.144747,379,1,124.0,154.3,0.04,COMPLETE
2415,2415,0.6875,2026-04-05 02:19:12.868442,2026-04-05 02:19:19.631119,0 days 00:00:06.762677,441,2,119.6,154.2,0.49,COMPLETE
2416,2416,0.6875,2026-04-05 02:19:19.644947,2026-04-05 02:19:26.264610,0 days 00:00:06.619663,382,1,122.0,155.2,0.5,COMPLETE
2417,2417,0.6875,2026-04-05 02:19:26.278553,2026-04-05 02:19:32.960097,0 days 00:00:06.681544,290,2,123.6,155.4,0.11,COMPLETE
2418,2418,0.6875,2026-04-05 02:19:32.973720,2026-04-05 02:19:40.059254,0 days 00:00:07.085534,420,1,117.7,150.9,0.35000000000000003,COMPLETE
2419,2419,0.6875,2026-04-05 02:19:40.072763,2026-04-05 02:19:46.744544,0 days 00:00:06.671781,297,1,119.3,150.6,0.44,COMPLETE
2420,2420,0.825,2026-04-05 02:19:46.755437,2026-04-05 02:19:52.070265,0 days 00:00:05.314828,449,3,124.0,151.9,0.0,COMPLETE
2421,2421,0.6875,2026-04-05 02:19:52.083377,2026-04-05 02:19:59.141267,0 days 00:00:07.057890,287,1,124.7,156.4,0.48,COMPLETE
2422,2422,0.6875,2026-04-05 02:19:59.154507,2026-04-05 02:20:05.858912,0 days 00:00:06.704405,401,1,121.2,154.2,0.63,COMPLETE
2423,2423,0.6875,2026-04-05 02:20:05.872474,2026-04-05 02:20:12.677686,0 days 00:00:06.805212,444,1,118.9,150.4,0.8200000000000001,COMPLETE
2424,2424,0.825,2026-04-05 02:20:12.691250,2026-04-05 02:20:47.299382,0 days 00:00:34.608132,232,1,122.2,153.5,0.0,COMPLETE
2425,2425,0.6875,2026-04-05 02:20:47.312630,2026-04-05 02:20:53.883974,0 days 00:00:06.571344,457,2,123.8,153.5,0.28,COMPLETE
2426,2426,0.825,2026-04-05 02:20:53.897191,2026-04-05 02:21:28.011627,0 days 00:00:34.114436,495,2,122.2,156.1,0.3,COMPLETE
2427,2427,0.825,2026-04-05 02:21:28.024927,2026-04-05 02:22:02.052228,0 days 00:00:34.027301,456,3,120.1,155.4,0.29,COMPLETE
2428,2428,0.6875,2026-04-05 02:22:02.065368,2026-04-05 02:22:12.068323,0 days 00:00:10.002955,351,1,116.5,156.2,0.12,COMPLETE
2429,2429,0.6875,2026-04-05 02:22:12.077727,2026-04-05 02:22:19.888684,0 days 00:00:07.810957,490,3,126.0,150.3,0.6900000000000001,COMPLETE
2430,2430,0.6875,2026-04-05 02:22:19.901668,2026-04-05 02:22:27.502215,0 days 00:00:07.600547,376,1,118.5,153.5,0.52,COMPLETE
2431,2431,0.825,2026-04-05 02:22:27.515929,2026-04-05 02:23:01.441342,0 days 00:00:33.925413,436,2,122.2,153.9,0.0,COMPLETE
2432,2432,0.825,2026-04-05 02:23:01.454527,2026-04-05 02:23:35.495418,0 days 00:00:34.040891,317,1,122.0,152.5,0.01,COMPLETE
2433,2433,0.6875,2026-04-05 02:23:35.509014,2026-04-05 02:23:42.555524,0 days 00:00:07.046510,323,1,127.0,154.1,0.19,COMPLETE
2434,2434,0.6875,2026-04-05 02:23:42.568665,2026-04-05 02:23:49.507440,0 days 00:00:06.938775,346,1,122.3,152.2,0.86,COMPLETE
2435,2435,0.6875,2026-04-05 02:23:49.518366,2026-04-05 02:23:55.792890,0 days 00:00:06.274524,461,2,122.2,152.1,0.81,COMPLETE
2436,2436,0.6875,2026-04-05 02:23:55.806423,2026-04-05 02:24:02.376565,0 days 00:00:06.570142,424,2,121.3,150.8,0.11,COMPLETE
2437,2437,0.825,2026-04-05 02:24:02.388982,2026-04-05 02:24:36.932071,0 days 00:00:34.543089,314,1,118.2,154.5,0.27,COMPLETE
2438,2438,0.825,2026-04-05 02:24:36.945839,2026-04-05 02:24:44.510900,0 days 00:00:07.565061,499,3,123.3,152.9,0.04,COMPLETE
2439,2439,0.6875,2026-04-05 02:24:44.520688,2026-04-05 02:24:51.181077,0 days 00:00:06.660389,451,1,121.4,154.1,0.52,COMPLETE
2440,2440,0.825,2026-04-05 02:24:51.195022,2026-04-05 02:25:25.326568,0 days 00:00:34.131546,437,2,122.7,156.1,0.08,COMPLETE
2441,2441,0.6875,2026-04-05 02:25:25.339906,2026-04-05 02:25:32.123641,0 days 00:00:06.783735,375,1,120.5,152.4,0.36,COMPLETE
2442,2442,0.825,2026-04-05 02:25:32.137169,2026-04-05 02:25:48.889307,0 days 00:00:16.752138,456,3,127.0,152.8,0.32,COMPLETE
2443,2443,0.825,2026-04-05 02:25:48.903621,2026-04-05 02:26:23.694512,0 days 00:00:34.790891,225,2,121.4,156.6,0.15,COMPLETE
2444,2444,0.6875,2026-04-05 02:26:23.706976,2026-04-05 02:26:30.262509,0 days 00:00:06.555533,231,2,122.2,155.0,0.0,COMPLETE
2445,2445,0.825,2026-04-05 02:26:30.272190,2026-04-05 02:26:47.265812,0 days 00:00:16.993622,413,1,125.3,153.7,0.66,COMPLETE
2446,2446,0.825,2026-04-05 02:26:47.279978,2026-04-05 02:27:21.561906,0 days 00:00:34.281928,483,2,119.7,154.6,0.23,COMPLETE
2447,2447,0.6875,2026-04-05 02:27:21.575481,2026-04-05 02:27:28.420443,0 days 00:00:06.844962,463,3,124.1,154.0,0.38,COMPLETE
2448,2448,0.6875,2026-04-05 02:27:28.433879,2026-04-05 02:27:35.271547,0 days 00:00:06.837668,253,1,126.6,156.9,0.16,COMPLETE
2449,2449,0.6875,2026-04-05 02:27:35.284657,2026-04-05 02:27:42.117308,0 days 00:00:06.832651,303,1,122.2,154.0,0.37,COMPLETE
2450,2450,0.6875,2026-04-05 02:27:42.127321,2026-04-05 02:27:48.543876,0 days 00:00:06.416555,435,2,121.2,154.1,0.35000000000000003,COMPLETE
2451,2451,0.825,2026-04-05 02:27:48.557245,2026-04-05 02:28:22.466920,0 days 00:00:33.909675,439,1,120.0,153.5,0.06,COMPLETE
2452,2452,0.825,2026-04-05 02:28:22.480279,2026-04-05 02:28:56.558261,0 days 00:00:34.077982,494,2,122.8,153.0,0.04,COMPLETE
2453,2453,0.6875,2026-04-05 02:28:56.571568,2026-04-05 02:29:03.136900,0 days 00:00:06.565332,459,3,123.5,152.1,0.47000000000000003,COMPLETE
2454,2454,0.6875,2026-04-05 02:29:03.149530,2026-04-05 02:29:10.578691,0 days 00:00:07.429161,441,1,114.0,155.2,0.8,COMPLETE
2455,2455,0.825,2026-04-05 02:29:10.588118,2026-04-05 02:29:45.165046,0 days 00:00:34.576928,441,3,121.9,155.9,0.02,COMPLETE
2456,2456,0.6875,2026-04-05 02:29:45.178281,2026-04-05 02:29:53.255819,0 days 00:00:08.077538,152,1,123.0,155.1,0.42,COMPLETE
2457,2457,0.6875,2026-04-05 02:29:53.269061,2026-04-05 02:30:00.430802,0 days 00:00:07.161741,495,1,120.2,148.2,0.72,COMPLETE
2458,2458,0.6875,2026-04-05 02:30:00.441451,2026-04-05 02:30:07.927688,0 days 00:00:07.486237,329,1,119.5,155.2,0.8200000000000001,COMPLETE
2459,2459,0.6875,2026-04-05 02:30:07.940769,2026-04-05 02:30:14.724993,0 days 00:00:06.784224,459,3,123.7,155.6,0.66,COMPLETE
2460,2460,0.6875,2026-04-05 02:30:14.738475,2026-04-05 02:30:21.686867,0 days 00:00:06.948392,383,1,125.7,155.0,0.41000000000000003,COMPLETE
2461,2461,0.6875,2026-04-05 02:30:21.696786,2026-04-05 02:30:28.380049,0 days 00:00:06.683263,442,3,122.5,154.3,0.59,COMPLETE
2462,2462,0.825,2026-04-05 02:30:28.393907,2026-04-05 02:31:02.460011,0 days 00:00:34.066104,489,2,125.2,153.2,0.61,COMPLETE
2463,2463,0.6875,2026-04-05 02:31:02.473903,2026-04-05 02:31:09.397816,0 days 00:00:06.923913,381,3,123.8,151.8,0.16,COMPLETE
2464,2464,0.825,2026-04-05 02:31:09.411480,2026-04-05 02:31:43.955642,0 days 00:00:34.544162,276,1,119.9,156.8,0.29,COMPLETE
2465,2465,0.6875,2026-04-05 02:31:43.969774,2026-04-05 02:31:50.742332,0 days 00:00:06.772558,259,1,123.6,155.4,0.48,COMPLETE
2466,2466,0.825,2026-04-05 02:31:50.752796,2026-04-05 02:32:24.659475,0 days 00:00:33.906679,283,1,124.2,154.3,0.0,COMPLETE
2467,2467,0.825,2026-04-05 02:32:24.673533,2026-04-05 02:32:58.443176,0 days 00:00:33.769643,417,1,123.1,153.5,0.33,COMPLETE
2468,2468,0.6875,2026-04-05 02:32:58.456004,2026-04-05 02:33:05.077114,0 days 00:00:06.621110,387,3,121.7,152.2,1.4000000000000001,COMPLETE
2469,2469,0.825,2026-04-05 02:33:05.090508,2026-04-05 02:33:39.400407,0 days 00:00:34.309899,279,2,123.1,156.5,0.52,COMPLETE
2470,2470,0.6875,2026-04-05 02:33:39.413809,2026-04-05 02:33:46.069418,0 days 00:00:06.655609,498,1,121.8,153.6,0.9,COMPLETE
2471,2471,0.6875,2026-04-05 02:33:46.079719,2026-04-05 02:33:53.092061,0 days 00:00:07.012342,333,1,121.4,158.1,0.56,COMPLETE
2472,2472,0.671875,2026-04-05 02:33:53.106384,2026-04-05 02:33:59.837487,0 days 00:00:06.731103,362,1,121.9,153.7,0.34,COMPLETE
2473,2473,0.825,2026-04-05 02:33:59.850726,2026-04-05 02:34:33.934102,0 days 00:00:34.083376,339,1,122.0,156.3,0.3,COMPLETE
2474,2474,0.6875,2026-04-05 02:34:33.948327,2026-04-05 02:34:40.760319,0 days 00:00:06.811992,495,2,123.8,153.7,0.59,COMPLETE
2475,2475,0.825,2026-04-05 02:34:40.770129,2026-04-05 02:35:15.163722,0 days 00:00:34.393593,419,1,120.4,156.0,0.07,COMPLETE
2476,2476,0.825,2026-04-05 02:35:15.173671,2026-04-05 02:35:49.222349,0 days 00:00:34.048678,446,3,122.1,153.4,0.37,COMPLETE
2477,2477,0.6875,2026-04-05 02:35:49.232201,2026-04-05 02:35:56.348558,0 days 00:00:07.116357,297,2,117.5,151.4,0.28,COMPLETE
2478,2478,0.6875,2026-04-05 02:35:56.361891,2026-04-05 02:36:03.102104,0 days 00:00:06.740213,417,2,116.9,153.0,0.49,COMPLETE
2479,2479,0.825,2026-04-05 02:36:03.112989,2026-04-05 02:36:37.116589,0 days 00:00:34.003600,487,2,119.8,154.9,0.65,COMPLETE
2480,2480,0.6875,2026-04-05 02:36:37.129740,2026-04-05 02:36:44.184032,0 days 00:00:07.054292,417,1,121.6,150.8,0.36,COMPLETE
2481,2481,0.825,2026-04-05 02:36:44.197248,2026-04-05 02:37:18.037760,0 days 00:00:33.840512,469,3,121.5,152.2,0.25,COMPLETE
2482,2482,0.0,2026-04-05 02:37:18.051239,2026-04-05 02:37:25.354552,0 days 00:00:07.303313,449,1,116.0,155.2,0.07,COMPLETE
2483,2483,0.6875,2026-04-05 02:37:25.364342,2026-04-05 02:37:32.002483,0 days 00:00:06.638141,461,1,117.9,154.9,0.41000000000000003,COMPLETE
2484,2484,0.825,2026-04-05 02:37:32.011655,2026-04-05 02:38:06.153920,0 days 00:00:34.142265,377,1,119.0,155.8,0.08,COMPLETE
2485,2485,0.825,2026-04-05 02:38:06.168066,2026-04-05 02:38:40.465436,0 days 00:00:34.297370,377,3,123.1,153.3,0.05,COMPLETE
2486,2486,0.6875,2026-04-05 02:38:40.475782,2026-04-05 02:38:47.747641,0 days 00:00:07.271859,416,1,115.6,156.6,0.05,COMPLETE
2487,2487,0.6875,2026-04-05 02:38:47.760657,2026-04-05 02:38:54.668429,0 days 00:00:06.907772,445,2,116.0,153.1,0.21,COMPLETE
2488,2488,0.6875,2026-04-05 02:38:54.682054,2026-04-05 02:39:01.217695,0 days 00:00:06.535641,440,1,117.5,153.7,0.4,COMPLETE
2489,2489,0.6875,2026-04-05 02:39:01.321550,2026-04-05 02:39:07.918534,0 days 00:00:06.596984,443,1,118.1,152.5,0.16,COMPLETE
2490,2490,0.6875,2026-04-05 02:39:07.933113,2026-04-05 02:39:14.596652,0 days 00:00:06.663539,403,1,119.2,154.2,0.62,COMPLETE
2491,2491,0.015625,2026-04-05 02:39:14.610215,2026-04-05 02:39:21.295877,0 days 00:00:06.685662,384,1,115.6,154.6,0.02,COMPLETE
2492,2492,0.6875,2026-04-05 02:39:21.310013,2026-04-05 02:39:27.674302,0 days 00:00:06.364289,442,1,115.8,154.4,0.03,COMPLETE
2493,2493,0.6875,2026-04-05 02:39:27.685187,2026-04-05 02:39:34.369981,0 days 00:00:06.684794,389,1,117.2,153.7,0.55,COMPLETE
2494,2494,0.6875,2026-04-05 02:39:34.383856,2026-04-05 02:39:41.366919,0 days 00:00:06.983063,500,1,119.6,159.0,0.35000000000000003,COMPLETE
2495,2495,0.6875,2026-04-05 02:39:41.380410,2026-04-05 02:39:48.759979,0 days 00:00:07.379569,323,1,114.1,156.2,0.01,COMPLETE
2496,2496,0.6875,2026-04-05 02:39:48.773741,2026-04-05 02:39:55.873039,0 days 00:00:07.099298,280,1,118.7,153.6,0.58,COMPLETE
2497,2497,0.6875,2026-04-05 02:39:55.886688,2026-04-05 02:40:02.801096,0 days 00:00:06.914408,487,1,115.0,155.3,0.01,COMPLETE
2498,2498,0.6875,2026-04-05 02:40:02.812502,2026-04-05 02:40:09.376857,0 days 00:00:06.564355,495,1,113.8,154.9,0.37,COMPLETE
2499,2499,0.6875,2026-04-05 02:40:09.390098,2026-04-05 02:40:16.188759,0 days 00:00:06.798661,334,1,114.1,153.8,0.04,COMPLETE
2500,2500,0.825,2026-04-05 02:40:16.200968,2026-04-05 02:40:51.045598,0 days 00:00:34.844630,448,3,123.7,152.7,0.26,COMPLETE
2501,2501,0.6875,2026-04-05 02:40:51.059556,2026-04-05 02:40:58.142112,0 days 00:00:07.082556,442,3,125.6,158.9,1.43,COMPLETE
2502,2502,0.03125,2026-04-05 02:40:58.152212,2026-04-05 02:41:05.906845,0 days 00:00:07.754633,470,1,115.2,154.9,0.07,COMPLETE
2503,2503,0.6875,2026-04-05 02:41:05.919325,2026-04-05 02:41:12.619370,0 days 00:00:06.700045,439,1,113.5,153.3,0.12,COMPLETE
2504,2504,0.6875,2026-04-05 02:41:12.632770,2026-04-05 02:41:19.332664,0 days 00:00:06.699894,393,1,114.5,153.4,0.22,COMPLETE
2505,2505,0.6875,2026-04-05 02:41:19.343493,2026-04-05 02:41:26.128501,0 days 00:00:06.785008,413,2,115.9,157.5,0.29,COMPLETE
2506,2506,0.6875,2026-04-05 02:41:26.142803,2026-04-05 02:41:32.833016,0 days 00:00:06.690213,403,1,113.5,155.8,0.26,COMPLETE
2507,2507,0.6875,2026-04-05 02:41:32.846569,2026-04-05 02:41:39.585934,0 days 00:00:06.739365,409,1,113.1,154.1,0.13,COMPLETE
2508,2508,0.825,2026-04-05 02:41:39.599741,2026-04-05 02:42:13.711165,0 days 00:00:34.111424,365,1,117.8,152.4,0.02,COMPLETE
2509,2509,0.6875,2026-04-05 02:42:13.724341,2026-04-05 02:42:20.509066,0 days 00:00:06.784725,418,1,115.6,155.9,0.04,COMPLETE
2510,2510,0.6875,2026-04-05 02:42:20.522613,2026-04-05 02:42:27.164315,0 days 00:00:06.641702,473,1,116.0,153.2,0.15,COMPLETE
2511,2511,0.6875,2026-04-05 02:42:27.175901,2026-04-05 02:42:33.714610,0 days 00:00:06.538709,407,1,117.2,154.9,0.09,COMPLETE
2512,2512,0.825,2026-04-05 02:42:33.727795,2026-04-05 02:43:07.716926,0 days 00:00:33.989131,393,1,118.4,154.7,0.2,COMPLETE
2513,2513,0.6875,2026-04-05 02:43:07.730015,2026-04-05 02:43:14.580927,0 days 00:00:06.850912,452,1,115.6,155.3,0.12,COMPLETE
2514,2514,0.6875,2026-04-05 02:43:14.594415,2026-04-05 02:43:21.109390,0 days 00:00:06.514975,446,1,116.0,154.1,0.47000000000000003,COMPLETE
2515,2515,0.6875,2026-04-05 02:43:21.123545,2026-04-05 02:43:27.765032,0 days 00:00:06.641487,482,1,114.7,156.2,0.14,COMPLETE
2516,2516,0.6875,2026-04-05 02:43:27.778453,2026-04-05 02:43:34.613894,0 days 00:00:06.835441,477,1,113.0,158.3,0.4,COMPLETE
2517,2517,0.6875,2026-04-05 02:43:34.627276,2026-04-05 02:43:41.501336,0 days 00:00:06.874060,330,1,114.4,155.3,0.26,COMPLETE
2518,2518,0.6875,2026-04-05 02:43:41.515760,2026-04-05 02:43:48.128745,0 days 00:00:06.612985,436,1,115.1,156.1,0.19,COMPLETE
2519,2519,0.6875,2026-04-05 02:43:48.142453,2026-04-05 02:43:54.776731,0 days 00:00:06.634278,416,2,115.7,153.6,0.02,COMPLETE
2520,2520,0.6875,2026-04-05 02:43:54.789553,2026-04-05 02:44:01.323340,0 days 00:00:06.533787,384,1,114.1,152.6,0.19,COMPLETE
2521,2521,0.6875,2026-04-05 02:44:01.337087,2026-04-05 02:44:07.977707,0 days 00:00:06.640620,479,1,113.2,156.2,0.05,COMPLETE
2522,2522,0.825,2026-04-05 02:44:07.991082,2026-04-05 02:44:42.182090,0 days 00:00:34.191008,375,1,116.8,154.5,0.21,COMPLETE
2523,2523,0.6875,2026-04-05 02:44:42.195657,2026-04-05 02:44:48.776738,0 days 00:00:06.581081,467,2,115.0,153.8,0.02,COMPLETE
2524,2524,0.6875,2026-04-05 02:44:48.790577,2026-04-05 02:44:55.561110,0 days 00:00:06.770533,397,1,114.9,154.1,0.19,COMPLETE
2525,2525,0.6875,2026-04-05 02:44:55.571496,2026-04-05 02:45:02.149323,0 days 00:00:06.577827,350,1,117.2,154.1,0.28,COMPLETE
2526,2526,0.6875,2026-04-05 02:45:02.162695,2026-04-05 02:45:08.793522,0 days 00:00:06.630827,472,1,116.3,155.1,0.18,COMPLETE
2527,2527,0.6875,2026-04-05 02:45:08.806311,2026-04-05 02:45:15.477950,0 days 00:00:06.671639,450,1,115.6,157.7,0.12,COMPLETE
2528,2528,0.825,2026-04-05 02:45:15.491191,2026-04-05 02:45:49.763776,0 days 00:00:34.272585,311,1,118.8,155.1,0.21,COMPLETE
2529,2529,0.6875,2026-04-05 02:45:49.777232,2026-04-05 02:45:56.561937,0 days 00:00:06.784705,384,1,115.5,152.6,0.11,COMPLETE
2530,2530,0.6875,2026-04-05 02:45:56.575418,2026-04-05 02:46:03.080035,0 days 00:00:06.504617,426,1,115.7,154.2,0.2,COMPLETE
2531,2531,0.6875,2026-04-05 02:46:03.091144,2026-04-05 02:46:09.693915,0 days 00:00:06.602771,453,1,115.3,156.4,0.56,COMPLETE
2532,2532,0.6875,2026-04-05 02:46:09.703874,2026-04-05 02:46:16.038639,0 days 00:00:06.334765,428,1,115.6,156.6,0.41000000000000003,COMPLETE
2533,2533,0.825,2026-04-05 02:46:16.051657,2026-04-05 02:46:50.218491,0 days 00:00:34.166834,431,1,117.6,155.9,0.17,COMPLETE
2534,2534,0.6875,2026-04-05 02:46:50.231921,2026-04-05 02:46:57.057627,0 days 00:00:06.825706,422,1,115.8,155.6,0.14,COMPLETE
2535,2535,0.6875,2026-04-05 02:46:57.071241,2026-04-05 02:47:03.793100,0 days 00:00:06.721859,450,1,114.3,153.6,0.25,COMPLETE
2536,2536,0.6875,2026-04-05 02:47:03.806233,2026-04-05 02:47:10.415920,0 days 00:00:06.609687,440,1,114.5,155.3,0.17,COMPLETE
2537,2537,0.6875,2026-04-05 02:47:10.430336,2026-04-05 02:47:17.052349,0 days 00:00:06.622013,459,1,113.2,153.3,0.8200000000000001,COMPLETE
2538,2538,0.6875,2026-04-05 02:47:17.066283,2026-04-05 02:47:23.729426,0 days 00:00:06.663143,475,1,115.4,154.2,0.05,COMPLETE
2539,2539,0.6875,2026-04-05 02:47:23.742950,2026-04-05 02:47:30.343987,0 days 00:00:06.601037,466,1,116.2,155.1,0.03,COMPLETE
2540,2540,0.825,2026-04-05 02:47:30.357579,2026-04-05 02:48:04.430486,0 days 00:00:34.072907,485,1,118.5,155.7,0.2,COMPLETE
2541,2541,0.6875,2026-04-05 02:48:04.444077,2026-04-05 02:48:11.477671,0 days 00:00:07.033594,397,1,116.8,157.7,0.34,COMPLETE
2542,2542,0.6875,2026-04-05 02:48:11.490405,2026-04-05 02:48:18.242200,0 days 00:00:06.751795,344,1,114.4,154.0,0.35000000000000003,COMPLETE
2543,2543,0.6875,2026-04-05 02:48:18.256196,2026-04-05 02:48:25.007809,0 days 00:00:06.751613,453,1,113.1,154.1,0.04,COMPLETE
2544,2544,0.6875,2026-04-05 02:48:25.021749,2026-04-05 02:48:31.770520,0 days 00:00:06.748771,427,1,115.9,153.3,0.23,COMPLETE
2545,2545,0.6875,2026-04-05 02:48:31.784045,2026-04-05 02:48:38.458057,0 days 00:00:06.674012,448,1,116.6,156.2,0.52,COMPLETE
2546,2546,0.6875,2026-04-05 02:48:38.468384,2026-04-05 02:48:45.144197,0 days 00:00:06.675813,430,1,113.2,154.3,0.17,COMPLETE
2547,2547,0.6875,2026-04-05 02:48:45.158029,2026-04-05 02:48:51.889998,0 days 00:00:06.731969,449,1,113.9,157.3,0.01,COMPLETE
2548,2548,0.6875,2026-04-05 02:48:51.904154,2026-04-05 02:48:58.464894,0 days 00:00:06.560740,414,1,114.2,156.8,0.41000000000000003,COMPLETE
2549,2549,0.6875,2026-04-05 02:48:58.478199,2026-04-05 02:49:05.103035,0 days 00:00:06.624836,360,1,114.5,154.9,0.31,COMPLETE
2550,2550,0.6875,2026-04-05 02:49:05.116388,2026-04-05 02:49:11.743321,0 days 00:00:06.626933,417,1,116.5,153.7,0.16,COMPLETE
2551,2551,0.6875,2026-04-05 02:49:11.753611,2026-04-05 02:49:18.439917,0 days 00:00:06.686306,386,1,115.5,155.3,0.29,COMPLETE
2552,2552,0.6875,2026-04-05 02:49:18.453495,2026-04-05 02:49:26.350704,0 days 00:00:07.897209,215,1,124.9,154.4,0.47000000000000003,COMPLETE
2553,2553,0.825,2026-04-05 02:49:26.364039,2026-04-05 02:50:00.907013,0 days 00:00:34.542974,464,1,118.4,155.4,0.23,COMPLETE
2554,2554,0.6875,2026-04-05 02:50:00.920766,2026-04-05 02:50:07.710993,0 days 00:00:06.790227,438,2,114.1,154.9,0.15,COMPLETE
2555,2555,0.825,2026-04-05 02:50:07.724258,2026-04-05 02:50:41.852553,0 days 00:00:34.128295,482,1,118.2,155.2,0.15,COMPLETE
2556,2556,0.6875,2026-04-05 02:50:41.866026,2026-04-05 02:50:48.814784,0 days 00:00:06.948758,428,2,113.9,158.1,0.02,COMPLETE
2557,2557,0.6875,2026-04-05 02:50:48.828364,2026-04-05 02:50:55.653455,0 days 00:00:06.825091,419,1,114.6,155.2,0.03,COMPLETE
2558,2558,0.6875,2026-04-05 02:50:55.667162,2026-04-05 02:51:02.143225,0 days 00:00:06.476063,384,1,114.3,156.6,0.02,COMPLETE
2559,2559,0.6875,2026-04-05 02:51:02.153860,2026-04-05 02:51:09.797432,0 days 00:00:07.643572,447,3,123.9,150.7,0.46,COMPLETE
2560,2560,0.6875,2026-04-05 02:51:09.811620,2026-04-05 02:51:17.074787,0 days 00:00:07.263167,470,1,116.2,155.0,0.32,COMPLETE
2561,2561,0.6875,2026-04-05 02:51:17.088520,2026-04-05 02:51:23.610604,0 days 00:00:06.522084,408,1,117.1,156.4,0.49,COMPLETE
2562,2562,0.6875,2026-04-05 02:51:23.619434,2026-04-05 02:51:30.270199,0 days 00:00:06.650765,484,2,115.5,155.3,0.32,COMPLETE
2563,2563,0.6875,2026-04-05 02:51:30.283651,2026-04-05 02:51:37.230868,0 days 00:00:06.947217,403,1,116.3,152.6,0.03,COMPLETE
2564,2564,0.6875,2026-04-05 02:51:37.244347,2026-04-05 02:51:43.930553,0 days 00:00:06.686206,387,1,117.3,154.2,0.11,COMPLETE
2565,2565,0.825,2026-04-05 02:51:43.940989,2026-04-05 02:52:17.870804,0 days 00:00:33.929815,483,1,116.2,153.3,0.0,COMPLETE
2566,2566,0.6875,2026-04-05 02:52:17.884626,2026-04-05 02:52:24.841045,0 days 00:00:06.956419,405,1,117.4,157.2,0.15,COMPLETE
2567,2567,0.6875,2026-04-05 02:52:24.854451,2026-04-05 02:52:31.600157,0 days 00:00:06.745706,458,1,114.9,153.2,0.42,COMPLETE
2568,2568,0.6875,2026-04-05 02:52:31.610483,2026-04-05 02:52:38.334099,0 days 00:00:06.723616,438,1,117.0,157.0,0.4,COMPLETE
2569,2569,0.6875,2026-04-05 02:52:38.347966,2026-04-05 02:52:45.057249,0 days 00:00:06.709283,338,1,116.9,155.6,0.11,COMPLETE
2570,2570,0.671875,2026-04-05 02:52:45.071579,2026-04-05 02:52:51.465473,0 days 00:00:06.393894,480,1,116.2,155.0,0.45,COMPLETE
2571,2571,0.825,2026-04-05 02:52:51.479376,2026-04-05 02:53:26.207734,0 days 00:00:34.728358,328,1,124.2,155.2,0.21,COMPLETE
2572,2572,0.6875,2026-04-05 02:53:26.221386,2026-04-05 02:53:33.413388,0 days 00:00:07.192002,365,1,116.6,155.9,0.11,COMPLETE
2573,2573,0.825,2026-04-05 02:53:33.427051,2026-04-05 02:54:07.940547,0 days 00:00:34.513496,500,3,124.1,153.3,0.14,COMPLETE
2574,2574,0.6875,2026-04-05 02:54:07.953817,2026-04-05 02:54:14.878583,0 days 00:00:06.924766,316,1,121.8,156.1,0.5700000000000001,COMPLETE
2575,2575,0.6875,2026-04-05 02:54:14.888171,2026-04-05 02:54:21.859263,0 days 00:00:06.971092,452,1,115.6,157.4,0.31,COMPLETE
2576,2576,0.6875,2026-04-05 02:54:21.873125,2026-04-05 02:54:28.739832,0 days 00:00:06.866707,279,1,113.5,157.3,1.83,COMPLETE
2577,2577,0.6875,2026-04-05 02:54:28.752833,2026-04-05 02:54:35.505483,0 days 00:00:06.752650,432,1,113.9,155.1,0.4,COMPLETE
2578,2578,0.6875,2026-04-05 02:54:35.515680,2026-04-05 02:54:42.296250,0 days 00:00:06.780570,423,1,116.4,155.0,0.44,COMPLETE
2579,2579,0.6875,2026-04-05 02:54:42.310150,2026-04-05 02:54:48.923725,0 days 00:00:06.613575,464,1,114.7,153.5,0.14,COMPLETE
2580,2580,0.825,2026-04-05 02:54:48.937338,2026-04-05 02:55:23.224882,0 days 00:00:34.287544,316,2,118.4,156.5,0.4,COMPLETE
2581,2581,0.6875,2026-04-05 02:55:23.238701,2026-04-05 02:55:29.935715,0 days 00:00:06.697014,425,1,116.6,153.3,0.04,COMPLETE
2582,2582,0.6875,2026-04-05 02:55:29.948782,2026-04-05 02:55:36.560277,0 days 00:00:06.611495,358,2,117.5,153.0,0.11,COMPLETE
2583,2583,0.6875,2026-04-05 02:55:36.574561,2026-04-05 02:55:43.117165,0 days 00:00:06.542604,441,1,117.1,154.8,0.04,COMPLETE
2584,2584,0.6875,2026-04-05 02:55:43.127052,2026-04-05 02:55:49.710561,0 days 00:00:06.583509,462,1,114.2,155.8,0.05,COMPLETE
2585,2585,0.825,2026-04-05 02:55:49.724722,2026-04-05 02:56:24.666260,0 days 00:00:34.941538,326,1,122.6,156.2,0.16,COMPLETE
2586,2586,0.825,2026-04-05 02:56:24.679659,2026-04-05 02:56:58.964749,0 days 00:00:34.285090,385,2,117.9,155.5,0.01,COMPLETE
2587,2587,0.6875,2026-04-05 02:56:58.974384,2026-04-05 02:57:05.531530,0 days 00:00:06.557146,344,1,116.4,154.8,0.15,COMPLETE
2588,2588,0.6875,2026-04-05 02:57:05.544887,2026-04-05 02:57:12.151001,0 days 00:00:06.606114,359,2,115.3,151.4,0.39,COMPLETE
2589,2589,0.6875,2026-04-05 02:57:12.160632,2026-04-05 02:57:18.752804,0 days 00:00:06.592172,487,1,114.3,154.7,0.0,COMPLETE
2590,2590,0.6875,2026-04-05 02:57:18.766562,2026-04-05 02:57:25.780363,0 days 00:00:07.013801,384,1,116.8,156.1,0.03,COMPLETE
2591,2591,0.6875,2026-04-05 02:57:25.794630,2026-04-05 02:57:32.347821,0 days 00:00:06.553191,468,1,116.5,157.5,0.08,COMPLETE
2592,2592,0.6875,2026-04-05 02:57:32.357580,2026-04-05 02:57:39.171716,0 days 00:00:06.814136,500,1,115.1,154.0,0.0,COMPLETE
2593,2593,0.6875,2026-04-05 02:57:39.186690,2026-04-05 02:57:46.172375,0 days 00:00:06.985685,451,1,117.9,158.8,0.0,COMPLETE
2594,2594,0.6875,2026-04-05 02:57:46.185586,2026-04-05 02:57:53.625114,0 days 00:00:07.439528,336,1,116.5,152.2,0.19,COMPLETE
2595,2595,0.6875,2026-04-05 02:57:53.638455,2026-04-05 02:58:00.766483,0 days 00:00:07.128028,448,2,123.3,153.5,0.97,COMPLETE
2596,2596,0.6875,2026-04-05 02:58:00.780388,2026-04-05 02:58:07.844848,0 days 00:00:07.064460,448,1,117.6,154.2,0.23,COMPLETE
2597,2597,0.6875,2026-04-05 02:58:07.857872,2026-04-05 02:58:14.825234,0 days 00:00:06.967362,308,1,120.7,154.7,0.48,COMPLETE
2598,2598,0.825,2026-04-05 02:58:14.838812,2026-04-05 02:58:20.188755,0 days 00:00:05.349943,376,1,116.0,155.1,0.13,COMPLETE
2599,2599,0.825,2026-04-05 02:58:20.202142,2026-04-05 02:58:25.045152,0 days 00:00:04.843010,366,1,116.2,155.4,0.03,COMPLETE
2600,2600,0.825,2026-04-05 02:58:25.058830,2026-04-05 02:58:59.529888,0 days 00:00:34.471058,494,1,123.0,157.1,0.93,COMPLETE
2601,2601,0.671875,2026-04-05 02:58:59.543127,2026-04-05 02:59:06.900192,0 days 00:00:07.357065,452,2,115.9,156.1,0.21,COMPLETE
2602,2602,0.6875,2026-04-05 02:59:06.914038,2026-04-05 02:59:13.649886,0 days 00:00:06.735848,403,1,116.4,153.6,0.0,COMPLETE
2603,2603,0.671875,2026-04-05 02:59:13.663771,2026-04-05 02:59:20.228780,0 days 00:00:06.565009,477,1,117.1,155.7,0.17,COMPLETE
2604,2604,0.6875,2026-04-05 02:59:20.242543,2026-04-05 02:59:27.080675,0 days 00:00:06.838132,489,1,113.3,156.0,0.41000000000000003,COMPLETE
2605,2605,0.6875,2026-04-05 02:59:27.094310,2026-04-05 02:59:34.658266,0 days 00:00:07.563956,350,1,120.4,159.2,0.11,COMPLETE
2606,2606,0.6875,2026-04-05 02:59:34.671502,2026-04-05 02:59:41.893225,0 days 00:00:07.221723,448,1,114.8,154.0,1.1,COMPLETE
2607,2607,0.6875,2026-04-05 02:59:41.907080,2026-04-05 02:59:48.580701,0 days 00:00:06.673621,398,1,115.5,154.9,0.12,COMPLETE
2608,2608,0.6875,2026-04-05 02:59:48.594480,2026-04-05 02:59:55.997581,0 days 00:00:07.403101,499,3,124.2,151.6,0.58,COMPLETE
2609,2609,0.6875,2026-04-05 02:59:56.011457,2026-04-05 03:00:03.344829,0 days 00:00:07.333372,308,2,120.7,157.7,0.04,COMPLETE
2610,2610,0.6875,2026-04-05 03:00:03.357799,2026-04-05 03:00:09.986067,0 days 00:00:06.628268,497,1,117.2,156.4,0.53,COMPLETE
2611,2611,0.671875,2026-04-05 03:00:09.999477,2026-04-05 03:00:17.501263,0 days 00:00:07.501786,471,3,125.1,149.9,0.26,COMPLETE
2612,2612,0.6875,2026-04-05 03:00:17.514503,2026-04-05 03:00:24.836819,0 days 00:00:07.322316,177,1,125.3,152.4,0.03,COMPLETE
2613,2613,0.015625,2026-04-05 03:00:24.850256,2026-04-05 03:00:32.113048,0 days 00:00:07.262792,454,1,116.6,155.0,0.03,COMPLETE
2614,2614,0.6875,2026-04-05 03:00:32.123457,2026-04-05 03:00:38.867370,0 days 00:00:06.743913,464,2,113.9,156.7,0.05,COMPLETE
2615,2615,0.6875,2026-04-05 03:00:38.880077,2026-04-05 03:00:45.713287,0 days 00:00:06.833210,380,2,115.0,154.1,0.32,COMPLETE
2616,2616,0.6875,2026-04-05 03:00:45.726893,2026-04-05 03:00:52.351882,0 days 00:00:06.624989,481,1,115.9,151.5,0.11,COMPLETE
2617,2617,0.6875,2026-04-05 03:00:52.366193,2026-04-05 03:00:59.745045,0 days 00:00:07.378852,307,1,122.7,155.3,0.34,COMPLETE
2618,2618,0.825,2026-04-05 03:00:59.759503,2026-04-05 03:01:14.678980,0 days 00:00:14.919477,473,1,118.5,153.9,0.14,COMPLETE
2619,2619,0.825,2026-04-05 03:01:14.693013,2026-04-05 03:01:20.088810,0 days 00:00:05.395797,493,1,116.7,155.2,0.12,COMPLETE
2620,2620,0.6875,2026-04-05 03:01:20.101756,2026-04-05 03:01:26.799847,0 days 00:00:06.698091,498,1,115.2,156.3,0.05,COMPLETE
2621,2621,0.825,2026-04-05 03:01:26.814459,2026-04-05 03:02:00.768501,0 days 00:00:33.954042,452,1,116.2,154.7,0.07,COMPLETE
2622,2622,0.0,2026-04-05 03:02:00.781888,2026-04-05 03:02:07.425990,0 days 00:00:06.644102,454,1,116.3,156.2,0.07,COMPLETE
2623,2623,0.6875,2026-04-05 03:02:07.439522,2026-04-05 03:02:13.843529,0 days 00:00:06.404007,448,1,116.1,155.9,0.28,COMPLETE
2624,2624,0.6875,2026-04-05 03:02:13.853162,2026-04-05 03:02:20.670664,0 days 00:00:06.817502,484,1,115.6,153.4,0.03,COMPLETE
2625,2625,0.825,2026-04-05 03:02:20.681575,2026-04-05 03:02:54.797999,0 days 00:00:34.116424,418,1,119.1,156.0,0.02,COMPLETE
2626,2626,0.6875,2026-04-05 03:02:54.808297,2026-04-05 03:03:01.638041,0 days 00:00:06.829744,416,1,115.1,157.5,0.13,COMPLETE
2627,2627,0.6875,2026-04-05 03:03:01.651638,2026-04-05 03:03:08.320887,0 days 00:00:06.669249,437,1,116.8,153.7,0.01,COMPLETE
2628,2628,0.6875,2026-04-05 03:03:08.334196,2026-04-05 03:03:14.944190,0 days 00:00:06.609994,469,1,116.8,156.3,0.09,COMPLETE
2629,2629,0.6875,2026-04-05 03:03:14.957549,2026-04-05 03:03:21.552300,0 days 00:00:06.594751,487,1,114.2,156.5,0.02,COMPLETE
2630,2630,0.6875,2026-04-05 03:03:21.566617,2026-04-05 03:03:28.588692,0 days 00:00:07.022075,485,1,117.1,152.6,0.62,COMPLETE
2631,2631,0.825,2026-04-05 03:03:28.602419,2026-04-05 03:04:02.624061,0 days 00:00:34.021642,414,1,117.2,154.6,0.05,COMPLETE
2632,2632,0.6875,2026-04-05 03:04:02.637818,2026-04-05 03:04:09.233499,0 days 00:00:06.595681,442,1,115.3,154.5,0.0,COMPLETE
2633,2633,0.6875,2026-04-05 03:04:09.243107,2026-04-05 03:04:15.840866,0 days 00:00:06.597759,444,1,116.5,157.0,0.27,COMPLETE
2634,2634,0.6875,2026-04-05 03:04:15.852723,2026-04-05 03:04:22.330026,0 days 00:00:06.477303,425,1,115.7,155.5,0.35000000000000003,COMPLETE
2635,2635,0.6875,2026-04-05 03:04:22.343527,2026-04-05 03:04:29.039816,0 days 00:00:06.696289,389,1,117.0,156.5,0.0,COMPLETE
2636,2636,0.6875,2026-04-05 03:04:29.053455,2026-04-05 03:04:35.630506,0 days 00:00:06.577051,482,1,116.0,158.2,0.05,COMPLETE
2637,2637,0.825,2026-04-05 03:04:35.644483,2026-04-05 03:05:09.696431,0 days 00:00:34.051948,491,1,117.7,155.6,0.3,COMPLETE
2638,2638,0.6875,2026-04-05 03:05:09.710344,2026-04-05 03:05:16.328550,0 days 00:00:06.618206,468,2,116.5,157.1,0.05,COMPLETE
2639,2639,0.6875,2026-04-05 03:05:16.342185,2026-04-05 03:05:22.700908,0 days 00:00:06.358723,460,1,115.8,157.0,0.32,COMPLETE
2640,2640,0.6875,2026-04-05 03:05:22.713907,2026-04-05 03:05:29.118761,0 days 00:00:06.404854,418,1,116.1,156.3,0.01,COMPLETE
2641,2641,0.825,2026-04-05 03:05:29.132544,2026-04-05 03:06:03.211782,0 days 00:00:34.079238,419,1,118.7,155.2,0.1,COMPLETE
2642,2642,0.6875,2026-04-05 03:06:03.225781,2026-04-05 03:06:10.147487,0 days 00:00:06.921706,493,1,113.6,153.8,0.34,COMPLETE
2643,2643,0.6875,2026-04-05 03:06:10.160193,2026-04-05 03:06:16.609949,0 days 00:00:06.449756,435,1,114.6,154.8,0.37,COMPLETE
2644,2644,0.6875,2026-04-05 03:06:16.623273,2026-04-05 03:06:23.129711,0 days 00:00:06.506438,393,1,115.1,153.4,0.01,COMPLETE
2645,2645,0.825,2026-04-05 03:06:23.143693,2026-04-05 03:06:57.226636,0 days 00:00:34.082943,456,1,118.0,156.4,0.1,COMPLETE
2646,2646,0.6875,2026-04-05 03:06:57.239872,2026-04-05 03:07:03.963553,0 days 00:00:06.723681,471,1,114.1,157.0,0.24,COMPLETE
2647,2647,0.825,2026-04-05 03:07:03.977778,2026-04-05 03:07:39.217761,0 days 00:00:35.239983,352,1,125.4,154.8,0.27,COMPLETE
2648,2648,0.825,2026-04-05 03:07:39.231318,2026-04-05 03:08:13.751635,0 days 00:00:34.520317,469,1,118.0,155.6,0.04,COMPLETE
2649,2649,0.825,2026-04-05 03:08:13.764839,2026-04-05 03:08:47.819657,0 days 00:00:34.054818,368,1,118.6,155.1,0.36,COMPLETE
2650,2650,0.825,2026-04-05 03:08:47.833054,2026-04-05 03:09:21.865630,0 days 00:00:34.032576,419,1,117.7,156.4,0.19,COMPLETE
2651,2651,0.825,2026-04-05 03:09:21.877918,2026-04-05 03:09:55.648552,0 days 00:00:33.770634,467,1,117.5,157.1,0.03,COMPLETE
2652,2652,0.6875,2026-04-05 03:09:55.662353,2026-04-05 03:10:02.450566,0 days 00:00:06.788213,445,1,116.4,154.6,0.26,COMPLETE
2653,2653,0.6875,2026-04-05 03:10:02.464033,2026-04-05 03:10:09.118055,0 days 00:00:06.654022,408,1,114.6,154.9,0.07,COMPLETE
2654,2654,0.6875,2026-04-05 03:10:09.131336,2026-04-05 03:10:15.944230,0 days 00:00:06.812894,415,1,113.3,151.4,0.11,COMPLETE
2655,2655,0.6875,2026-04-05 03:10:15.957610,2026-04-05 03:10:22.762193,0 days 00:00:06.804583,421,1,115.3,153.3,0.02,COMPLETE
2656,2656,0.6875,2026-04-05 03:10:22.775802,2026-04-05 03:10:29.363076,0 days 00:00:06.587274,409,1,113.6,155.9,0.01,COMPLETE
2657,2657,0.6875,2026-04-05 03:10:29.376697,2026-04-05 03:10:37.711147,0 days 00:00:08.334450,191,2,125.4,159.9,1.96,COMPLETE
2658,2658,0.6875,2026-04-05 03:10:37.724276,2026-04-05 03:10:45.524803,0 days 00:00:07.800527,466,1,115.4,156.6,0.09,COMPLETE
2659,2659,0.6875,2026-04-05 03:10:45.538139,2026-04-05 03:10:53.394136,0 days 00:00:07.855997,305,1,126.7,157.6,0.7000000000000001,COMPLETE
2660,2660,0.6875,2026-04-05 03:10:53.408061,2026-04-05 03:11:00.932620,0 days 00:00:07.524559,495,1,116.1,154.3,0.0,COMPLETE
2661,2661,0.6875,2026-04-05 03:11:00.945763,2026-04-05 03:11:07.626380,0 days 00:00:06.680617,381,1,115.8,155.4,0.43,COMPLETE
2662,2662,0.6875,2026-04-05 03:11:07.640854,2026-04-05 03:11:13.997970,0 days 00:00:06.357116,496,1,115.6,155.6,0.17,COMPLETE
2663,2663,0.825,2026-04-05 03:11:14.011162,2026-04-05 03:11:48.035064,0 days 00:00:34.023902,458,1,118.0,155.2,0.0,COMPLETE
2664,2664,0.6875,2026-04-05 03:11:48.048868,2026-04-05 03:11:54.782299,0 days 00:00:06.733431,426,2,115.5,156.3,0.14,COMPLETE
2665,2665,0.6875,2026-04-05 03:11:54.796371,2026-04-05 03:12:01.508376,0 days 00:00:06.712005,497,1,115.7,154.0,0.43,COMPLETE
2666,2666,0.825,2026-04-05 03:12:01.521801,2026-04-05 03:12:35.886953,0 days 00:00:34.365152,475,2,122.6,156.0,0.9,COMPLETE
2667,2667,0.825,2026-04-05 03:12:35.900567,2026-04-05 03:13:10.463616,0 days 00:00:34.563049,472,1,116.0,155.9,0.09,COMPLETE
2668,2668,0.6875,2026-04-05 03:13:10.476670,2026-04-05 03:13:17.449772,0 days 00:00:06.973102,402,1,113.4,158.7,0.14,COMPLETE
2669,2669,0.6875,2026-04-05 03:13:17.460134,2026-04-05 03:13:24.496180,0 days 00:00:07.036046,486,1,116.5,152.9,0.25,COMPLETE
2670,2670,0.6875,2026-04-05 03:13:24.509876,2026-04-05 03:13:31.512666,0 days 00:00:07.002790,410,1,117.6,157.5,0.04,COMPLETE
2671,2671,0.6875,2026-04-05 03:13:31.522774,2026-04-05 03:13:38.267593,0 days 00:00:06.744819,435,1,115.1,154.7,0.38,COMPLETE
2672,2672,0.6875,2026-04-05 03:13:38.281199,2026-04-05 03:13:44.973704,0 days 00:00:06.692505,427,2,113.5,152.0,0.05,COMPLETE
2673,2673,0.825,2026-04-05 03:13:44.987100,2026-04-05 03:14:19.361532,0 days 00:00:34.374432,449,1,118.1,156.6,0.03,COMPLETE
2674,2674,0.6875,2026-04-05 03:14:19.375063,2026-04-05 03:14:26.089774,0 days 00:00:06.714711,468,1,114.6,156.3,0.86,COMPLETE
2675,2675,0.6875,2026-04-05 03:14:26.100328,2026-04-05 03:14:33.180460,0 days 00:00:07.080132,325,2,117.4,152.2,0.77,COMPLETE
2676,2676,0.6875,2026-04-05 03:14:33.194113,2026-04-05 03:14:39.784342,0 days 00:00:06.590229,420,1,115.3,154.9,0.15,COMPLETE
2677,2677,0.6875,2026-04-05 03:14:39.798834,2026-04-05 03:14:46.489608,0 days 00:00:06.690774,422,2,113.8,156.3,0.45,COMPLETE
2678,2678,0.6875,2026-04-05 03:14:46.503055,2026-04-05 03:14:54.533663,0 days 00:00:08.030608,200,1,123.0,155.0,0.24,COMPLETE
2679,2679,0.6875,2026-04-05 03:14:54.547721,2026-04-05 03:15:01.715953,0 days 00:00:07.168232,433,1,115.9,155.8,0.17,COMPLETE
2680,2680,0.825,2026-04-05 03:15:01.725711,2026-04-05 03:15:36.142986,0 days 00:00:34.417275,304,1,121.7,156.3,0.09,COMPLETE
2681,2681,0.6875,2026-04-05 03:15:36.156761,2026-04-05 03:15:43.071322,0 days 00:00:06.914561,330,2,125.2,155.8,0.03,COMPLETE
2682,2682,0.6875,2026-04-05 03:15:43.085210,2026-04-05 03:15:50.111941,0 days 00:00:07.026731,196,2,123.2,155.9,0.42,COMPLETE
2683,2683,0.6875,2026-04-05 03:15:50.125792,2026-04-05 03:15:57.388154,0 days 00:00:07.262362,479,2,116.5,155.9,0.02,COMPLETE
2684,2684,0.825,2026-04-05 03:15:57.402095,2026-04-05 03:16:31.941743,0 days 00:00:34.539648,327,1,120.8,152.8,0.0,COMPLETE
2685,2685,0.6875,2026-04-05 03:16:31.955282,2026-04-05 03:16:38.837439,0 days 00:00:06.882157,434,2,116.7,155.2,0.21,COMPLETE
2686,2686,0.6875,2026-04-05 03:16:38.851037,2026-04-05 03:16:45.451814,0 days 00:00:06.600777,496,2,118.2,153.1,1.12,COMPLETE
2687,2687,0.6875,2026-04-05 03:16:45.461801,2026-04-05 03:16:52.560956,0 days 00:00:07.099155,260,2,120.9,155.4,0.37,COMPLETE
2688,2688,0.671875,2026-04-05 03:16:52.574634,2026-04-05 03:16:59.329117,0 days 00:00:06.754483,443,1,116.3,155.9,0.0,COMPLETE
2689,2689,0.825,2026-04-05 03:16:59.342963,2026-04-05 03:17:33.659310,0 days 00:00:34.316347,267,1,119.2,154.6,0.05,COMPLETE
2690,2690,0.6875,2026-04-05 03:17:33.672736,2026-04-05 03:17:40.421910,0 days 00:00:06.749174,368,2,115.4,155.7,0.01,COMPLETE
2691,2691,0.6875,2026-04-05 03:17:40.433967,2026-04-05 03:17:47.073258,0 days 00:00:06.639291,419,1,117.0,153.6,0.3,COMPLETE
2692,2692,0.825,2026-04-05 03:17:47.084863,2026-04-05 03:18:20.988507,0 days 00:00:33.903644,494,1,117.9,157.0,0.39,COMPLETE
2693,2693,0.825,2026-04-05 03:18:21.002824,2026-04-05 03:18:55.288058,0 days 00:00:34.285234,371,2,119.4,154.6,0.46,COMPLETE
2694,2694,0.6875,2026-04-05 03:18:55.302473,2026-04-05 03:19:02.267063,0 days 00:00:06.964590,402,1,114.5,153.3,0.5700000000000001,COMPLETE
2695,2695,0.825,2026-04-05 03:19:02.277259,2026-04-05 03:19:37.298317,0 days 00:00:35.021058,358,1,125.1,153.2,0.36,COMPLETE
2696,2696,0.6875,2026-04-05 03:19:37.311970,2026-04-05 03:19:44.364061,0 days 00:00:07.052091,352,1,120.0,153.8,0.2,COMPLETE
2697,2697,0.6875,2026-04-05 03:19:44.377047,2026-04-05 03:19:51.537436,0 days 00:00:07.160389,409,1,116.4,158.5,0.09,COMPLETE
2698,2698,0.6875,2026-04-05 03:19:51.550933,2026-04-05 03:19:59.200929,0 days 00:00:07.649996,289,1,124.5,152.4,0.55,COMPLETE
2699,2699,0.6875,2026-04-05 03:19:59.214463,2026-04-05 03:20:06.290723,0 days 00:00:07.076260,498,1,117.4,154.0,0.16,COMPLETE
2700,2700,0.6875,2026-04-05 03:20:06.304619,2026-04-05 03:20:13.247679,0 days 00:00:06.943060,334,2,121.5,153.2,0.39,COMPLETE
2701,2701,0.6875,2026-04-05 03:20:13.261381,2026-04-05 03:20:19.989698,0 days 00:00:06.728317,433,2,117.5,151.4,0.34,COMPLETE
2702,2702,0.6875,2026-04-05 03:20:20.003852,2026-04-05 03:20:27.568837,0 days 00:00:07.564985,256,2,126.4,154.0,0.14,COMPLETE
2703,2703,0.825,2026-04-05 03:20:27.582836,2026-04-05 03:21:02.259128,0 days 00:00:34.676292,377,2,118.1,156.1,0.52,COMPLETE
2704,2704,0.825,2026-04-05 03:21:02.272633,2026-04-05 03:21:36.327437,0 days 00:00:34.054804,446,1,118.5,152.8,0.02,COMPLETE
2705,2705,0.6875,2026-04-05 03:21:36.338409,2026-04-05 03:21:43.481378,0 days 00:00:07.142969,356,1,123.2,154.4,0.8,COMPLETE
2706,2706,0.825,2026-04-05 03:21:43.494850,2026-04-05 03:22:17.797319,0 days 00:00:34.302469,417,1,118.2,154.3,0.02,COMPLETE
2707,2707,0.825,2026-04-05 03:22:17.811581,2026-04-05 03:22:52.110164,0 days 00:00:34.298583,368,1,122.9,156.8,0.56,COMPLETE
2708,2708,0.825,2026-04-05 03:22:52.121852,2026-04-05 03:23:26.414140,0 days 00:00:34.292288,492,1,117.2,156.6,0.11,COMPLETE
2709,2709,0.6875,2026-04-05 03:23:26.427662,2026-04-05 03:23:33.361551,0 days 00:00:06.933889,439,1,116.4,152.7,1.07,COMPLETE
2710,2710,0.6875,2026-04-05 03:23:33.375077,2026-04-05 03:23:39.946632,0 days 00:00:06.571555,377,2,117.0,150.6,1.96,COMPLETE
2711,2711,0.6875,2026-04-05 03:23:39.958073,2026-04-05 03:23:46.707282,0 days 00:00:06.749209,340,1,120.6,152.1,0.42,COMPLETE
2712,2712,0.825,2026-04-05 03:23:46.720801,2026-04-05 03:24:20.941837,0 days 00:00:34.221036,404,1,116.6,153.7,0.0,COMPLETE
2713,2713,0.6875,2026-04-05 03:24:20.955734,2026-04-05 03:24:27.869589,0 days 00:00:06.913855,462,1,116.5,158.1,0.53,COMPLETE
2714,2714,0.6875,2026-04-05 03:24:27.883101,2026-04-05 03:24:35.040984,0 days 00:00:07.157883,278,1,121.7,155.6,0.24,COMPLETE
2715,2715,0.825,2026-04-05 03:24:35.052077,2026-04-05 03:25:09.053521,0 days 00:00:34.001444,389,1,124.0,155.8,0.0,COMPLETE
2716,2716,0.825,2026-04-05 03:25:09.067326,2026-04-05 03:25:43.112486,0 days 00:00:34.045160,384,1,120.7,156.1,0.4,COMPLETE
2717,2717,0.6875,2026-04-05 03:25:43.126212,2026-04-05 03:25:50.079297,0 days 00:00:06.953085,403,2,116.0,153.2,0.73,COMPLETE
2718,2718,0.6875,2026-04-05 03:25:50.092883,2026-04-05 03:25:56.565854,0 days 00:00:06.472971,439,2,117.5,153.1,0.04,COMPLETE
2719,2719,0.6875,2026-04-05 03:25:56.577519,2026-04-05 03:26:03.213413,0 days 00:00:06.635894,444,2,115.0,155.7,0.0,COMPLETE
2720,2720,0.6875,2026-04-05 03:26:03.223800,2026-04-05 03:26:09.626963,0 days 00:00:06.403163,466,1,115.8,156.0,0.03,COMPLETE
2721,2721,0.6875,2026-04-05 03:26:09.640665,2026-04-05 03:26:16.701605,0 days 00:00:07.060940,429,1,122.5,158.2,0.47000000000000003,COMPLETE
2722,2722,0.6875,2026-04-05 03:26:16.715354,2026-04-05 03:26:24.101142,0 days 00:00:07.385788,458,1,114.9,154.4,0.01,COMPLETE
2723,2723,0.825,2026-04-05 03:26:24.115091,2026-04-05 03:26:31.406921,0 days 00:00:07.291830,355,1,116.9,154.3,0.02,COMPLETE
2724,2724,0.825,2026-04-05 03:26:31.421013,2026-04-05 03:27:06.320332,0 days 00:00:34.899319,210,1,124.9,156.4,0.24,COMPLETE
2725,2725,0.6875,2026-04-05 03:27:06.333841,2026-04-05 03:27:13.068112,0 days 00:00:06.734271,394,1,127.0,159.0,0.38,COMPLETE
2726,2726,0.671875,2026-04-05 03:27:13.081691,2026-04-05 03:27:20.234890,0 days 00:00:07.153199,265,1,124.7,155.9,0.3,COMPLETE
2727,2727,0.825,2026-04-05 03:27:20.248478,2026-04-05 03:27:54.677188,0 days 00:00:34.428710,321,1,118.8,155.2,0.04,COMPLETE
2728,2728,0.6875,2026-04-05 03:27:54.691086,2026-04-05 03:28:01.536896,0 days 00:00:06.845810,338,2,119.8,152.5,0.76,COMPLETE
2729,2729,0.825,2026-04-05 03:28:01.547267,2026-04-05 03:28:35.668851,0 days 00:00:34.121584,320,1,122.4,154.6,0.02,COMPLETE
2730,2730,0.6875,2026-04-05 03:28:35.682620,2026-04-05 03:28:42.625975,0 days 00:00:06.943355,213,2,125.0,154.8,0.3,COMPLETE
2731,2731,0.6875,2026-04-05 03:28:42.640282,2026-04-05 03:28:49.318132,0 days 00:00:06.677850,496,2,121.2,155.9,0.75,COMPLETE
2732,2732,0.6875,2026-04-05 03:28:49.331492,2026-04-05 03:28:56.281298,0 days 00:00:06.949806,339,1,122.9,152.3,0.23,COMPLETE
2733,2733,0.825,2026-04-05 03:28:56.295591,2026-04-05 03:29:30.694029,0 days 00:00:34.398438,448,1,118.6,156.1,0.34,COMPLETE
2734,2734,0.6875,2026-04-05 03:29:30.708148,2026-04-05 03:29:37.475976,0 days 00:00:06.767828,450,1,116.7,155.0,1.11,COMPLETE
2735,2735,0.6875,2026-04-05 03:29:37.485644,2026-04-05 03:29:44.271294,0 days 00:00:06.785650,400,2,120.2,154.4,0.79,COMPLETE
2736,2736,0.6875,2026-04-05 03:29:44.285107,2026-04-05 03:29:51.414220,0 days 00:00:07.129113,300,2,125.5,154.3,0.51,COMPLETE
2737,2737,0.6875,2026-04-05 03:29:51.428385,2026-04-05 03:29:58.013250,0 days 00:00:06.584865,361,1,124.1,155.5,0.47000000000000003,COMPLETE
2738,2738,0.6875,2026-04-05 03:29:58.027600,2026-04-05 03:30:05.285169,0 days 00:00:07.257569,428,1,116.8,156.9,0.05,COMPLETE
2739,2739,0.6875,2026-04-05 03:30:05.298742,2026-04-05 03:30:11.881311,0 days 00:00:06.582569,409,2,117.5,157.4,0.05,COMPLETE
2740,2740,0.671875,2026-04-05 03:30:11.892570,2026-04-05 03:30:19.102420,0 days 00:00:07.209850,302,1,121.8,154.5,0.34,COMPLETE
2741,2741,0.6875,2026-04-05 03:30:19.117027,2026-04-05 03:30:25.996046,0 days 00:00:06.879019,271,1,126.2,154.3,0.77,COMPLETE
2742,2742,0.825,2026-04-05 03:30:26.007967,2026-04-05 03:31:00.291117,0 days 00:00:34.283150,246,1,122.7,157.3,0.02,COMPLETE
2743,2743,0.6875,2026-04-05 03:31:00.305284,2026-04-05 03:31:07.332170,0 days 00:00:07.026886,332,1,116.6,156.2,0.44,COMPLETE
2744,2744,0.6875,2026-04-05 03:31:07.344299,2026-04-05 03:31:14.029430,0 days 00:00:06.685131,486,1,113.0,154.1,1.21,COMPLETE
2745,2745,0.6875,2026-04-05 03:31:14.043467,2026-04-05 03:31:20.944828,0 days 00:00:06.901361,371,1,114.6,155.6,0.03,COMPLETE
2746,2746,0.6875,2026-04-05 03:31:20.958356,2026-04-05 03:31:27.581035,0 days 00:00:06.622679,484,2,114.5,157.6,0.35000000000000003,COMPLETE
2747,2747,0.6875,2026-04-05 03:31:27.595174,2026-04-05 03:31:35.557521,0 days 00:00:07.962347,361,1,125.7,158.3,0.1,COMPLETE
2748,2748,0.6875,2026-04-05 03:31:35.571698,2026-04-05 03:31:42.729042,0 days 00:00:07.157344,338,1,120.2,153.4,0.45,COMPLETE
2749,2749,0.6875,2026-04-05 03:31:42.738945,2026-04-05 03:31:49.521452,0 days 00:00:06.782507,410,1,117.5,155.9,0.39,COMPLETE
2750,2750,0.825,2026-04-05 03:31:49.535093,2026-04-05 03:32:23.496314,0 days 00:00:33.961221,433,1,116.1,155.7,0.05,COMPLETE
2751,2751,0.825,2026-04-05 03:32:23.510422,2026-04-05 03:32:58.322358,0 days 00:00:34.811936,288,1,124.5,154.9,0.01,COMPLETE
2752,2752,0.671875,2026-04-05 03:32:58.335943,2026-04-05 03:33:05.941423,0 days 00:00:07.605480,498,1,115.7,155.9,0.0,COMPLETE
2753,2753,0.6875,2026-04-05 03:33:05.954886,2026-04-05 03:33:13.151468,0 days 00:00:07.196582,303,1,118.4,151.2,0.07,COMPLETE
2754,2754,0.6875,2026-04-05 03:33:13.166275,2026-04-05 03:33:20.141947,0 days 00:00:06.975672,340,1,122.5,153.8,0.37,COMPLETE
2755,2755,0.671875,2026-04-05 03:33:20.155321,2026-04-05 03:33:27.120117,0 days 00:00:06.964796,466,1,117.5,154.9,0.03,COMPLETE
2756,2756,0.825,2026-04-05 03:33:27.134259,2026-04-05 03:34:01.278557,0 days 00:00:34.144298,363,1,118.4,156.8,0.36,COMPLETE
2757,2757,0.6875,2026-04-05 03:34:01.288668,2026-04-05 03:34:08.066098,0 days 00:00:06.777430,355,1,120.3,155.2,0.37,COMPLETE
2758,2758,0.825,2026-04-05 03:34:08.076442,2026-04-05 03:34:41.986832,0 days 00:00:33.910390,354,2,123.0,153.0,0.3,COMPLETE
2759,2759,0.6875,2026-04-05 03:34:41.997306,2026-04-05 03:34:48.728661,0 days 00:00:06.731355,272,1,121.8,152.1,0.3,COMPLETE
2760,2760,0.6875,2026-04-05 03:34:48.738471,2026-04-05 03:34:55.404211,0 days 00:00:06.665740,251,1,125.0,154.4,0.43,COMPLETE
2761,2761,0.6875,2026-04-05 03:34:55.415357,2026-04-05 03:35:02.998925,0 days 00:00:07.583568,445,1,114.1,151.7,0.37,COMPLETE
2762,2762,0.6875,2026-04-05 03:35:03.010099,2026-04-05 03:35:09.940505,0 days 00:00:06.930406,406,1,120.2,151.3,0.74,COMPLETE
2763,2763,0.6875,2026-04-05 03:35:09.951435,2026-04-05 03:35:16.879546,0 days 00:00:06.928111,400,2,122.4,155.7,0.66,COMPLETE
2764,2764,0.6875,2026-04-05 03:35:16.893523,2026-04-05 03:35:23.923618,0 days 00:00:07.030095,452,1,117.0,154.0,0.28,COMPLETE
2765,2765,0.6875,2026-04-05 03:35:23.935242,2026-04-05 03:35:30.420671,0 days 00:00:06.485429,440,1,116.3,154.5,0.68,COMPLETE
2766,2766,0.6875,2026-04-05 03:35:30.433519,2026-04-05 03:35:37.669409,0 days 00:00:07.235890,491,2,124.1,155.4,0.71,COMPLETE
2767,2767,0.6875,2026-04-05 03:35:37.684091,2026-04-05 03:35:44.862389,0 days 00:00:07.178298,246,2,122.4,154.2,0.44,COMPLETE
2768,2768,0.825,2026-04-05 03:35:44.876374,2026-04-05 03:36:01.554805,0 days 00:00:16.678431,309,1,125.6,151.0,0.0,COMPLETE
2769,2769,0.6875,2026-04-05 03:36:01.568214,2026-04-05 03:36:08.298288,0 days 00:00:06.730074,418,3,124.8,153.3,0.79,COMPLETE
2770,2770,0.825,2026-04-05 03:36:08.312336,2026-04-05 03:36:42.542874,0 days 00:00:34.230538,338,1,122.2,155.5,0.01,COMPLETE
2771,2771,0.825,2026-04-05 03:36:42.557052,2026-04-05 03:37:16.621121,0 days 00:00:34.064069,383,1,119.2,153.0,0.32,COMPLETE
2772,2772,0.6875,2026-04-05 03:37:16.634898,2026-04-05 03:37:23.325596,0 days 00:00:06.690698,386,2,115.6,152.8,0.01,COMPLETE
2773,2773,0.6875,2026-04-05 03:37:23.339481,2026-04-05 03:37:30.985381,0 days 00:00:07.645900,355,1,126.6,156.8,0.46,COMPLETE
2774,2774,0.825,2026-04-05 03:37:30.999281,2026-04-05 03:37:36.688685,0 days 00:00:05.689404,195,2,124.9,152.9,0.01,COMPLETE
2775,2775,0.6875,2026-04-05 03:37:36.698923,2026-04-05 03:37:43.384841,0 days 00:00:06.685918,318,2,121.9,151.5,0.36,COMPLETE
2776,2776,0.6875,2026-04-05 03:37:43.398542,2026-04-05 03:37:50.104731,0 days 00:00:06.706189,314,1,123.9,153.3,0.23,COMPLETE
2777,2777,0.6875,2026-04-05 03:37:50.118405,2026-04-05 03:37:57.118574,0 days 00:00:07.000169,331,2,118.9,151.7,0.0,COMPLETE
2778,2778,0.6875,2026-04-05 03:37:57.132121,2026-04-05 03:38:04.080649,0 days 00:00:06.948528,391,2,116.2,155.8,0.35000000000000003,COMPLETE
2779,2779,0.825,2026-04-05 03:38:04.094405,2026-04-05 03:39:00.438334,0 days 00:00:56.343929,388,1,124.1,153.9,0.31,COMPLETE
2780,2780,0.6875,2026-04-05 03:39:00.452508,2026-04-05 03:39:07.166804,0 days 00:00:06.714296,425,2,121.4,154.1,0.88,COMPLETE
2781,2781,0.6875,2026-04-05 03:39:07.180944,2026-04-05 03:39:14.377638,0 days 00:00:07.196694,403,1,113.3,155.4,0.02,COMPLETE
2782,2782,0.6875,2026-04-05 03:39:14.391259,2026-04-05 03:39:21.727012,0 days 00:00:07.335753,332,1,120.2,154.9,0.68,COMPLETE
2783,2783,0.671875,2026-04-05 03:39:21.740751,2026-04-05 03:39:28.839493,0 days 00:00:07.098742,409,2,125.9,156.8,0.54,COMPLETE
2784,2784,0.6875,2026-04-05 03:39:28.853629,2026-04-05 03:39:35.490028,0 days 00:00:06.636399,444,2,122.6,155.2,0.7000000000000001,COMPLETE
2785,2785,0.6875,2026-04-05 03:39:35.503607,2026-04-05 03:39:42.388249,0 days 00:00:06.884642,260,1,119.7,155.3,0.47000000000000003,COMPLETE
2786,2786,0.6875,2026-04-05 03:39:42.399149,2026-04-05 03:39:49.274504,0 days 00:00:06.875355,456,2,115.4,154.7,0.93,COMPLETE
2787,2787,0.6875,2026-04-05 03:39:49.288380,2026-04-05 03:39:55.839965,0 days 00:00:06.551585,487,1,113.9,155.8,1.3800000000000001,COMPLETE
2788,2788,0.6875,2026-04-05 03:39:55.853868,2026-04-05 03:40:02.627983,0 days 00:00:06.774115,495,2,117.0,156.8,0.41000000000000003,COMPLETE
2789,2789,0.6875,2026-04-05 03:40:02.641902,2026-04-05 03:40:09.747609,0 days 00:00:07.105707,457,3,124.2,157.7,0.52,COMPLETE
2790,2790,0.6875,2026-04-05 03:40:09.759166,2026-04-05 03:40:16.498036,0 days 00:00:06.738870,325,1,124.1,157.1,0.3,COMPLETE
2791,2791,0.6875,2026-04-05 03:40:16.508959,2026-04-05 03:40:23.828774,0 days 00:00:07.319815,464,2,115.9,154.0,0.3,COMPLETE
2792,2792,0.6875,2026-04-05 03:40:23.843071,2026-04-05 03:40:31.148287,0 days 00:00:07.305216,443,1,122.8,148.2,0.43,COMPLETE
2793,2793,0.6875,2026-04-05 03:40:31.162415,2026-04-05 03:40:38.193562,0 days 00:00:07.031147,354,1,121.3,152.7,0.62,COMPLETE
2794,2794,0.6875,2026-04-05 03:40:38.204113,2026-04-05 03:40:45.241978,0 days 00:00:07.037865,444,2,126.2,157.6,1.08,COMPLETE
2795,2795,0.825,2026-04-05 03:40:45.255741,2026-04-05 03:40:51.042078,0 days 00:00:05.786337,442,2,118.0,154.4,0.28,COMPLETE
2796,2796,0.6875,2026-04-05 03:40:51.056819,2026-04-05 03:40:57.777709,0 days 00:00:06.720890,495,1,114.8,156.3,0.34,COMPLETE
2797,2797,0.825,2026-04-05 03:40:57.791777,2026-04-05 03:41:32.614354,0 days 00:00:34.822577,360,2,122.4,155.8,0.32,COMPLETE
2798,2798,0.825,2026-04-05 03:41:32.627945,2026-04-05 03:42:06.906768,0 days 00:00:34.278823,281,1,125.6,155.9,0.16,COMPLETE
2799,2799,0.6875,2026-04-05 03:42:06.920479,2026-04-05 03:42:13.526920,0 days 00:00:06.606441,320,2,123.8,156.9,0.35000000000000003,COMPLETE
2800,2800,0.6875,2026-04-05 03:42:13.540646,2026-04-05 03:42:20.389603,0 days 00:00:06.848957,381,1,124.2,151.4,0.36,COMPLETE
2801,2801,0.6875,2026-04-05 03:42:20.399995,2026-04-05 03:42:27.494072,0 days 00:00:07.094077,383,2,117.0,153.8,0.37,COMPLETE
2802,2802,0.6875,2026-04-05 03:42:27.507996,2026-04-05 03:42:33.983833,0 days 00:00:06.475837,369,1,116.2,152.4,0.46,COMPLETE
2803,2803,0.6875,2026-04-05 03:42:33.997340,2026-04-05 03:42:41.651693,0 days 00:00:07.654353,216,1,125.5,155.8,0.55,COMPLETE
2804,2804,0.6875,2026-04-05 03:42:41.665809,2026-04-05 03:42:48.283298,0 days 00:00:06.617489,270,1,122.2,156.7,0.63,COMPLETE
2805,2805,0.6875,2026-04-05 03:42:48.297579,2026-04-05 03:42:55.250953,0 days 00:00:06.953374,424,1,116.0,156.7,0.09,COMPLETE
2806,2806,0.6875,2026-04-05 03:42:55.261312,2026-04-05 03:43:02.958100,0 days 00:00:07.696788,294,1,126.2,155.0,0.46,COMPLETE
2807,2807,0.6875,2026-04-05 03:43:02.967977,2026-04-05 03:43:09.626819,0 days 00:00:06.658842,364,1,122.4,154.3,0.23,COMPLETE
2808,2808,0.6875,2026-04-05 03:43:09.640458,2026-04-05 03:43:16.401565,0 days 00:00:06.761107,481,1,118.8,154.5,0.96,COMPLETE
2809,2809,0.825,2026-04-05 03:43:16.415785,2026-04-05 03:43:50.643830,0 days 00:00:34.228045,301,2,121.4,155.1,0.0,COMPLETE
2810,2810,0.6875,2026-04-05 03:43:50.658141,2026-04-05 03:43:57.328478,0 days 00:00:06.670337,330,1,123.9,155.5,0.88,COMPLETE
2811,2811,0.6875,2026-04-05 03:43:57.342442,2026-04-05 03:44:04.006270,0 days 00:00:06.663828,388,2,120.1,154.2,0.18,COMPLETE
2812,2812,0.6875,2026-04-05 03:44:04.016024,2026-04-05 03:44:10.903651,0 days 00:00:06.887627,312,2,123.8,154.9,0.2,COMPLETE
2813,2813,0.6875,2026-04-05 03:44:10.917920,2026-04-05 03:44:17.847482,0 days 00:00:06.929562,409,2,120.6,151.3,0.62,COMPLETE
2814,2814,0.6875,2026-04-05 03:44:17.861387,2026-04-05 03:44:24.915639,0 days 00:00:07.054252,270,3,123.2,155.1,0.44,COMPLETE
2815,2815,0.825,2026-04-05 03:44:24.925597,2026-04-05 03:44:38.880923,0 days 00:00:13.955326,362,1,116.1,153.7,0.0,COMPLETE
2816,2816,0.6875,2026-04-05 03:44:38.895757,2026-04-05 03:44:46.204424,0 days 00:00:07.308667,233,1,122.3,155.8,0.2,COMPLETE
2817,2817,0.6875,2026-04-05 03:44:46.218390,2026-04-05 03:44:52.676911,0 days 00:00:06.458521,439,1,122.4,155.2,0.98,COMPLETE
2818,2818,0.6875,2026-04-05 03:44:52.691828,2026-04-05 03:44:59.376126,0 days 00:00:06.684298,408,1,120.5,151.8,0.46,COMPLETE
2819,2819,0.6875,2026-04-05 03:44:59.386455,2026-04-05 03:45:06.507372,0 days 00:00:07.120917,416,2,113.4,153.9,0.84,COMPLETE
2820,2820,0.6875,2026-04-05 03:45:06.520706,2026-04-05 03:45:13.115533,0 days 00:00:06.594827,416,1,115.8,154.8,0.31,COMPLETE
2821,2821,0.6875,2026-04-05 03:45:13.129412,2026-04-05 03:45:19.893641,0 days 00:00:06.764229,361,2,118.7,151.3,0.49,COMPLETE
2822,2822,0.6875,2026-04-05 03:45:19.906450,2026-04-05 03:45:26.746116,0 days 00:00:06.839666,452,2,122.8,154.3,0.63,COMPLETE
2823,2823,0.6875,2026-04-05 03:45:26.759910,2026-04-05 03:45:33.250921,0 days 00:00:06.491011,414,1,123.7,155.0,0.5,COMPLETE
2824,2824,0.6875,2026-04-05 03:45:33.261175,2026-04-05 03:45:40.146194,0 days 00:00:06.885019,392,1,126.6,154.9,0.11,COMPLETE
2825,2825,0.825,2026-04-05 03:45:40.159860,2026-04-05 03:46:14.461693,0 days 00:00:34.301833,402,1,120.3,156.7,0.53,COMPLETE
2826,2826,0.6875,2026-04-05 03:46:14.472113,2026-04-05 03:46:22.114313,0 days 00:00:07.642200,199,2,126.8,157.3,0.5,COMPLETE
2827,2827,0.6875,2026-04-05 03:46:22.129152,2026-04-05 03:46:28.857990,0 days 00:00:06.728838,315,1,124.7,154.5,0.39,COMPLETE
2828,2828,0.6875,2026-04-05 03:46:28.871927,2026-04-05 03:46:35.711029,0 days 00:00:06.839102,381,1,120.7,155.6,0.53,COMPLETE
2829,2829,0.6875,2026-04-05 03:46:35.724684,2026-04-05 03:46:42.410997,0 days 00:00:06.686313,398,1,118.2,153.9,0.35000000000000003,COMPLETE
2830,2830,0.6875,2026-04-05 03:46:42.425312,2026-04-05 03:46:49.438682,0 days 00:00:07.013370,367,1,114.9,158.0,0.3,COMPLETE
2831,2831,0.6875,2026-04-05 03:46:49.451907,2026-04-05 03:46:56.239176,0 days 00:00:06.787269,452,1,113.4,155.5,0.26,COMPLETE
2832,2832,0.6875,2026-04-05 03:46:56.250376,2026-04-05 03:47:03.627567,0 days 00:00:07.377191,387,1,122.7,154.2,0.62,COMPLETE
2833,2833,0.6875,2026-04-05 03:47:03.640662,2026-04-05 03:47:11.067080,0 days 00:00:07.426418,485,2,113.0,154.8,0.18,COMPLETE
2834,2834,0.6875,2026-04-05 03:47:11.081357,2026-04-05 03:47:18.519115,0 days 00:00:07.437758,388,1,120.2,150.8,0.18,COMPLETE
2835,2835,0.6875,2026-04-05 03:47:18.533625,2026-04-05 03:47:25.538369,0 days 00:00:07.004744,352,2,125.5,154.7,0.67,COMPLETE
2836,2836,0.6875,2026-04-05 03:47:25.552140,2026-04-05 03:47:32.589077,0 days 00:00:07.036937,204,1,125.9,155.4,0.04,COMPLETE
2837,2837,0.6875,2026-04-05 03:47:32.602540,2026-04-05 03:47:39.843843,0 days 00:00:07.241303,299,1,117.9,154.7,0.49,COMPLETE
2838,2838,0.825,2026-04-05 03:47:39.857027,2026-04-05 03:48:14.281372,0 days 00:00:34.424345,493,2,122.6,157.3,0.64,COMPLETE
2839,2839,0.6875,2026-04-05 03:48:14.294904,2026-04-05 03:48:21.789624,0 days 00:00:07.494720,498,1,113.8,152.8,0.26,COMPLETE
2840,2840,0.671875,2026-04-05 03:48:21.803063,2026-04-05 03:48:28.933427,0 days 00:00:07.130364,332,2,119.4,153.9,0.13,COMPLETE
2841,2841,0.6875,2026-04-05 03:48:28.944093,2026-04-05 03:48:35.701703,0 days 00:00:06.757610,424,1,114.7,154.3,0.05,COMPLETE
2842,2842,0.6875,2026-04-05 03:48:35.715849,2026-04-05 03:48:43.277556,0 days 00:00:07.561707,327,2,121.6,155.0,0.72,COMPLETE
2843,2843,0.6875,2026-04-05 03:48:43.291261,2026-04-05 03:48:50.011612,0 days 00:00:06.720351,291,1,124.0,154.0,0.4,COMPLETE
2844,2844,0.6875,2026-04-05 03:48:50.025687,2026-04-05 03:48:57.123152,0 days 00:00:07.097465,441,1,119.6,157.9,0.17,COMPLETE
2845,2845,0.6875,2026-04-05 03:48:57.136329,2026-04-05 03:49:04.040297,0 days 00:00:06.903968,477,1,115.6,154.5,0.3,COMPLETE
2846,2846,0.6875,2026-04-05 03:49:04.054707,2026-04-05 03:49:10.585500,0 days 00:00:06.530793,492,2,116.0,154.1,0.02,COMPLETE
2847,2847,0.825,2026-04-05 03:49:10.599082,2026-04-05 03:49:45.394920,0 days 00:00:34.795838,366,1,124.8,155.1,0.28,COMPLETE
2848,2848,0.6875,2026-04-05 03:49:45.408752,2026-04-05 03:49:52.891805,0 days 00:00:07.483053,479,2,116.2,150.3,0.01,COMPLETE
2849,2849,0.6875,2026-04-05 03:49:52.901746,2026-04-05 03:49:59.782264,0 days 00:00:06.880518,444,1,115.0,155.3,0.06,COMPLETE
2850,2850,0.6875,2026-04-05 03:49:59.797442,2026-04-05 03:50:06.994262,0 days 00:00:07.196820,388,1,121.5,154.1,0.67,COMPLETE
2851,2851,0.6875,2026-04-05 03:50:07.007869,2026-04-05 03:50:14.205552,0 days 00:00:07.197683,297,1,124.7,157.8,0.52,COMPLETE
2852,2852,0.6875,2026-04-05 03:50:14.219822,2026-04-05 03:50:21.611903,0 days 00:00:07.392081,451,1,116.8,155.0,0.39,COMPLETE
2853,2853,0.6875,2026-04-05 03:50:21.625758,2026-04-05 03:50:28.620362,0 days 00:00:06.994604,323,3,117.7,152.6,0.01,COMPLETE
2854,2854,0.6875,2026-04-05 03:50:28.634934,2026-04-05 03:50:35.847645,0 days 00:00:07.212711,449,1,126.2,152.4,0.38,COMPLETE
2855,2855,0.6875,2026-04-05 03:50:35.861054,2026-04-05 03:50:43.498315,0 days 00:00:07.637261,419,1,115.2,156.5,0.02,COMPLETE
2856,2856,0.6875,2026-04-05 03:50:43.511968,2026-04-05 03:50:50.030742,0 days 00:00:06.518774,443,1,115.5,158.2,0.01,COMPLETE
2857,2857,0.671875,2026-04-05 03:50:50.040461,2026-04-05 03:50:57.083896,0 days 00:00:07.043435,440,1,117.8,151.8,0.02,COMPLETE
2858,2858,0.6875,2026-04-05 03:50:57.097211,2026-04-05 03:51:04.609708,0 days 00:00:07.512497,319,2,126.6,151.6,0.37,COMPLETE
2859,2859,0.671875,2026-04-05 03:51:04.623699,2026-04-05 03:51:11.652880,0 days 00:00:07.029181,379,1,120.4,153.7,0.17,COMPLETE
2860,2860,0.6875,2026-04-05 03:51:11.666438,2026-04-05 03:51:18.536071,0 days 00:00:06.869633,282,1,124.0,154.7,0.19,COMPLETE
2861,2861,0.6875,2026-04-05 03:51:18.549885,2026-04-05 03:51:26.034218,0 days 00:00:07.484333,329,1,113.5,153.8,0.01,COMPLETE
2862,2862,0.6875,2026-04-05 03:51:26.048707,2026-04-05 03:51:33.824726,0 days 00:00:07.776019,262,2,123.4,153.8,0.1,COMPLETE
2863,2863,0.825,2026-04-05 03:51:33.838048,2026-04-05 03:52:08.019121,0 days 00:00:34.181073,356,1,119.3,154.4,0.02,COMPLETE
2864,2864,0.825,2026-04-05 03:52:08.032274,2026-04-05 03:52:42.325672,0 days 00:00:34.293398,402,2,123.5,153.3,0.35000000000000003,COMPLETE
2865,2865,0.825,2026-04-05 03:52:42.339612,2026-04-05 03:53:16.347506,0 days 00:00:34.007894,493,3,121.5,156.4,0.33,COMPLETE
2866,2866,0.825,2026-04-05 03:53:16.361644,2026-04-05 03:53:50.653215,0 days 00:00:34.291571,404,2,123.0,153.2,0.53,COMPLETE
2867,2867,0.671875,2026-04-05 03:53:50.667674,2026-04-05 03:53:57.280053,0 days 00:00:06.612379,498,3,122.6,154.3,0.71,COMPLETE
2868,2868,0.6875,2026-04-05 03:53:57.294086,2026-04-05 03:54:04.291291,0 days 00:00:06.997205,346,1,122.3,157.9,0.04,COMPLETE
2869,2869,0.825,2026-04-05 03:54:04.305550,2026-04-05 03:54:38.300976,0 days 00:00:33.995426,495,1,119.5,155.8,0.01,COMPLETE
2870,2870,0.6875,2026-04-05 03:54:38.315381,2026-04-05 03:54:45.744952,0 days 00:00:07.429571,257,1,124.5,154.1,0.21,COMPLETE
2871,2871,0.825,2026-04-05 03:54:45.758800,2026-04-05 03:55:19.760383,0 days 00:00:34.001583,345,1,125.7,153.7,0.11,COMPLETE
2872,2872,0.6875,2026-04-05 03:55:19.774271,2026-04-05 03:55:26.732887,0 days 00:00:06.958616,354,1,122.0,151.9,0.16,COMPLETE
2873,2873,0.6875,2026-04-05 03:55:26.746655,2026-04-05 03:55:33.251172,0 days 00:00:06.504517,353,1,122.6,152.7,0.41000000000000003,COMPLETE
2874,2874,0.6875,2026-04-05 03:55:33.265211,2026-04-05 03:55:39.982111,0 days 00:00:06.716900,315,1,121.5,150.7,0.4,COMPLETE
2875,2875,0.6875,2026-04-05 03:55:39.995999,2026-04-05 03:55:46.812834,0 days 00:00:06.816835,240,1,123.2,151.9,0.44,COMPLETE
2876,2876,0.6875,2026-04-05 03:55:46.826083,2026-04-05 03:55:53.701732,0 days 00:00:06.875649,495,2,122.0,154.6,0.8300000000000001,COMPLETE
2877,2877,0.825,2026-04-05 03:55:53.715462,2026-04-05 03:56:28.124891,0 days 00:00:34.409429,347,1,121.9,156.7,0.4,COMPLETE
2878,2878,0.6875,2026-04-05 03:56:28.135431,2026-04-05 03:56:34.936703,0 days 00:00:06.801272,415,2,124.6,154.8,0.85,COMPLETE
2879,2879,0.6875,2026-04-05 03:56:34.950372,2026-04-05 03:56:42.109180,0 days 00:00:07.158808,301,1,120.5,154.4,0.24,COMPLETE
2880,2880,0.825,2026-04-05 03:56:42.122978,2026-04-05 03:57:16.236433,0 days 00:00:34.113455,299,1,120.7,156.9,0.27,COMPLETE
2881,2881,0.6875,2026-04-05 03:57:16.250194,2026-04-05 03:57:23.002871,0 days 00:00:06.752677,476,1,117.6,154.3,0.05,COMPLETE
2882,2882,0.6875,2026-04-05 03:57:23.016441,2026-04-05 03:57:29.683998,0 days 00:00:06.667557,356,1,116.3,154.4,0.44,COMPLETE
2883,2883,0.6875,2026-04-05 03:57:29.697937,2026-04-05 03:57:36.643407,0 days 00:00:06.945470,444,2,120.4,152.3,0.5700000000000001,COMPLETE
2884,2884,0.6875,2026-04-05 03:57:36.656587,2026-04-05 03:57:43.271919,0 days 00:00:06.615332,481,2,122.8,152.7,0.6900000000000001,COMPLETE
2885,2885,0.6875,2026-04-05 03:57:43.285887,2026-04-05 03:57:50.299421,0 days 00:00:07.013534,365,2,121.1,150.8,0.08,COMPLETE
2886,2886,0.6875,2026-04-05 03:57:50.310730,2026-04-05 03:57:57.728374,0 days 00:00:07.417644,318,3,113.1,150.0,1.45,COMPLETE
2887,2887,0.825,2026-04-05 03:57:57.742549,2026-04-05 03:58:32.761285,0 days 00:00:35.018736,329,1,122.8,155.3,0.27,COMPLETE
2888,2888,0.6875,2026-04-05 03:58:32.775548,2026-04-05 03:58:40.157551,0 days 00:00:07.382003,485,1,113.9,154.8,0.81,COMPLETE
2889,2889,0.6875,2026-04-05 03:58:40.171188,2026-04-05 03:58:47.522019,0 days 00:00:07.350831,326,1,121.2,155.3,0.04,COMPLETE
2890,2890,0.6875,2026-04-05 03:58:47.536306,2026-04-05 03:58:54.483560,0 days 00:00:06.947254,478,1,115.3,154.7,1.08,COMPLETE
2891,2891,0.6875,2026-04-05 03:58:54.498009,2026-04-05 03:59:01.112232,0 days 00:00:06.614223,418,1,116.0,155.7,0.4,COMPLETE
2892,2892,0.825,2026-04-05 03:59:01.126032,2026-04-05 03:59:35.233849,0 days 00:00:34.107817,432,1,118.5,154.8,0.41000000000000003,COMPLETE
2893,2893,0.6875,2026-04-05 03:59:35.247939,2026-04-05 03:59:42.555242,0 days 00:00:07.307303,231,2,123.5,155.7,0.07,COMPLETE
2894,2894,0.6875,2026-04-05 03:59:42.569182,2026-04-05 03:59:49.948598,0 days 00:00:07.379416,388,1,114.0,154.3,0.02,COMPLETE
2895,2895,0.6875,2026-04-05 03:59:49.963106,2026-04-05 03:59:57.011732,0 days 00:00:07.048626,375,2,120.4,152.4,0.52,COMPLETE
2896,2896,0.6875,2026-04-05 03:59:57.023168,2026-04-05 04:00:04.056341,0 days 00:00:07.033173,492,2,126.7,155.6,0.79,COMPLETE
2897,2897,0.6875,2026-04-05 04:00:04.066342,2026-04-05 04:00:11.238805,0 days 00:00:07.172463,359,1,121.0,154.1,0.44,COMPLETE
2898,2898,0.825,2026-04-05 04:00:11.251560,2026-04-05 04:00:45.100736,0 days 00:00:33.849176,419,2,118.1,154.9,0.01,COMPLETE
2899,2899,0.6875,2026-04-05 04:00:45.114156,2026-04-05 04:00:52.016285,0 days 00:00:06.902129,365,1,116.9,150.3,0.43,COMPLETE
2900,2900,0.6875,2026-04-05 04:00:52.030058,2026-04-05 04:00:58.628114,0 days 00:00:06.598056,476,1,117.2,153.7,0.03,COMPLETE
2901,2901,0.6875,2026-04-05 04:00:58.639427,2026-04-05 04:01:05.296093,0 days 00:00:06.656666,464,2,120.8,153.1,0.66,COMPLETE
2902,2902,0.6875,2026-04-05 04:01:05.306229,2026-04-05 04:01:12.566606,0 days 00:00:07.260377,392,1,119.1,158.6,0.38,COMPLETE
2903,2903,0.6875,2026-04-05 04:01:12.580744,2026-04-05 04:01:19.946536,0 days 00:00:07.365792,183,2,121.4,153.6,0.35000000000000003,COMPLETE
2904,2904,0.825,2026-04-05 04:01:19.960364,2026-04-05 04:01:25.277198,0 days 00:00:05.316834,451,2,125.8,154.9,0.42,COMPLETE
2905,2905,0.6875,2026-04-05 04:01:25.288225,2026-04-05 04:01:32.216674,0 days 00:00:06.928449,301,1,126.1,153.1,0.11,COMPLETE
2906,2906,0.671875,2026-04-05 04:01:32.230626,2026-04-05 04:01:39.096081,0 days 00:00:06.865455,449,2,122.3,155.2,0.53,COMPLETE
2907,2907,0.825,2026-04-05 04:01:39.109268,2026-04-05 04:02:13.909084,0 days 00:00:34.799816,382,1,121.9,156.0,0.34,COMPLETE
2908,2908,0.825,2026-04-05 04:02:13.923061,2026-04-05 04:02:47.736127,0 days 00:00:33.813066,424,2,120.0,156.5,0.41000000000000003,COMPLETE
2909,2909,0.825,2026-04-05 04:02:47.748351,2026-04-05 04:03:21.771524,0 days 00:00:34.023173,376,1,124.0,156.7,0.25,COMPLETE
2910,2910,0.825,2026-04-05 04:03:21.785882,2026-04-05 04:03:29.483528,0 days 00:00:07.697646,434,1,116.3,154.6,0.01,COMPLETE
2911,2911,0.6875,2026-04-05 04:03:29.497498,2026-04-05 04:03:36.147659,0 days 00:00:06.650161,442,1,114.6,152.1,0.01,COMPLETE
2912,2912,0.825,2026-04-05 04:03:36.162360,2026-04-05 04:03:54.052099,0 days 00:00:17.889739,500,3,126.0,155.4,0.54,COMPLETE
2913,2913,0.825,2026-04-05 04:03:54.066111,2026-04-05 04:04:28.355968,0 days 00:00:34.289857,275,1,122.0,155.1,0.01,COMPLETE
2914,2914,0.6875,2026-04-05 04:04:28.369928,2026-04-05 04:04:35.575766,0 days 00:00:07.205838,499,1,115.0,158.1,0.35000000000000003,COMPLETE
2915,2915,0.6875,2026-04-05 04:04:35.586813,2026-04-05 04:04:42.201416,0 days 00:00:06.614603,481,1,116.1,155.5,0.55,COMPLETE
2916,2916,0.6875,2026-04-05 04:04:42.214799,2026-04-05 04:04:48.698917,0 days 00:00:06.484118,462,1,115.0,154.5,0.0,COMPLETE
2917,2917,0.825,2026-04-05 04:04:48.710504,2026-04-05 04:04:53.827004,0 days 00:00:05.116500,490,1,117.2,155.7,0.02,COMPLETE
2918,2918,0.6875,2026-04-05 04:04:53.841439,2026-04-05 04:05:00.514235,0 days 00:00:06.672796,499,1,115.0,153.5,0.89,COMPLETE
2919,2919,0.671875,2026-04-05 04:05:00.524747,2026-04-05 04:05:08.202653,0 days 00:00:07.677906,272,1,124.2,156.2,0.03,COMPLETE
2920,2920,0.825,2026-04-05 04:05:08.216135,2026-04-05 04:05:42.585951,0 days 00:00:34.369816,279,1,118.9,152.9,0.03,COMPLETE
2921,2921,0.6875,2026-04-05 04:05:42.599837,2026-04-05 04:05:49.426123,0 days 00:00:06.826286,310,1,122.6,154.4,0.62,COMPLETE
2922,2922,0.671875,2026-04-05 04:05:49.440321,2026-04-05 04:05:56.030951,0 days 00:00:06.590630,499,2,124.6,156.1,0.44,COMPLETE
2923,2923,0.6875,2026-04-05 04:05:56.044896,2026-04-05 04:06:03.456772,0 days 00:00:07.411876,430,1,115.6,152.0,0.53,COMPLETE
2924,2924,0.6875,2026-04-05 04:06:03.470424,2026-04-05 04:06:10.843003,0 days 00:00:07.372579,350,2,121.6,149.9,0.8300000000000001,COMPLETE
2925,2925,0.6875,2026-04-05 04:06:10.853439,2026-04-05 04:06:18.044673,0 days 00:00:07.191234,228,3,123.3,154.8,0.08,COMPLETE
2926,2926,0.825,2026-04-05 04:06:18.058218,2026-04-05 04:06:52.213974,0 days 00:00:34.155756,439,1,118.2,155.7,0.01,COMPLETE
2927,2927,0.6875,2026-04-05 04:06:52.228271,2026-04-05 04:06:59.140410,0 days 00:00:06.912139,256,1,120.9,154.7,0.54,COMPLETE
2928,2928,0.6875,2026-04-05 04:06:59.153875,2026-04-05 04:07:06.090549,0 days 00:00:06.936674,319,1,126.8,156.6,0.36,COMPLETE
2929,2929,0.6875,2026-04-05 04:07:06.104883,2026-04-05 04:07:13.787588,0 days 00:00:07.682705,316,2,115.9,153.0,0.04,COMPLETE
2930,2930,0.825,2026-04-05 04:07:13.801914,2026-04-05 04:07:47.769233,0 days 00:00:33.967319,421,1,117.0,154.7,0.04,COMPLETE
2931,2931,0.6875,2026-04-05 04:07:47.783074,2026-04-05 04:07:54.950199,0 days 00:00:07.167125,446,3,123.9,153.5,0.74,COMPLETE
2932,2932,0.671875,2026-04-05 04:07:54.960895,2026-04-05 04:08:01.770317,0 days 00:00:06.809422,394,2,119.3,151.9,0.28,COMPLETE
2933,2933,0.6875,2026-04-05 04:08:01.780702,2026-04-05 04:08:09.424789,0 days 00:00:07.644087,480,2,126.8,160.0,0.42,COMPLETE
2934,2934,0.6875,2026-04-05 04:08:09.438042,2026-04-05 04:08:17.058449,0 days 00:00:07.620407,274,2,122.4,152.9,0.46,COMPLETE
2935,2935,0.6875,2026-04-05 04:08:17.069768,2026-04-05 04:08:24.910473,0 days 00:00:07.840705,185,3,113.3,148.1,0.72,COMPLETE
2936,2936,0.825,2026-04-05 04:08:24.921531,2026-04-05 04:08:59.711189,0 days 00:00:34.789658,364,1,122.7,153.0,0.09,COMPLETE
2937,2937,0.6875,2026-04-05 04:08:59.724846,2026-04-05 04:09:07.029309,0 days 00:00:07.304463,478,1,115.1,154.7,0.27,COMPLETE
2938,2938,0.6875,2026-04-05 04:09:07.043129,2026-04-05 04:09:14.578362,0 days 00:00:07.535233,290,1,123.3,157.5,0.37,COMPLETE
2939,2939,0.6875,2026-04-05 04:09:14.588316,2026-04-05 04:09:21.491915,0 days 00:00:06.903599,270,1,120.6,154.6,0.0,COMPLETE
2940,2940,0.825,2026-04-05 04:09:21.505815,2026-04-05 04:09:55.536065,0 days 00:00:34.030250,306,1,123.8,153.8,0.04,COMPLETE
2941,2941,0.6875,2026-04-05 04:09:55.549688,2026-04-05 04:10:02.322626,0 days 00:00:06.772938,431,3,122.8,152.2,0.87,COMPLETE
2942,2942,0.6875,2026-04-05 04:10:02.336931,2026-04-05 04:10:09.334172,0 days 00:00:06.997241,420,2,117.6,151.3,0.12,COMPLETE
2943,2943,0.6875,2026-04-05 04:10:09.347669,2026-04-05 04:10:16.463843,0 days 00:00:07.116174,458,2,124.0,154.5,0.56,COMPLETE
2944,2944,0.825,2026-04-05 04:10:16.478047,2026-04-05 04:10:21.759453,0 days 00:00:05.281406,357,1,122.2,155.3,0.28,COMPLETE
2945,2945,0.6875,2026-04-05 04:10:21.773300,2026-04-05 04:10:28.946541,0 days 00:00:07.173241,306,2,119.9,150.2,0.48,COMPLETE
2946,2946,0.6875,2026-04-05 04:10:28.960452,2026-04-05 04:10:35.499205,0 days 00:00:06.538753,354,1,119.5,152.2,0.64,COMPLETE
2947,2947,0.825,2026-04-05 04:10:35.510880,2026-04-05 04:11:09.492044,0 days 00:00:33.981164,394,1,119.5,155.2,0.3,COMPLETE
2948,2948,0.825,2026-04-05 04:11:09.506572,2026-04-05 04:11:43.554119,0 days 00:00:34.047547,346,1,123.1,153.6,0.01,COMPLETE
2949,2949,0.6875,2026-04-05 04:11:43.563918,2026-04-05 04:11:50.998635,0 days 00:00:07.434717,434,1,113.7,156.1,0.44,COMPLETE
2950,2950,0.6875,2026-04-05 04:11:51.012436,2026-04-05 04:11:57.916009,0 days 00:00:06.903573,417,2,118.2,152.7,0.89,COMPLETE
2951,2951,0.6875,2026-04-05 04:11:57.930531,2026-04-05 04:12:04.535017,0 days 00:00:06.604486,448,2,115.9,155.1,0.51,COMPLETE
2952,2952,0.6875,2026-04-05 04:12:04.546236,2026-04-05 04:12:11.970261,0 days 00:00:07.424025,153,3,113.7,155.1,0.27,COMPLETE
2953,2953,0.6875,2026-04-05 04:12:11.984617,2026-04-05 04:12:19.174939,0 days 00:00:07.190322,457,2,121.5,154.5,0.64,COMPLETE
2954,2954,0.825,2026-04-05 04:12:19.189262,2026-04-05 04:12:53.177662,0 days 00:00:33.988400,430,3,121.8,156.1,0.65,COMPLETE
2955,2955,0.6875,2026-04-05 04:12:53.192285,2026-04-05 04:13:00.355647,0 days 00:00:07.163362,283,1,116.7,157.5,0.22,COMPLETE
2956,2956,0.6875,2026-04-05 04:13:00.369547,2026-04-05 04:13:07.054772,0 days 00:00:06.685225,380,1,113.9,156.5,0.36,COMPLETE
2957,2957,0.6875,2026-04-05 04:13:07.068666,2026-04-05 04:13:13.762040,0 days 00:00:06.693374,443,1,117.4,158.3,0.31,COMPLETE
2958,2958,0.825,2026-04-05 04:13:13.775903,2026-04-05 04:13:47.974701,0 days 00:00:34.198798,307,1,120.4,156.2,0.39,COMPLETE
2959,2959,0.6875,2026-04-05 04:13:47.988567,2026-04-05 04:13:54.919143,0 days 00:00:06.930576,372,3,117.2,152.2,0.3,COMPLETE
2960,2960,0.6875,2026-04-05 04:13:54.932522,2026-04-05 04:14:01.516815,0 days 00:00:06.584293,358,2,120.2,153.7,0.4,COMPLETE
2961,2961,0.825,2026-04-05 04:14:01.527459,2026-04-05 04:14:35.582433,0 days 00:00:34.054974,381,1,121.7,153.6,0.24,COMPLETE
2962,2962,0.6875,2026-04-05 04:14:35.596480,2026-04-05 04:14:42.364567,0 days 00:00:06.768087,436,2,118.0,154.2,0.73,COMPLETE
2963,2963,0.6875,2026-04-05 04:14:42.378624,2026-04-05 04:14:49.696781,0 days 00:00:07.318157,377,1,127.0,156.2,0.34,COMPLETE
2964,2964,0.825,2026-04-05 04:14:49.711250,2026-04-05 04:15:23.734421,0 days 00:00:34.023171,382,2,123.9,156.2,0.25,COMPLETE
2965,2965,0.825,2026-04-05 04:15:23.744550,2026-04-05 04:15:58.032114,0 days 00:00:34.287564,441,1,118.0,153.6,0.01,COMPLETE
2966,2966,0.6875,2026-04-05 04:15:58.041980,2026-04-05 04:16:04.703236,0 days 00:00:06.661256,445,1,116.6,155.4,0.4,COMPLETE
2967,2967,0.6875,2026-04-05 04:16:04.716952,2026-04-05 04:16:11.894845,0 days 00:00:07.177893,486,1,123.5,151.4,0.7000000000000001,COMPLETE
2968,2968,0.6875,2026-04-05 04:16:11.908167,2026-04-05 04:16:18.548830,0 days 00:00:06.640663,427,2,123.4,154.5,0.41000000000000003,COMPLETE
2969,2969,0.825,2026-04-05 04:16:18.562970,2026-04-05 04:16:23.673211,0 days 00:00:05.110241,500,2,122.2,152.8,0.44,COMPLETE
2970,2970,0.6875,2026-04-05 04:16:23.688513,2026-04-05 04:16:30.478772,0 days 00:00:06.790259,284,1,122.2,153.7,0.37,COMPLETE
2971,2971,0.6875,2026-04-05 04:16:30.492473,2026-04-05 04:16:37.836185,0 days 00:00:07.343712,383,1,113.0,151.6,1.0,COMPLETE
2972,2972,0.6875,2026-04-05 04:16:37.850048,2026-04-05 04:16:44.977501,0 days 00:00:07.127453,336,1,120.0,154.8,0.46,COMPLETE
2973,2973,0.825,2026-04-05 04:16:44.991515,2026-04-05 04:17:19.166713,0 days 00:00:34.175198,357,1,125.0,154.6,0.41000000000000003,COMPLETE
2974,2974,0.825,2026-04-05 04:17:19.182111,2026-04-05 04:17:53.738372,0 days 00:00:34.556261,322,1,118.7,157.4,0.07,COMPLETE
2975,2975,0.6875,2026-04-05 04:17:53.751929,2026-04-05 04:18:00.763649,0 days 00:00:07.011720,396,1,121.7,152.5,0.43,COMPLETE
2976,2976,0.6875,2026-04-05 04:18:00.777662,2026-04-05 04:18:07.554855,0 days 00:00:06.777193,410,2,117.0,152.7,0.33,COMPLETE
2977,2977,0.6875,2026-04-05 04:18:07.568791,2026-04-05 04:18:15.334274,0 days 00:00:07.765483,222,1,124.6,152.6,1.4000000000000001,COMPLETE
2978,2978,0.6875,2026-04-05 04:18:15.348175,2026-04-05 04:18:22.841176,0 days 00:00:07.493001,498,1,115.5,157.7,0.11,COMPLETE
2979,2979,0.825,2026-04-05 04:18:22.855630,2026-04-05 04:18:57.987827,0 days 00:00:35.132197,499,2,125.9,154.4,0.04,COMPLETE
2980,2980,0.6875,2026-04-05 04:18:58.001649,2026-04-05 04:19:04.912243,0 days 00:00:06.910594,299,1,127.0,155.0,0.04,COMPLETE
2981,2981,0.825,2026-04-05 04:19:04.922795,2026-04-05 04:19:38.932474,0 days 00:00:34.009679,308,1,123.6,156.5,0.03,COMPLETE
2982,2982,0.825,2026-04-05 04:19:38.947024,2026-04-05 04:20:12.989839,0 days 00:00:34.042815,375,1,119.5,157.3,0.03,COMPLETE
2983,2983,0.6875,2026-04-05 04:20:13.003988,2026-04-05 04:20:20.066029,0 days 00:00:07.062041,429,2,116.0,154.3,0.12,COMPLETE
2984,2984,0.6875,2026-04-05 04:20:20.079861,2026-04-05 04:20:26.682080,0 days 00:00:06.602219,443,1,113.9,152.1,1.09,COMPLETE
2985,2985,0.6875,2026-04-05 04:20:26.693074,2026-04-05 04:20:33.264276,0 days 00:00:06.571202,495,1,113.4,152.9,0.01,COMPLETE
2986,2986,0.6875,2026-04-05 04:20:33.277791,2026-04-05 04:20:40.651784,0 days 00:00:07.373993,452,3,121.5,154.5,0.74,COMPLETE
2987,2987,0.6875,2026-04-05 04:20:40.666186,2026-04-05 04:20:48.281295,0 days 00:00:07.615109,163,3,118.1,157.3,0.13,COMPLETE
2988,2988,0.015625,2026-04-05 04:20:48.295053,2026-04-05 04:20:54.989214,0 days 00:00:06.694161,428,1,115.6,154.7,0.01,COMPLETE
2989,2989,0.6875,2026-04-05 04:20:55.004285,2026-04-05 04:21:01.597713,0 days 00:00:06.593428,353,1,116.1,154.2,0.03,COMPLETE
2990,2990,0.825,2026-04-05 04:21:01.608560,2026-04-05 04:21:35.419580,0 days 00:00:33.811020,436,1,116.4,155.4,0.0,COMPLETE
2991,2991,0.6875,2026-04-05 04:21:35.433737,2026-04-05 04:21:42.026055,0 days 00:00:06.592318,463,1,116.6,153.4,0.41000000000000003,COMPLETE
2992,2992,0.825,2026-04-05 04:21:42.039566,2026-04-05 04:22:16.122892,0 days 00:00:34.083326,399,1,117.4,156.4,0.0,COMPLETE
2993,2993,0.6875,2026-04-05 04:22:16.136713,2026-04-05 04:22:22.899902,0 days 00:00:06.763189,413,1,114.7,155.7,0.12,COMPLETE
2994,2994,0.6875,2026-04-05 04:22:22.914134,2026-04-05 04:22:29.672621,0 days 00:00:06.758487,392,1,114.8,153.3,0.32,COMPLETE
2995,2995,0.825,2026-04-05 04:22:29.687131,2026-04-05 04:23:03.734316,0 days 00:00:34.047185,408,1,117.8,155.4,0.01,COMPLETE
2996,2996,0.6875,2026-04-05 04:23:03.748080,2026-04-05 04:23:10.423038,0 days 00:00:06.674958,426,1,115.7,153.0,0.26,COMPLETE
2997,2997,0.6875,2026-04-05 04:23:10.436863,2026-04-05 04:23:17.371553,0 days 00:00:06.934690,461,1,113.7,158.4,1.31,COMPLETE
2998,2998,0.6875,2026-04-05 04:23:17.385381,2026-04-05 04:23:25.583628,0 days 00:00:08.198247,380,1,127.0,153.5,0.66,COMPLETE
2999,2999,0.6875,2026-04-05 04:23:25.597255,2026-04-05 04:23:33.178831,0 days 00:00:07.581576,446,1,116.1,154.9,0.18,COMPLETE
3000,3000,0.6875,2026-04-05 04:23:33.192517,2026-04-05 04:23:39.768886,0 days 00:00:06.576369,445,1,113.9,155.1,0.03,COMPLETE
3001,3001,0.6875,2026-04-05 04:23:39.778656,2026-04-05 04:23:46.109382,0 days 00:00:06.330726,383,2,113.9,154.8,0.07,COMPLETE
3002,3002,0.6875,2026-04-05 04:23:46.124011,2026-04-05 04:23:52.643072,0 days 00:00:06.519061,400,2,115.3,155.6,0.04,COMPLETE
3003,3003,0.6875,2026-04-05 04:23:52.654655,2026-04-05 04:23:59.034773,0 days 00:00:06.380118,485,1,114.9,155.4,0.36,COMPLETE
3004,3004,0.6875,2026-04-05 04:23:59.047853,2026-04-05 04:24:05.460534,0 days 00:00:06.412681,431,1,115.5,155.1,0.12,COMPLETE
3005,3005,0.6875,2026-04-05 04:24:05.474294,2026-04-05 04:24:11.999988,0 days 00:00:06.525694,406,1,115.2,154.8,0.34,COMPLETE
3006,3006,0.6875,2026-04-05 04:24:12.014121,2026-04-05 04:24:18.501558,0 days 00:00:06.487437,424,1,115.5,154.3,0.02,COMPLETE
3007,3007,0.6875,2026-04-05 04:24:18.515571,2026-04-05 04:24:25.060095,0 days 00:00:06.544524,416,3,114.1,153.6,0.41000000000000003,COMPLETE
3008,3008,0.6875,2026-04-05 04:24:25.073672,2026-04-05 04:24:31.659094,0 days 00:00:06.585422,442,1,114.6,152.8,0.29,COMPLETE
3009,3009,0.6875,2026-04-05 04:24:31.672725,2026-04-05 04:24:38.031929,0 days 00:00:06.359204,450,1,114.8,152.8,0.05,COMPLETE
3010,3010,0.6875,2026-04-05 04:24:38.042095,2026-04-05 04:24:44.795211,0 days 00:00:06.753116,440,1,113.2,156.8,0.15,COMPLETE
3011,3011,0.6875,2026-04-05 04:24:44.807810,2026-04-05 04:24:51.861213,0 days 00:00:07.053403,379,1,113.9,154.8,0.07,COMPLETE
3012,3012,0.6875,2026-04-05 04:24:51.875786,2026-04-05 04:24:59.580519,0 days 00:00:07.704733,221,1,122.8,155.4,0.31,COMPLETE
3013,3013,0.6875,2026-04-05 04:24:59.594349,2026-04-05 04:25:06.686339,0 days 00:00:07.091990,409,1,116.2,153.8,0.06,COMPLETE
3014,3014,0.6875,2026-04-05 04:25:06.700298,2026-04-05 04:25:13.285290,0 days 00:00:06.584992,432,1,115.5,153.8,0.43,COMPLETE
3015,3015,0.825,2026-04-05 04:25:13.299695,2026-04-05 04:25:47.847134,0 days 00:00:34.547439,403,1,122.5,156.3,0.23,COMPLETE
3016,3016,0.6875,2026-04-05 04:25:47.861144,2026-04-05 04:25:55.055094,0 days 00:00:07.193950,383,1,115.3,156.0,0.02,COMPLETE
3017,3017,0.6875,2026-04-05 04:25:55.069013,2026-04-05 04:26:01.700861,0 days 00:00:06.631848,433,1,116.9,153.0,1.31,COMPLETE
3018,3018,0.6875,2026-04-05 04:26:01.714995,2026-04-05 04:26:08.400015,0 days 00:00:06.685020,415,1,114.7,156.0,0.01,COMPLETE
3019,3019,0.6875,2026-04-05 04:26:08.415271,2026-04-05 04:26:15.621556,0 days 00:00:07.206285,405,1,116.3,149.4,0.03,COMPLETE
3020,3020,0.6875,2026-04-05 04:26:15.635002,2026-04-05 04:26:22.728591,0 days 00:00:07.093589,354,1,122.1,149.7,0.14,COMPLETE
3021,3021,0.6875,2026-04-05 04:26:22.743161,2026-04-05 04:26:30.287829,0 days 00:00:07.544668,426,1,113.3,153.2,0.02,COMPLETE
3022,3022,0.825,2026-04-05 04:26:30.297852,2026-04-05 04:26:35.557307,0 days 00:00:05.259455,393,1,116.8,155.7,0.03,COMPLETE
3023,3023,0.6875,2026-04-05 04:26:35.571587,2026-04-05 04:26:42.367869,0 days 00:00:06.796282,447,1,114.6,154.7,0.04,COMPLETE
3024,3024,0.6875,2026-04-05 04:26:42.377565,2026-04-05 04:26:49.159627,0 days 00:00:06.782062,378,1,115.8,153.6,0.42,COMPLETE
3025,3025,0.6875,2026-04-05 04:26:49.173573,2026-04-05 04:26:55.999841,0 days 00:00:06.826268,356,1,115.2,156.5,0.01,COMPLETE
3026,3026,0.6875,2026-04-05 04:26:56.014162,2026-04-05 04:27:02.724127,0 days 00:00:06.709965,449,1,117.3,158.1,0.0,COMPLETE
3027,3027,0.6875,2026-04-05 04:27:02.735055,2026-04-05 04:27:09.478323,0 days 00:00:06.743268,480,1,115.7,155.1,0.31,COMPLETE
3028,3028,0.6875,2026-04-05 04:27:09.493194,2026-04-05 04:27:16.121663,0 days 00:00:06.628469,429,1,115.1,153.6,0.04,COMPLETE
3029,3029,0.825,2026-04-05 04:27:16.135588,2026-04-05 04:27:50.197556,0 days 00:00:34.061968,470,1,117.3,156.2,0.34,COMPLETE
3030,3030,0.825,2026-04-05 04:27:50.211850,2026-04-05 04:28:24.266617,0 days 00:00:34.054767,488,2,118.4,153.2,0.21,COMPLETE
3031,3031,0.825,2026-04-05 04:28:24.282548,2026-04-05 04:28:41.839244,0 days 00:00:17.556696,430,3,124.2,154.0,0.52,COMPLETE
3032,3032,0.825,2026-04-05 04:28:41.853913,2026-04-05 04:29:15.952591,0 days 00:00:34.098678,450,2,123.0,156.5,0.4,COMPLETE
3033,3033,0.6875,2026-04-05 04:29:15.965633,2026-04-05 04:29:23.318354,0 days 00:00:07.352721,474,2,116.0,151.4,0.54,COMPLETE
3034,3034,0.825,2026-04-05 04:29:23.332096,2026-04-05 04:29:57.436230,0 days 00:00:34.104134,417,2,118.8,155.3,0.37,COMPLETE
3035,3035,0.825,2026-04-05 04:29:57.449849,2026-04-05 04:30:31.226480,0 days 00:00:33.776631,439,1,118.0,155.1,0.05,COMPLETE
3036,3036,0.6875,2026-04-05 04:30:31.240224,2026-04-05 04:30:37.990739,0 days 00:00:06.750515,455,2,116.4,152.9,0.0,COMPLETE
3037,3037,0.6875,2026-04-05 04:30:38.004441,2026-04-05 04:30:44.558557,0 days 00:00:06.554116,399,2,119.5,153.1,0.15,COMPLETE
3038,3038,0.6875,2026-04-05 04:30:44.572470,2026-04-05 04:30:51.500479,0 days 00:00:06.928009,454,1,115.1,156.2,0.3,COMPLETE
3039,3039,0.671875,2026-04-05 04:30:51.514225,2026-04-05 04:30:58.189752,0 days 00:00:06.675527,428,1,117.3,156.1,0.33,COMPLETE
3040,3040,0.6875,2026-04-05 04:30:58.203727,2026-04-05 04:31:04.863880,0 days 00:00:06.660153,451,1,117.6,152.7,0.0,COMPLETE
3041,3041,0.6875,2026-04-05 04:31:04.877233,2026-04-05 04:31:12.192489,0 days 00:00:07.315256,420,1,123.7,157.0,0.77,COMPLETE
3042,3042,0.825,2026-04-05 04:31:12.203070,2026-04-05 04:31:19.808347,0 days 00:00:07.605277,441,1,116.6,156.4,0.01,COMPLETE
3043,3043,0.6875,2026-04-05 04:31:19.821840,2026-04-05 04:31:26.268900,0 days 00:00:06.447060,415,1,116.4,155.8,0.0,COMPLETE
3044,3044,0.6875,2026-04-05 04:31:26.282934,2026-04-05 04:31:33.870809,0 days 00:00:07.587875,249,1,125.9,155.1,0.3,COMPLETE
3045,3045,0.825,2026-04-05 04:31:33.883410,2026-04-05 04:31:39.026011,0 days 00:00:05.142601,481,3,123.3,154.7,0.56,COMPLETE
3046,3046,0.6875,2026-04-05 04:31:39.040596,2026-04-05 04:31:46.540572,0 days 00:00:07.499976,427,1,115.1,156.3,0.26,COMPLETE
3047,3047,0.6875,2026-04-05 04:31:46.550947,2026-04-05 04:31:54.252820,0 days 00:00:07.701873,237,1,123.7,156.0,0.46,COMPLETE
3048,3048,0.6875,2026-04-05 04:31:54.266573,2026-04-05 04:32:00.925646,0 days 00:00:06.659073,500,2,120.2,154.2,0.41000000000000003,COMPLETE
3049,3049,0.6875,2026-04-05 04:32:00.939898,2026-04-05 04:32:07.607142,0 days 00:00:06.667244,497,1,116.7,152.4,0.29,COMPLETE
3050,3050,0.6875,2026-04-05 04:32:07.617734,2026-04-05 04:32:14.674591,0 days 00:00:07.056857,364,3,118.8,155.6,1.41,COMPLETE
3051,3051,0.6875,2026-04-05 04:32:14.689261,2026-04-05 04:32:21.483058,0 days 00:00:06.793797,387,2,122.4,153.0,0.65,COMPLETE
3052,3052,0.6875,2026-04-05 04:32:21.492405,2026-04-05 04:32:28.545609,0 days 00:00:07.053204,419,1,116.8,153.6,0.34,COMPLETE
3053,3053,0.6875,2026-04-05 04:32:28.559070,2026-04-05 04:32:35.913854,0 days 00:00:07.354784,317,1,123.6,155.1,0.64,COMPLETE
3054,3054,0.6875,2026-04-05 04:32:35.927792,2026-04-05 04:32:42.539494,0 days 00:00:06.611702,292,2,123.9,156.1,0.47000000000000003,COMPLETE
3055,3055,0.825,2026-04-05 04:32:42.549482,2026-04-05 04:33:16.844821,0 days 00:00:34.295339,494,1,117.4,155.8,0.0,COMPLETE
3056,3056,0.825,2026-04-05 04:33:16.858209,2026-04-05 04:33:51.419134,0 days 00:00:34.560925,289,1,123.6,156.6,0.38,COMPLETE
3057,3057,0.825,2026-04-05 04:33:51.432805,2026-04-05 04:34:25.461020,0 days 00:00:34.028215,394,1,121.8,154.5,0.07,COMPLETE
3058,3058,0.6875,2026-04-05 04:34:25.475529,2026-04-05 04:34:32.445160,0 days 00:00:06.969631,385,1,116.8,156.5,0.38,COMPLETE
3059,3059,0.825,2026-04-05 04:34:32.458759,2026-04-05 04:35:06.682748,0 days 00:00:34.223989,475,1,120.5,156.3,0.61,COMPLETE
3060,3060,0.825,2026-04-05 04:35:06.695778,2026-04-05 04:35:41.237542,0 days 00:00:34.541764,221,2,125.2,156.5,0.11,COMPLETE
3061,3061,0.6875,2026-04-05 04:35:41.251388,2026-04-05 04:35:47.981438,0 days 00:00:06.730050,226,1,123.2,154.4,0.03,COMPLETE
3062,3062,0.6875,2026-04-05 04:35:47.993217,2026-04-05 04:35:55.243204,0 days 00:00:07.249987,452,1,114.9,155.1,1.26,COMPLETE
3063,3063,0.6875,2026-04-05 04:35:55.254594,2026-04-05 04:36:02.035004,0 days 00:00:06.780410,264,1,114.7,154.1,0.03,COMPLETE
3064,3064,0.6875,2026-04-05 04:36:02.049082,2026-04-05 04:36:09.331546,0 days 00:00:07.282464,465,1,123.6,155.3,0.79,COMPLETE
3065,3065,0.6875,2026-04-05 04:36:09.342147,2026-04-05 04:36:16.107137,0 days 00:00:06.764990,392,1,124.3,153.6,0.48,COMPLETE
3066,3066,0.6875,2026-04-05 04:36:16.121489,2026-04-05 04:36:22.467257,0 days 00:00:06.345768,459,2,124.2,153.5,0.52,COMPLETE
3067,3067,0.6875,2026-04-05 04:36:22.479606,2026-04-05 04:36:29.852578,0 days 00:00:07.372972,466,2,114.9,152.1,0.96,COMPLETE
3068,3068,0.825,2026-04-05 04:36:29.863056,2026-04-05 04:36:37.061302,0 days 00:00:07.198246,497,1,115.9,154.5,0.05,COMPLETE
3069,3069,0.6875,2026-04-05 04:36:37.075995,2026-04-05 04:36:43.940138,0 days 00:00:06.864143,402,1,114.8,154.6,0.0,COMPLETE
3070,3070,0.6875,2026-04-05 04:36:43.954677,2026-04-05 04:36:50.707161,0 days 00:00:06.752484,483,1,113.8,157.9,0.02,COMPLETE
3071,3071,0.6875,2026-04-05 04:36:50.718317,2026-04-05 04:36:57.912521,0 days 00:00:07.194204,438,2,118.1,152.7,0.37,COMPLETE
3072,3072,0.6875,2026-04-05 04:36:57.923456,2026-04-05 04:37:04.669881,0 days 00:00:06.746425,474,1,114.8,152.9,1.34,COMPLETE
3073,3073,0.6875,2026-04-05 04:37:04.682303,2026-04-05 04:37:12.673160,0 days 00:00:07.990857,376,3,126.3,154.4,0.44,COMPLETE
3074,3074,0.825,2026-04-05 04:37:12.686847,2026-04-05 04:37:46.945459,0 days 00:00:34.258612,418,2,121.8,152.5,0.37,COMPLETE
3075,3075,0.6875,2026-04-05 04:37:46.955548,2026-04-05 04:37:53.990162,0 days 00:00:07.034614,445,1,115.9,155.2,0.9400000000000001,COMPLETE
3076,3076,0.671875,2026-04-05 04:37:54.003720,2026-04-05 04:38:01.126183,0 days 00:00:07.122463,490,3,123.4,154.8,0.32,COMPLETE
3077,3077,0.6875,2026-04-05 04:38:01.140583,2026-04-05 04:38:07.684851,0 days 00:00:06.544268,294,2,123.3,154.7,0.35000000000000003,COMPLETE
3078,3078,0.825,2026-04-05 04:38:07.698604,2026-04-05 04:38:41.466355,0 days 00:00:33.767751,314,2,122.3,153.4,0.09,COMPLETE
3079,3079,0.825,2026-04-05 04:38:41.481002,2026-04-05 04:39:15.513838,0 days 00:00:34.032836,396,2,118.8,154.2,0.0,COMPLETE
3080,3080,0.6875,2026-04-05 04:39:15.524178,2026-04-05 04:39:22.655328,0 days 00:00:07.131150,476,2,115.7,159.9,0.45,COMPLETE
3081,3081,0.6875,2026-04-05 04:39:22.670174,2026-04-05 04:39:29.721914,0 days 00:00:07.051740,459,3,118.5,153.5,0.8300000000000001,COMPLETE
3082,3082,0.825,2026-04-05 04:39:29.733644,2026-04-05 04:40:03.893506,0 days 00:00:34.159862,438,1,122.5,156.4,0.48,COMPLETE
3083,3083,0.6875,2026-04-05 04:40:03.908182,2026-04-05 04:40:10.937785,0 days 00:00:07.029603,244,2,123.7,154.3,0.46,COMPLETE
3085,3085,0.6875,2026-04-05 11:26:56.412452,2026-04-05 11:27:04.710673,0 days 00:00:08.298221,420,1,117.3,154.2,0.31,COMPLETE
3086,3086,0.6875,2026-04-05 11:27:04.722663,2026-04-05 11:27:11.422360,0 days 00:00:06.699697,391,1,113.5,155.9,0.71,COMPLETE
3087,3087,0.6875,2026-04-05 11:27:11.433998,2026-04-05 11:27:17.817728,0 days 00:00:06.383730,491,1,113.9,155.2,1.04,COMPLETE
3088,3088,0.6875,2026-04-05 11:27:17.829476,2026-04-05 11:27:24.281731,0 days 00:00:06.452255,442,1,113.5,155.4,0.37,COMPLETE
3089,3089,0.6875,2026-04-05 11:27:24.293596,2026-04-05 11:27:31.802050,0 days 00:00:07.508454,395,1,123.5,152.3,0.17,COMPLETE
3090,3090,0.6875,2026-04-05 11:27:31.814570,2026-04-05 11:27:39.142420,0 days 00:00:07.327850,448,1,115.4,156.4,0.02,COMPLETE
3091,3091,0.6875,2026-04-05 11:27:39.151629,2026-04-05 11:27:46.756434,0 days 00:00:07.604805,360,1,124.8,156.8,0.62,COMPLETE
3092,3092,0.6875,2026-04-05 11:27:46.769042,2026-04-05 11:27:53.608281,0 days 00:00:06.839239,262,1,121.4,157.4,0.29,COMPLETE
3093,3093,0.6875,2026-04-05 11:27:53.620532,2026-04-05 11:28:00.162682,0 days 00:00:06.542150,251,2,122.8,156.3,0.44,COMPLETE
3094,3094,0.825,2026-04-05 11:28:00.171670,2026-04-05 11:28:33.991454,0 days 00:00:33.819784,482,2,122.0,155.9,0.52,COMPLETE
3095,3095,0.825,2026-04-05 11:28:34.003499,2026-04-05 11:29:08.289367,0 days 00:00:34.285868,339,1,124.5,154.4,0.15,COMPLETE
3096,3096,0.6875,2026-04-05 11:29:08.299088,2026-04-05 11:29:15.246640,0 days 00:00:06.947552,277,1,123.0,153.6,0.2,COMPLETE
3097,3097,0.6875,2026-04-05 11:29:15.258562,2026-04-05 11:29:22.072575,0 days 00:00:06.814013,213,1,124.5,154.0,0.43,COMPLETE
3098,3098,0.6875,2026-04-05 11:29:22.085330,2026-04-05 11:29:29.091739,0 days 00:00:07.006409,249,2,119.0,154.0,0.34,COMPLETE
3099,3099,0.825,2026-04-05 11:29:29.104334,2026-04-05 11:29:34.596888,0 days 00:00:05.492554,294,1,125.1,153.7,0.35000000000000003,COMPLETE
3100,3100,0.825,2026-04-05 11:29:34.609009,2026-04-05 11:29:47.807545,0 days 00:00:13.198536,445,1,124.2,154.8,0.4,COMPLETE
3101,3101,0.6875,2026-04-05 11:29:47.819876,2026-04-05 11:29:55.621578,0 days 00:00:07.801702,494,1,113.3,155.3,0.11,COMPLETE
3102,3102,0.6875,2026-04-05 11:29:55.633589,2026-04-05 11:30:02.687534,0 days 00:00:07.053945,414,1,117.3,155.3,0.31,COMPLETE
3103,3103,0.6875,2026-04-05 11:30:02.700809,2026-04-05 11:30:09.547943,0 days 00:00:06.847134,473,2,113.3,156.2,1.2,COMPLETE
3104,3104,0.6875,2026-04-05 11:30:09.559951,2026-04-05 11:30:16.539053,0 days 00:00:06.979102,499,3,117.5,153.5,0.49,COMPLETE
3105,3105,0.6875,2026-04-05 11:30:16.548041,2026-04-05 11:30:24.026625,0 days 00:00:07.478584,405,1,124.3,156.1,0.28,COMPLETE
3106,3106,0.6875,2026-04-05 11:30:24.038389,2026-04-05 11:30:31.729676,0 days 00:00:07.691287,450,1,113.8,155.8,0.0,COMPLETE
3107,3107,0.6875,2026-04-05 11:30:31.741702,2026-04-05 11:30:39.819455,0 days 00:00:08.077753,366,3,123.8,149.8,1.56,COMPLETE
3108,3108,0.6875,2026-04-05 11:30:39.828007,2026-04-05 11:30:47.378342,0 days 00:00:07.550335,445,2,116.9,156.3,0.34,COMPLETE
3109,3109,0.825,2026-04-05 11:30:47.391381,2026-04-05 11:31:21.929727,0 days 00:00:34.538346,224,1,119.3,157.6,0.02,COMPLETE
3110,3110,0.6875,2026-04-05 11:31:21.941884,2026-04-05 11:31:29.472745,0 days 00:00:07.530861,155,1,124.9,155.7,1.4000000000000001,COMPLETE
3111,3111,0.6875,2026-04-05 11:31:29.484502,2026-04-05 11:31:36.553081,0 days 00:00:07.068579,418,2,127.0,150.3,0.6900000000000001,COMPLETE
3112,3112,0.6875,2026-04-05 11:31:36.565487,2026-04-05 11:31:44.276501,0 days 00:00:07.711014,444,1,117.1,153.8,0.0,COMPLETE
3113,3113,0.6875,2026-04-05 11:31:44.288426,2026-04-05 11:31:51.610726,0 days 00:00:07.322300,332,1,122.8,152.7,0.5700000000000001,COMPLETE
3114,3114,0.6875,2026-04-05 11:31:51.622533,2026-04-05 11:31:58.560808,0 days 00:00:06.938275,397,1,118.0,151.4,0.33,COMPLETE
3115,3115,0.825,2026-04-05 11:31:58.569661,2026-04-05 11:32:32.835235,0 days 00:00:34.265574,445,2,121.5,155.8,0.6,COMPLETE
3116,3116,0.6875,2026-04-05 11:32:32.843577,2026-04-05 11:32:40.191172,0 days 00:00:07.347595,422,1,114.7,154.4,0.44,COMPLETE
3117,3117,0.6875,2026-04-05 11:32:40.202996,2026-04-05 11:32:47.359387,0 days 00:00:07.156391,492,2,121.2,154.0,0.63,COMPLETE
3118,3118,0.6875,2026-04-05 11:32:47.369040,2026-04-05 11:32:54.326834,0 days 00:00:06.957794,411,1,121.9,150.9,1.12,COMPLETE
3119,3119,0.6875,2026-04-05 11:32:54.338868,2026-04-05 11:33:01.481369,0 days 00:00:07.142501,403,3,115.5,149.9,1.24,COMPLETE
3120,3120,0.825,2026-04-05 11:33:01.493344,2026-04-05 11:33:36.584228,0 days 00:00:35.090884,291,1,123.1,156.0,0.36,COMPLETE
3121,3121,0.6875,2026-04-05 11:33:36.595818,2026-04-05 11:33:43.836782,0 days 00:00:07.240964,321,3,121.0,150.6,0.48,COMPLETE
3122,3122,0.825,2026-04-05 11:33:43.848058,2026-04-05 11:34:18.325224,0 days 00:00:34.477166,447,3,124.7,155.6,0.34,COMPLETE
3123,3123,0.6875,2026-04-05 11:34:18.337158,2026-04-05 11:34:25.770439,0 days 00:00:07.433281,444,2,115.0,153.8,0.46,COMPLETE
3124,3124,0.825,2026-04-05 11:34:25.780519,2026-04-05 11:35:00.571058,0 days 00:00:34.790539,426,1,123.2,152.9,0.36,COMPLETE
3125,3125,0.6875,2026-04-05 11:35:00.580925,2026-04-05 11:35:08.030012,0 days 00:00:07.449087,401,2,116.0,154.9,0.25,COMPLETE
3126,3126,0.6875,2026-04-05 11:35:08.039020,2026-04-05 11:35:15.715613,0 days 00:00:07.676593,311,1,124.7,153.8,0.66,COMPLETE
3127,3127,0.6875,2026-04-05 11:35:15.727820,2026-04-05 11:35:22.564779,0 days 00:00:06.836959,461,1,126.5,157.4,1.83,COMPLETE
3128,3128,0.6875,2026-04-05 11:35:22.577282,2026-04-05 11:35:31.144244,0 days 00:00:08.566962,227,3,113.7,152.9,1.93,COMPLETE
3129,3129,0.825,2026-04-05 11:35:31.156265,2026-04-05 11:36:06.115993,0 days 00:00:34.959728,434,1,123.4,154.5,0.12,COMPLETE
3130,3130,0.6875,2026-04-05 11:36:06.127881,2026-04-05 11:36:13.182413,0 days 00:00:07.054532,352,1,125.7,156.7,0.04,COMPLETE
3131,3131,0.6875,2026-04-05 11:36:13.194803,2026-04-05 11:36:21.177685,0 days 00:00:07.982882,383,1,113.1,153.9,0.29,COMPLETE
3132,3132,0.6875,2026-04-05 11:36:21.189551,2026-04-05 11:36:28.799535,0 days 00:00:07.609984,439,2,123.1,152.4,0.8200000000000001,COMPLETE
3133,3133,0.6875,2026-04-05 11:36:28.811503,2026-04-05 11:36:36.022414,0 days 00:00:07.210911,387,1,116.1,151.9,0.26,COMPLETE
3134,3134,0.6875,2026-04-05 11:36:36.034479,2026-04-05 11:36:42.735401,0 days 00:00:06.700922,478,2,113.0,152.0,0.37,COMPLETE
3135,3135,0.825,2026-04-05 11:36:42.744368,2026-04-05 11:37:18.032333,0 days 00:00:35.287965,320,2,124.9,153.8,0.03,COMPLETE
3136,3136,0.6875,2026-04-05 11:37:18.043956,2026-04-05 11:37:24.923263,0 days 00:00:06.879307,384,3,124.4,151.9,0.56,COMPLETE
3137,3137,0.6875,2026-04-05 11:37:24.935472,2026-04-05 11:37:31.618287,0 days 00:00:06.682815,488,2,124.1,154.2,0.6,COMPLETE
3138,3138,0.825,2026-04-05 11:37:31.630111,2026-04-05 11:38:05.981853,0 days 00:00:34.351742,467,1,118.9,154.5,0.47000000000000003,COMPLETE
3139,3139,0.6875,2026-04-05 11:38:05.993940,2026-04-05 11:38:13.046441,0 days 00:00:07.052501,387,1,116.6,153.1,0.0,COMPLETE
3140,3140,0.825,2026-04-05 11:38:13.058099,2026-04-05 11:38:47.120601,0 days 00:00:34.062502,408,1,119.1,155.1,0.0,COMPLETE
3141,3141,0.825,2026-04-05 11:38:47.132497,2026-04-05 11:39:21.437903,0 days 00:00:34.305406,364,1,123.2,152.9,0.26,COMPLETE
3142,3142,0.825,2026-04-05 11:39:21.449756,2026-04-05 11:39:55.739314,0 days 00:00:34.289558,306,2,122.7,156.8,0.11,COMPLETE
3143,3143,0.825,2026-04-05 11:39:55.751499,2026-04-05 11:40:29.833918,0 days 00:00:34.082419,374,2,123.1,155.1,0.29,COMPLETE
3144,3144,0.6875,2026-04-05 11:40:29.846232,2026-04-05 11:40:36.747993,0 days 00:00:06.901761,459,3,122.0,152.1,0.63,COMPLETE
3145,3145,0.6875,2026-04-05 11:40:36.757534,2026-04-05 11:40:44.051850,0 days 00:00:07.294316,461,1,114.9,154.8,0.03,COMPLETE
3146,3146,0.825,2026-04-05 11:40:44.064896,2026-04-05 11:41:19.667593,0 days 00:00:35.602697,330,1,122.7,156.4,0.01,COMPLETE
3147,3147,0.6875,2026-04-05 11:41:19.681054,2026-04-05 11:41:26.397048,0 days 00:00:06.715994,426,1,120.5,154.6,0.38,COMPLETE
3148,3148,0.825,2026-04-05 11:41:26.409906,2026-04-05 11:42:00.135914,0 days 00:00:33.726008,487,2,122.1,155.6,0.5,COMPLETE
3149,3149,0.6875,2026-04-05 11:42:00.147700,2026-04-05 11:42:07.104588,0 days 00:00:06.956888,445,2,120.8,158.0,0.45,COMPLETE
3150,3150,0.825,2026-04-05 11:42:07.114687,2026-04-05 11:42:41.382078,0 days 00:00:34.267391,302,1,120.5,156.1,0.04,COMPLETE
3151,3151,0.6875,2026-04-05 11:42:41.390916,2026-04-05 11:42:48.348668,0 days 00:00:06.957752,313,1,124.5,155.4,0.41000000000000003,COMPLETE
3152,3152,0.6875,2026-04-05 11:42:48.360348,2026-04-05 11:42:55.133096,0 days 00:00:06.772748,415,3,126.3,152.6,0.65,COMPLETE
3153,3153,0.6875,2026-04-05 11:42:55.145309,2026-04-05 11:43:01.924897,0 days 00:00:06.779588,402,2,124.0,155.4,0.43,COMPLETE
3154,3154,0.6875,2026-04-05 11:43:01.936245,2026-04-05 11:43:09.175707,0 days 00:00:07.239462,365,2,119.0,150.5,0.39,COMPLETE
3155,3155,0.6875,2026-04-05 11:43:09.187993,2026-04-05 11:43:16.094999,0 days 00:00:06.907006,378,2,123.6,151.7,0.34,COMPLETE
3156,3156,0.825,2026-04-05 11:43:16.107365,2026-04-05 11:43:50.496216,0 days 00:00:34.388851,389,1,118.4,152.5,0.03,COMPLETE
3157,3157,0.6875,2026-04-05 11:43:50.508154,2026-04-05 11:43:58.352233,0 days 00:00:07.844079,187,1,122.5,158.6,0.12,COMPLETE
3158,3158,0.825,2026-04-05 11:43:58.361627,2026-04-05 11:44:32.472216,0 days 00:00:34.110589,499,2,122.9,155.0,0.32,COMPLETE
3159,3159,0.6875,2026-04-05 11:44:32.481206,2026-04-05 11:44:39.582530,0 days 00:00:07.101324,300,1,122.9,151.3,0.42,COMPLETE
3160,3160,0.6875,2026-04-05 11:44:39.593785,2026-04-05 11:44:46.286486,0 days 00:00:06.692701,456,3,124.0,153.0,0.56,COMPLETE
3161,3161,0.6875,2026-04-05 11:44:46.298358,2026-04-05 11:44:53.342217,0 days 00:00:07.043859,352,1,124.5,155.9,0.25,COMPLETE
3162,3162,0.6875,2026-04-05 11:44:53.366879,2026-04-05 11:45:00.945751,0 days 00:00:07.578872,444,1,115.0,157.8,0.37,COMPLETE
3163,3163,0.6875,2026-04-05 11:45:00.958023,2026-04-05 11:45:07.830357,0 days 00:00:06.872334,423,1,115.8,153.4,0.22,COMPLETE
3164,3164,0.6875,2026-04-05 11:45:07.842214,2026-04-05 11:45:15.057450,0 days 00:00:07.215236,283,2,120.5,152.3,0.09,COMPLETE
3165,3165,0.6875,2026-04-05 11:45:15.069347,2026-04-05 11:45:21.681158,0 days 00:00:06.611811,439,1,121.3,151.0,0.18,COMPLETE
3166,3166,0.6875,2026-04-05 11:45:21.693107,2026-04-05 11:45:28.434327,0 days 00:00:06.741220,498,1,119.5,152.7,0.41000000000000003,COMPLETE
3167,3167,0.6875,2026-04-05 11:45:28.443481,2026-04-05 11:45:35.195457,0 days 00:00:06.751976,467,1,117.2,154.1,0.41000000000000003,COMPLETE
3168,3168,0.825,2026-04-05 11:45:35.207817,2026-04-05 11:46:09.975934,0 days 00:00:34.768117,480,3,118.9,156.3,0.86,COMPLETE
3169,3169,0.825,2026-04-05 11:46:09.987351,2026-04-05 11:46:43.789076,0 days 00:00:33.801725,457,2,119.0,154.8,0.41000000000000003,COMPLETE
3170,3170,0.6875,2026-04-05 11:46:43.800725,2026-04-05 11:46:50.956009,0 days 00:00:07.155284,378,2,117.3,152.7,0.29,COMPLETE
3171,3171,0.6875,2026-04-05 11:46:50.968437,2026-04-05 11:46:57.987082,0 days 00:00:07.018645,466,2,122.6,153.5,0.53,COMPLETE
3172,3172,0.6875,2026-04-05 11:46:57.996881,2026-04-05 11:47:05.529857,0 days 00:00:07.532976,461,1,113.2,155.1,0.92,COMPLETE
3173,3173,0.6875,2026-04-05 11:47:05.541726,2026-04-05 11:47:13.003345,0 days 00:00:07.461619,499,3,121.8,153.0,0.58,COMPLETE
3174,3174,0.6875,2026-04-05 11:47:13.015532,2026-04-05 11:47:20.530690,0 days 00:00:07.515158,166,2,122.1,156.3,0.03,COMPLETE
3175,3175,0.825,2026-04-05 11:47:20.539325,2026-04-05 11:47:37.354101,0 days 00:00:16.814776,490,2,126.4,153.2,0.37,COMPLETE
3176,3176,0.6875,2026-04-05 11:47:37.366316,2026-04-05 11:47:45.309226,0 days 00:00:07.942910,391,1,115.4,157.0,0.44,COMPLETE
3177,3177,0.6875,2026-04-05 11:47:45.320976,2026-04-05 11:47:52.902298,0 days 00:00:07.581322,244,1,124.1,153.6,0.03,COMPLETE
3178,3178,0.6875,2026-04-05 11:47:52.914238,2026-04-05 11:48:00.513704,0 days 00:00:07.599466,250,2,113.1,155.8,1.9000000000000001,COMPLETE
3179,3179,0.6875,2026-04-05 11:48:00.525514,2026-04-05 11:48:07.929953,0 days 00:00:07.404439,151,1,118.0,152.8,0.79,COMPLETE
3180,3180,0.6875,2026-04-05 11:48:07.942089,2026-04-05 11:48:14.591603,0 days 00:00:06.649514,369,1,116.6,155.2,0.23,COMPLETE
3181,3181,0.825,2026-04-05 11:48:14.603401,2026-04-05 11:48:48.479039,0 days 00:00:33.875638,441,1,119.4,157.1,0.25,COMPLETE
3182,3182,0.6875,2026-04-05 11:48:48.490577,2026-04-05 11:48:55.688487,0 days 00:00:07.197910,263,1,122.7,154.1,0.29,COMPLETE
3183,3183,0.6875,2026-04-05 11:48:55.718628,2026-04-05 11:49:02.543827,0 days 00:00:06.825199,234,2,126.7,154.8,0.65,COMPLETE
3184,3184,0.6875,2026-04-05 11:49:02.553140,2026-04-05 11:49:09.047747,0 days 00:00:06.494607,322,1,126.9,154.1,0.5,COMPLETE
3185,3185,0.825,2026-04-05 11:49:09.059611,2026-04-05 11:49:42.990896,0 days 00:00:33.931285,486,3,125.7,153.7,0.53,COMPLETE
3186,3186,0.671875,2026-04-05 11:49:43.002339,2026-04-05 11:49:50.177069,0 days 00:00:07.174730,352,1,122.3,154.5,0.14,COMPLETE
3187,3187,0.6875,2026-04-05 11:49:50.189367,2026-04-05 11:49:57.533481,0 days 00:00:07.344114,389,1,114.6,155.1,0.0,COMPLETE
3188,3188,0.6875,2026-04-05 11:49:57.542806,2026-04-05 11:50:05.075006,0 days 00:00:07.532200,447,1,124.0,154.0,0.78,COMPLETE
3189,3189,0.825,2026-04-05 11:50:05.086671,2026-04-05 11:51:00.725903,0 days 00:00:55.639232,360,1,124.5,155.1,0.04,COMPLETE
3190,3190,0.6875,2026-04-05 11:51:00.737910,2026-04-05 11:51:07.502253,0 days 00:00:06.764343,390,2,124.0,156.6,0.85,COMPLETE
3191,3191,0.6875,2026-04-05 11:51:07.514259,2026-04-05 11:51:14.802754,0 days 00:00:07.288495,386,1,120.1,150.4,0.38,COMPLETE
3192,3192,0.6875,2026-04-05 11:51:14.814855,2026-04-05 11:51:21.651125,0 days 00:00:06.836270,452,3,116.1,151.0,0.17,COMPLETE
3193,3193,0.6875,2026-04-05 11:51:21.662814,2026-04-05 11:51:28.767373,0 days 00:00:07.104559,409,1,121.3,153.7,0.48,COMPLETE
3194,3194,0.6875,2026-04-05 11:51:28.779002,2026-04-05 11:51:35.963037,0 days 00:00:07.184035,446,1,114.7,154.3,0.33,COMPLETE
3195,3195,0.6875,2026-04-05 11:51:35.974999,2026-04-05 11:51:43.392747,0 days 00:00:07.417748,314,1,121.5,153.9,0.01,COMPLETE
3196,3196,0.825,2026-04-05 11:51:43.404418,2026-04-05 11:52:17.624580,0 days 00:00:34.220162,435,1,117.3,156.9,0.35000000000000003,COMPLETE
3197,3197,0.0,2026-04-05 11:52:17.636292,2026-04-05 11:52:24.489999,0 days 00:00:06.853707,462,1,115.7,153.7,0.0,COMPLETE
3198,3198,0.6875,2026-04-05 11:52:24.499196,2026-04-05 11:52:30.972164,0 days 00:00:06.472968,437,1,114.8,153.5,0.06,COMPLETE
3199,3199,0.671875,2026-04-05 11:52:30.984418,2026-04-05 11:52:37.782391,0 days 00:00:06.797973,448,1,116.4,151.3,0.06,COMPLETE
3200,3200,0.6875,2026-04-05 11:52:37.793903,2026-04-05 11:52:44.601196,0 days 00:00:06.807293,441,1,115.2,155.2,0.28,COMPLETE
3201,3201,0.6875,2026-04-05 11:52:44.612911,2026-04-05 11:52:51.734434,0 days 00:00:07.121523,391,1,120.4,151.8,0.03,COMPLETE
3202,3202,0.6875,2026-04-05 11:52:51.746638,2026-04-05 11:52:58.749639,0 days 00:00:07.003001,451,1,116.0,154.4,0.27,COMPLETE
3203,3203,0.6875,2026-04-05 11:52:58.760665,2026-04-05 11:53:05.412879,0 days 00:00:06.652214,451,1,115.8,152.2,0.19,COMPLETE
3204,3204,0.6875,2026-04-05 11:53:05.424380,2026-04-05 11:53:12.000540,0 days 00:00:06.576160,445,1,114.5,151.6,0.17,COMPLETE
3205,3205,0.6875,2026-04-05 11:53:12.013762,2026-04-05 11:53:18.869527,0 days 00:00:06.855765,449,1,115.1,155.7,0.35000000000000003,COMPLETE
3206,3206,0.6875,2026-04-05 11:53:18.882595,2026-04-05 11:53:25.566813,0 days 00:00:06.684218,450,1,114.1,153.5,0.1,COMPLETE
3207,3207,0.6875,2026-04-05 11:53:25.578402,2026-04-05 11:53:32.048169,0 days 00:00:06.469767,455,1,114.5,153.7,0.03,COMPLETE
3208,3208,0.6875,2026-04-05 11:53:32.057528,2026-04-05 11:53:38.829599,0 days 00:00:06.772071,474,1,117.2,153.7,0.23,COMPLETE
3209,3209,0.6875,2026-04-05 11:53:38.842138,2026-04-05 11:53:45.404230,0 days 00:00:06.562092,499,1,115.8,153.8,0.06,COMPLETE
3210,3210,0.825,2026-04-05 11:53:45.416652,2026-04-05 11:53:50.454938,0 days 00:00:05.038286,467,1,116.1,154.9,0.3,COMPLETE
3211,3211,0.6875,2026-04-05 11:53:50.466753,2026-04-05 11:53:57.255932,0 days 00:00:06.789179,445,1,116.1,152.8,0.26,COMPLETE
3212,3212,0.6875,2026-04-05 11:53:57.267600,2026-04-05 11:54:04.018043,0 days 00:00:06.750443,338,1,115.5,152.9,0.09,COMPLETE
3213,3213,0.6875,2026-04-05 11:54:04.027393,2026-04-05 11:54:11.461034,0 days 00:00:07.433641,367,3,119.9,159.9,0.4,COMPLETE
3214,3214,0.6875,2026-04-05 11:54:11.473454,2026-04-05 11:54:18.865963,0 days 00:00:07.392509,458,1,117.3,151.8,0.09,COMPLETE
3215,3215,0.6875,2026-04-05 11:54:18.877814,2026-04-05 11:54:25.700763,0 days 00:00:06.822949,479,1,115.1,154.8,0.12,COMPLETE
3216,3216,0.6875,2026-04-05 11:54:25.712537,2026-04-05 11:54:32.503577,0 days 00:00:06.791040,453,1,114.7,151.1,0.01,COMPLETE
3217,3217,0.825,2026-04-05 11:54:32.515616,2026-04-05 11:54:37.906360,0 days 00:00:05.390744,436,1,116.9,155.2,0.0,COMPLETE
3218,3218,0.825,2026-04-05 11:54:37.915571,2026-04-05 11:54:57.872169,0 days 00:00:19.956598,412,1,116.2,154.9,0.22,COMPLETE
3219,3219,0.825,2026-04-05 11:54:57.884665,2026-04-05 11:55:31.921547,0 days 00:00:34.036882,438,1,118.4,154.6,0.14,COMPLETE
3220,3220,0.6875,2026-04-05 11:55:31.933121,2026-04-05 11:55:38.792571,0 days 00:00:06.859450,447,1,115.6,154.2,0.01,COMPLETE
3221,3221,0.825,2026-04-05 11:55:38.805241,2026-04-05 11:56:12.912667,0 days 00:00:34.107426,477,1,117.9,153.2,0.02,COMPLETE
3222,3222,0.6875,2026-04-05 11:56:12.924352,2026-04-05 11:56:20.629332,0 days 00:00:07.704980,235,3,120.4,148.0,1.58,COMPLETE
3223,3223,0.6875,2026-04-05 11:56:20.639256,2026-04-05 11:56:28.118983,0 days 00:00:07.479727,484,1,115.4,154.8,0.31,COMPLETE
3224,3224,0.6875,2026-04-05 11:56:28.130829,2026-04-05 11:56:36.070354,0 days 00:00:07.939525,244,1,123.8,157.0,0.21,COMPLETE
3225,3225,0.6875,2026-04-05 11:56:36.082556,2026-04-05 11:56:43.233826,0 days 00:00:07.151270,485,2,120.3,151.8,1.7,COMPLETE
3226,3226,0.6875,2026-04-05 11:56:43.242725,2026-04-05 11:56:50.348623,0 days 00:00:07.105898,282,2,121.8,155.7,0.38,COMPLETE
3227,3227,0.825,2026-04-05 11:56:50.360514,2026-04-05 11:57:24.321813,0 days 00:00:33.961299,430,3,122.7,156.4,0.32,COMPLETE
3228,3228,0.6875,2026-04-05 11:57:24.333233,2026-04-05 11:57:31.322157,0 days 00:00:06.988924,416,1,126.9,154.7,0.37,COMPLETE
3229,3229,0.6875,2026-04-05 11:57:31.333846,2026-04-05 11:57:38.989220,0 days 00:00:07.655374,481,1,116.8,152.7,0.12,COMPLETE
3230,3230,0.6875,2026-04-05 11:57:38.998044,2026-04-05 11:57:46.363286,0 days 00:00:07.365242,366,1,121.7,156.3,0.91,COMPLETE
3231,3231,0.825,2026-04-05 11:57:46.375608,2026-04-05 11:58:00.130612,0 days 00:00:13.755004,464,1,117.0,153.7,0.07,COMPLETE
3232,3232,0.6875,2026-04-05 11:58:00.139799,2026-04-05 11:58:07.014936,0 days 00:00:06.875137,481,1,114.2,152.0,0.33,COMPLETE
3233,3233,0.825,2026-04-05 11:58:07.026670,2026-04-05 11:58:28.277314,0 days 00:00:21.250644,406,1,123.0,154.7,0.28,COMPLETE
3234,3234,0.6875,2026-04-05 11:58:28.286888,2026-04-05 11:58:35.547557,0 days 00:00:07.260669,290,2,126.9,156.5,0.32,COMPLETE
3235,3235,0.825,2026-04-05 11:58:35.559871,2026-04-05 11:58:40.941297,0 days 00:00:05.381426,495,3,122.8,154.2,0.31,COMPLETE
3236,3236,0.6875,2026-04-05 11:58:40.953471,2026-04-05 11:58:48.622040,0 days 00:00:07.668569,373,1,114.9,153.0,0.05,COMPLETE
3237,3237,0.6875,2026-04-05 11:58:48.634069,2026-04-05 11:58:55.169896,0 days 00:00:06.535827,469,1,115.6,153.7,0.14,COMPLETE
3238,3238,0.6875,2026-04-05 11:58:55.181552,2026-04-05 11:59:01.736848,0 days 00:00:06.555296,497,1,114.3,153.8,0.27,COMPLETE
3239,3239,0.6875,2026-04-05 11:59:01.748670,2026-04-05 11:59:09.342490,0 days 00:00:07.593820,381,1,121.8,154.6,0.3,COMPLETE
3240,3240,0.6875,2026-04-05 11:59:09.353857,2026-04-05 11:59:16.557082,0 days 00:00:07.203225,475,2,116.2,157.8,1.62,COMPLETE
3241,3241,0.671875,2026-04-05 11:59:16.569201,2026-04-05 11:59:23.537416,0 days 00:00:06.968215,383,1,114.9,155.1,0.27,COMPLETE
3242,3242,0.6875,2026-04-05 11:59:23.546962,2026-04-05 11:59:30.180857,0 days 00:00:06.633895,429,1,113.7,154.1,0.01,COMPLETE
3243,3243,0.825,2026-04-05 11:59:30.190025,2026-04-05 12:00:04.319729,0 days 00:00:34.129704,486,1,116.1,156.8,0.07,COMPLETE
3244,3244,0.6875,2026-04-05 12:00:04.334299,2026-04-05 12:00:11.829774,0 days 00:00:07.495475,380,1,113.2,152.0,0.03,COMPLETE
3245,3245,0.6875,2026-04-05 12:00:11.843508,2026-04-05 12:00:19.985135,0 days 00:00:08.141627,213,1,122.2,156.1,0.01,COMPLETE
3246,3246,0.6875,2026-04-05 12:00:19.999535,2026-04-05 12:00:27.846486,0 days 00:00:07.846951,333,1,113.3,148.8,0.04,COMPLETE
3247,3247,0.6875,2026-04-05 12:00:27.857681,2026-04-05 12:00:36.051658,0 days 00:00:08.193977,194,1,123.2,155.5,1.06,COMPLETE
3248,3248,0.6875,2026-04-05 12:00:36.065380,2026-04-05 12:00:43.010606,0 days 00:00:06.945226,235,1,126.3,153.3,0.25,COMPLETE
3249,3249,0.825,2026-04-05 12:00:43.024921,2026-04-05 12:01:17.825989,0 days 00:00:34.801068,492,1,117.8,156.3,0.01,COMPLETE
3250,3250,0.6875,2026-04-05 12:01:17.840388,2026-04-05 12:01:25.430289,0 days 00:00:07.589901,322,3,122.0,151.5,1.97,COMPLETE
3251,3251,0.6875,2026-04-05 12:01:25.443977,2026-04-05 12:01:32.671777,0 days 00:00:07.227800,487,1,115.5,153.9,0.04,COMPLETE
3252,3252,0.6875,2026-04-05 12:01:32.686112,2026-04-05 12:01:39.362055,0 days 00:00:06.675943,468,1,113.8,152.7,0.0,COMPLETE
3253,3253,0.6875,2026-04-05 12:01:39.375970,2026-04-05 12:01:46.846444,0 days 00:00:07.470474,289,1,120.7,157.6,0.01,COMPLETE
3254,3254,0.6875,2026-04-05 12:01:46.860444,2026-04-05 12:01:54.057130,0 days 00:00:07.196686,434,1,113.6,153.7,0.51,COMPLETE
3255,3255,0.6875,2026-04-05 12:01:54.071057,2026-04-05 12:02:00.779022,0 days 00:00:06.707965,496,1,116.0,155.3,0.23,COMPLETE
3256,3256,0.6875,2026-04-05 12:02:00.788903,2026-04-05 12:02:07.498399,0 days 00:00:06.709496,408,1,117.6,154.9,0.04,COMPLETE
3257,3257,0.6875,2026-04-05 12:02:07.512467,2026-04-05 12:02:14.572820,0 days 00:00:07.060353,364,1,123.7,152.0,0.66,COMPLETE
3258,3258,0.6875,2026-04-05 12:02:14.586998,2026-04-05 12:02:22.094739,0 days 00:00:07.507741,411,1,115.3,157.9,0.06,COMPLETE
3259,3259,0.825,2026-04-05 12:02:22.108620,2026-04-05 12:02:37.493808,0 days 00:00:15.385188,418,2,126.0,153.4,0.3,COMPLETE
3260,3260,0.6875,2026-04-05 12:02:37.508584,2026-04-05 12:02:44.923853,0 days 00:00:07.415269,434,1,116.9,156.0,0.33,COMPLETE
3261,3261,0.825,2026-04-05 12:02:44.937992,2026-04-05 12:02:52.214998,0 days 00:00:07.277006,468,1,119.7,152.9,0.05,COMPLETE
3262,3262,0.6875,2026-04-05 12:02:52.229848,2026-04-05 12:02:59.547883,0 days 00:00:07.318035,262,1,125.6,155.6,0.3,COMPLETE
3263,3263,0.671875,2026-04-05 12:02:59.592969,2026-04-05 12:03:06.232489,0 days 00:00:06.639520,412,1,123.1,154.2,0.52,COMPLETE
3264,3264,0.825,2026-04-05 12:03:06.247071,2026-04-05 12:03:40.632848,0 days 00:00:34.385777,374,1,116.5,155.0,0.03,COMPLETE
3265,3265,0.6875,2026-04-05 12:03:40.646847,2026-04-05 12:03:48.044438,0 days 00:00:07.397591,375,2,123.7,154.1,1.11,COMPLETE
3266,3266,0.825,2026-04-05 12:03:48.058902,2026-04-05 12:04:03.420462,0 days 00:00:15.361560,471,1,116.8,156.4,0.01,COMPLETE
3267,3267,0.825,2026-04-05 12:04:03.434278,2026-04-05 12:04:37.984754,0 days 00:00:34.550476,428,2,122.9,155.0,0.31,COMPLETE
3268,3268,0.6875,2026-04-05 12:04:37.999226,2026-04-05 12:04:45.146579,0 days 00:00:07.147353,269,1,122.1,152.3,0.03,COMPLETE
3269,3269,0.6875,2026-04-05 12:04:45.160562,2026-04-05 12:04:51.901450,0 days 00:00:06.740888,488,3,120.3,154.0,0.6,COMPLETE
3270,3270,0.6875,2026-04-05 12:04:51.912429,2026-04-05 12:04:59.512883,0 days 00:00:07.600454,381,1,126.8,149.3,0.52,COMPLETE
3271,3271,0.6875,2026-04-05 12:04:59.527267,2026-04-05 12:05:07.248680,0 days 00:00:07.721413,500,1,116.8,153.2,0.02,COMPLETE
3272,3272,0.6875,2026-04-05 12:05:07.262482,2026-04-05 12:05:15.129771,0 days 00:00:07.867289,422,1,125.8,157.6,0.45,COMPLETE
3273,3273,0.6875,2026-04-05 12:05:15.139586,2026-04-05 12:05:22.123615,0 days 00:00:06.984029,259,1,123.9,156.4,0.78,COMPLETE
3274,3274,0.825,2026-04-05 12:05:22.137947,2026-04-05 12:05:56.311856,0 days 00:00:34.173909,498,1,118.8,157.6,0.0,COMPLETE
3275,3275,0.6875,2026-04-05 12:05:56.326156,2026-04-05 12:06:03.267469,0 days 00:00:06.941313,432,1,115.3,155.6,0.05,COMPLETE
3276,3276,0.6875,2026-04-05 12:06:03.281943,2026-04-05 12:06:09.971665,0 days 00:00:06.689722,432,1,113.5,153.6,1.3800000000000001,COMPLETE
3277,3277,0.825,2026-04-05 12:06:10.026229,2026-04-05 12:06:44.207518,0 days 00:00:34.181289,464,2,115.5,156.2,0.01,COMPLETE
3278,3278,0.6875,2026-04-05 12:06:44.221853,2026-04-05 12:06:51.055888,0 days 00:00:06.834035,474,1,115.3,157.4,1.16,COMPLETE
3279,3279,0.6875,2026-04-05 12:06:51.069967,2026-04-05 12:06:57.869863,0 days 00:00:06.799896,437,1,113.2,154.3,1.09,COMPLETE
3280,3280,0.6875,2026-04-05 12:06:57.883436,2026-04-05 12:07:05.248085,0 days 00:00:07.364649,496,1,121.0,154.2,0.42,COMPLETE
3281,3281,0.6875,2026-04-05 12:07:05.259897,2026-04-05 12:07:12.462869,0 days 00:00:07.202972,487,1,114.0,154.4,0.0,COMPLETE
3282,3282,0.6875,2026-04-05 12:07:12.510611,2026-04-05 12:07:20.117817,0 days 00:00:07.607206,230,2,120.3,153.9,0.12,COMPLETE
3283,3283,0.6875,2026-04-05 12:07:20.128883,2026-04-05 12:07:27.125014,0 days 00:00:06.996131,406,1,115.9,151.3,0.0,COMPLETE
3284,3284,0.6875,2026-04-05 12:07:27.139118,2026-04-05 12:07:34.579887,0 days 00:00:07.440769,332,1,115.5,157.8,0.01,COMPLETE
3285,3285,0.825,2026-04-05 12:07:34.593799,2026-04-05 12:08:08.673963,0 days 00:00:34.080164,461,1,116.5,155.3,0.0,COMPLETE
3286,3286,0.6875,2026-04-05 12:08:08.688038,2026-04-05 12:08:16.466217,0 days 00:00:07.778179,368,1,122.6,150.1,0.45,COMPLETE
3287,3287,0.6875,2026-04-05 12:08:16.476143,2026-04-05 12:08:23.617593,0 days 00:00:07.141450,357,1,124.5,156.3,0.51,COMPLETE
3288,3288,0.6875,2026-04-05 12:08:23.631712,2026-04-05 12:08:31.079296,0 days 00:00:07.447584,246,1,125.2,149.5,0.55,COMPLETE
3289,3289,0.6875,2026-04-05 12:08:31.093070,2026-04-05 12:08:38.692928,0 days 00:00:07.599858,432,1,116.2,153.2,0.13,COMPLETE
3290,3290,0.6875,2026-04-05 12:08:38.703003,2026-04-05 12:08:46.274422,0 days 00:00:07.571419,166,1,118.8,156.1,1.98,COMPLETE
3291,3291,0.6875,2026-04-05 12:08:46.288786,2026-04-05 12:08:53.653949,0 days 00:00:07.365163,270,1,126.7,156.1,0.49,COMPLETE
3292,3292,0.671875,2026-04-05 12:08:53.668515,2026-04-05 12:09:01.204799,0 days 00:00:07.536284,437,1,117.1,155.5,0.0,COMPLETE
3293,3293,0.6875,2026-04-05 12:09:01.266203,2026-04-05 12:09:08.959236,0 days 00:00:07.693033,399,1,125.5,149.6,1.6,COMPLETE
3294,3294,0.6875,2026-04-05 12:09:08.973263,2026-04-05 12:09:17.265746,0 days 00:00:08.292483,419,1,113.4,157.4,0.02,COMPLETE
3295,3295,0.825,2026-04-05 12:09:17.279682,2026-04-05 12:10:14.148161,0 days 00:00:56.868479,448,3,125.1,154.4,0.23,COMPLETE
3296,3296,0.6875,2026-04-05 12:10:14.161870,2026-04-05 12:10:21.248059,0 days 00:00:07.086189,368,1,122.3,158.1,0.31,COMPLETE
3297,3297,0.6875,2026-04-05 12:10:21.258001,2026-04-05 12:10:28.067068,0 days 00:00:06.809067,304,1,125.3,158.4,0.29,COMPLETE
3298,3298,0.6875,2026-04-05 12:10:28.081389,2026-04-05 12:10:34.745176,0 days 00:00:06.663787,291,1,124.0,155.0,0.27,COMPLETE
3299,3299,0.6875,2026-04-05 12:10:34.759321,2026-04-05 12:10:41.989635,0 days 00:00:07.230314,492,1,116.0,156.6,0.56,COMPLETE
3300,3300,0.6875,2026-04-05 12:10:42.000218,2026-04-05 12:10:49.291132,0 days 00:00:07.290914,411,2,122.9,154.6,0.68,COMPLETE
3301,3301,0.6875,2026-04-05 12:10:49.305136,2026-04-05 12:10:56.465865,0 days 00:00:07.160729,475,1,115.8,156.4,0.32,COMPLETE
3302,3302,0.825,2026-04-05 12:10:56.479928,2026-04-05 12:11:13.728134,0 days 00:00:17.248206,498,2,124.3,154.4,0.78,COMPLETE
3303,3303,0.6875,2026-04-05 12:11:13.777629,2026-04-05 12:11:21.974886,0 days 00:00:08.197257,404,3,113.3,149.4,0.21,COMPLETE
3304,3304,0.825,2026-04-05 12:11:21.989332,2026-04-05 12:11:57.273096,0 days 00:00:35.283764,334,1,122.8,156.3,0.4,COMPLETE
3305,3305,0.6875,2026-04-05 12:11:57.286973,2026-04-05 12:12:04.088114,0 days 00:00:06.801141,492,3,124.2,157.0,0.78,COMPLETE
3306,3306,0.6875,2026-04-05 12:12:04.102220,2026-04-05 12:12:11.378085,0 days 00:00:07.275865,200,2,122.3,155.0,0.38,COMPLETE
3307,3307,0.825,2026-04-05 12:12:11.392259,2026-04-05 12:12:16.924422,0 days 00:00:05.532163,391,1,115.7,154.8,0.01,COMPLETE
3308,3308,0.6875,2026-04-05 12:12:16.938176,2026-04-05 12:12:24.773748,0 days 00:00:07.835572,263,2,124.8,156.3,0.23,COMPLETE
3309,3309,0.6875,2026-04-05 12:12:24.784591,2026-04-05 12:12:31.551017,0 days 00:00:06.766426,249,2,124.1,153.6,0.09,COMPLETE
3310,3310,0.6875,2026-04-05 12:12:31.565068,2026-04-05 12:12:38.304245,0 days 00:00:06.739177,302,1,121.9,154.3,0.22,COMPLETE
3311,3311,0.6875,2026-04-05 12:12:38.314785,2026-04-05 12:12:45.724881,0 days 00:00:07.410096,202,1,127.0,157.7,0.56,COMPLETE
3312,3312,0.6875,2026-04-05 12:12:45.735319,2026-04-05 12:12:52.661590,0 days 00:00:06.926271,257,1,123.5,154.3,0.61,COMPLETE
3313,3313,0.6875,2026-04-05 12:12:52.676495,2026-04-05 12:12:59.488345,0 days 00:00:06.811850,417,1,120.4,151.8,0.48,COMPLETE
3314,3314,0.825,2026-04-05 12:12:59.502284,2026-04-05 12:13:33.791990,0 days 00:00:34.289706,412,1,121.3,156.9,0.29,COMPLETE
3315,3315,0.6875,2026-04-05 12:13:33.805851,2026-04-05 12:13:41.280087,0 days 00:00:07.474236,487,3,116.8,151.0,1.41,COMPLETE
3316,3316,0.825,2026-04-05 12:13:41.293919,2026-04-05 12:14:15.516114,0 days 00:00:34.222195,429,1,118.5,153.2,0.38,COMPLETE
3317,3317,0.6875,2026-04-05 12:14:15.526957,2026-04-05 12:14:22.430327,0 days 00:00:06.903370,398,1,115.2,152.9,0.81,COMPLETE
3318,3318,0.825,2026-04-05 12:14:22.443633,2026-04-05 12:14:56.976798,0 days 00:00:34.533165,492,2,122.5,153.1,0.51,COMPLETE
3319,3319,0.825,2026-04-05 12:14:56.990319,2026-04-05 12:15:31.271056,0 days 00:00:34.280737,363,1,121.9,155.2,0.01,COMPLETE
3320,3320,0.6875,2026-04-05 12:15:31.284534,2026-04-05 12:15:38.549410,0 days 00:00:07.264876,426,1,115.4,156.0,0.01,COMPLETE
3321,3321,0.825,2026-04-05 12:15:38.563476,2026-04-05 12:16:12.748717,0 days 00:00:34.185241,500,2,120.4,155.8,0.62,COMPLETE
3322,3322,0.6875,2026-04-05 12:16:12.762932,2026-04-05 12:16:19.808946,0 days 00:00:07.046014,341,2,121.7,154.9,0.24,COMPLETE
3323,3323,0.6875,2026-04-05 12:16:19.819634,2026-04-05 12:16:26.914174,0 days 00:00:07.094540,289,1,125.5,155.7,0.05,COMPLETE
3324,3324,0.825,2026-04-05 12:16:26.928300,2026-04-05 12:17:00.895195,0 days 00:00:33.966895,393,1,122.4,156.2,0.54,COMPLETE
3325,3325,0.825,2026-04-05 12:17:00.910012,2026-04-05 12:17:35.443281,0 days 00:00:34.533269,482,1,116.2,155.4,0.02,COMPLETE
3326,3326,0.6875,2026-04-05 12:17:35.457930,2026-04-05 12:17:43.042443,0 days 00:00:07.584513,330,2,120.8,151.7,0.3,COMPLETE
3327,3327,0.6875,2026-04-05 12:17:43.056418,2026-04-05 12:17:50.197548,0 days 00:00:07.141130,277,1,123.3,155.3,0.19,COMPLETE
3328,3328,0.6875,2026-04-05 12:17:50.208752,2026-04-05 12:17:56.683067,0 days 00:00:06.474315,371,1,123.7,154.6,0.42,COMPLETE
3329,3329,0.825,2026-04-05 12:17:56.697331,2026-04-05 12:18:31.734196,0 days 00:00:35.036865,415,1,119.3,153.2,0.22,COMPLETE
3330,3330,0.825,2026-04-05 12:18:31.748499,2026-04-05 12:19:05.576805,0 days 00:00:33.828306,461,1,116.6,154.7,0.03,COMPLETE
3331,3331,0.825,2026-04-05 12:19:05.624745,2026-04-05 12:19:39.633410,0 days 00:00:34.008665,498,1,118.3,154.6,0.04,COMPLETE
3332,3332,0.0,2026-04-05 12:19:39.647229,2026-04-05 12:19:46.758220,0 days 00:00:07.110991,403,1,116.0,153.6,0.06,COMPLETE
3333,3333,0.6875,2026-04-05 12:19:46.772082,2026-04-05 12:19:53.544147,0 days 00:00:06.772065,417,1,114.1,152.1,0.35000000000000003,COMPLETE
3334,3334,0.6875,2026-04-05 12:19:53.554617,2026-04-05 12:20:00.518080,0 days 00:00:06.963463,358,1,115.2,155.3,0.39,COMPLETE
3335,3335,0.6875,2026-04-05 12:20:00.531775,2026-04-05 12:20:07.340839,0 days 00:00:06.809064,413,1,117.0,151.8,0.17,COMPLETE
3336,3336,0.6875,2026-04-05 12:20:07.355214,2026-04-05 12:20:13.953863,0 days 00:00:06.598649,384,1,116.2,153.0,0.13,COMPLETE
3337,3337,0.6875,2026-04-05 12:20:13.967598,2026-04-05 12:20:20.773584,0 days 00:00:06.805986,369,1,113.4,155.2,0.24,COMPLETE
3338,3338,0.6875,2026-04-05 12:20:20.788432,2026-04-05 12:20:27.483817,0 days 00:00:06.695385,454,1,116.1,153.7,0.0,COMPLETE
3339,3339,0.6875,2026-04-05 12:20:27.494174,2026-04-05 12:20:34.092861,0 days 00:00:06.598687,436,1,114.7,152.8,0.04,COMPLETE
3340,3340,0.6875,2026-04-05 12:20:34.107261,2026-04-05 12:20:40.895767,0 days 00:00:06.788506,374,1,115.0,154.0,0.18,COMPLETE
3341,3341,0.6875,2026-04-05 12:20:40.910237,2026-04-05 12:20:47.589211,0 days 00:00:06.678974,410,1,115.2,152.6,0.04,COMPLETE
3342,3342,0.6875,2026-04-05 12:20:47.603416,2026-04-05 12:20:54.230139,0 days 00:00:06.626723,358,1,116.9,152.8,0.14,COMPLETE
3343,3343,0.6875,2026-04-05 12:20:54.244582,2026-04-05 12:21:00.828703,0 days 00:00:06.584121,383,1,116.2,153.7,0.42,COMPLETE
3344,3344,0.6875,2026-04-05 12:21:00.842893,2026-04-05 12:21:07.601031,0 days 00:00:06.758138,377,1,116.2,151.0,0.12,COMPLETE
3345,3345,0.6875,2026-04-05 12:21:07.615281,2026-04-05 12:21:14.384733,0 days 00:00:06.769452,431,1,115.8,153.6,0.42,COMPLETE
3346,3346,0.825,2026-04-05 12:21:14.396258,2026-04-05 12:21:48.391946,0 days 00:00:33.995688,380,1,117.5,152.8,0.07,COMPLETE
3347,3347,0.6875,2026-04-05 12:21:48.406041,2026-04-05 12:21:55.262644,0 days 00:00:06.856603,370,1,114.3,154.0,0.2,COMPLETE
3348,3348,0.6875,2026-04-05 12:21:55.276337,2026-04-05 12:22:01.766532,0 days 00:00:06.490195,385,1,113.9,153.5,0.33,COMPLETE
3349,3349,0.6875,2026-04-05 12:22:01.780736,2026-04-05 12:22:08.512208,0 days 00:00:06.731472,382,1,116.2,153.7,0.23,COMPLETE
3350,3350,0.6875,2026-04-05 12:22:08.525976,2026-04-05 12:22:15.033653,0 days 00:00:06.507677,403,1,116.7,154.2,0.25,COMPLETE
3351,3351,0.6875,2026-04-05 12:22:15.047368,2026-04-05 12:22:21.693985,0 days 00:00:06.646617,483,2,117.9,155.5,1.01,COMPLETE
3352,3352,0.825,2026-04-05 12:22:21.706187,2026-04-05 12:22:27.411157,0 days 00:00:05.704970,454,3,124.9,152.3,0.59,COMPLETE
3353,3353,0.6875,2026-04-05 12:22:27.425219,2026-04-05 12:22:35.568745,0 days 00:00:08.143526,378,2,113.8,153.0,0.0,COMPLETE
3354,3354,0.6875,2026-04-05 12:22:35.582845,2026-04-05 12:22:42.377447,0 days 00:00:06.794602,404,1,116.7,152.5,0.31,COMPLETE
3355,3355,0.6875,2026-04-05 12:22:42.391964,2026-04-05 12:22:49.785786,0 days 00:00:07.393822,434,2,123.3,157.4,0.68,COMPLETE
3356,3356,0.6875,2026-04-05 12:22:49.800289,2026-04-05 12:22:57.434992,0 days 00:00:07.634703,380,1,113.5,154.0,0.0,COMPLETE
3357,3357,0.6875,2026-04-05 12:22:57.446738,2026-04-05 12:23:05.386937,0 days 00:00:07.940199,362,2,124.9,158.5,0.04,COMPLETE
3358,3358,0.825,2026-04-05 12:23:05.400692,2026-04-05 12:23:39.490936,0 days 00:00:34.090244,500,2,122.1,157.5,0.33,COMPLETE
3359,3359,0.6875,2026-04-05 12:23:39.504861,2026-04-05 12:23:47.087860,0 days 00:00:07.582999,444,1,115.6,152.5,0.09,COMPLETE
3360,3360,0.6875,2026-04-05 12:23:47.102966,2026-04-05 12:23:53.767238,0 days 00:00:06.664272,450,1,117.2,151.4,0.44,COMPLETE
3361,3361,0.015625,2026-04-05 12:23:53.811689,2026-04-05 12:24:00.616443,0 days 00:00:06.804754,392,1,116.3,155.0,0.15,COMPLETE
3362,3362,0.6875,2026-04-05 12:24:00.630752,2026-04-05 12:24:07.142219,0 days 00:00:06.511467,402,1,115.5,154.5,0.13,COMPLETE
3363,3363,0.6875,2026-04-05 12:24:07.156960,2026-04-05 12:24:13.852155,0 days 00:00:06.695195,446,2,113.5,154.9,0.02,COMPLETE
3364,3364,0.6875,2026-04-05 12:24:13.866151,2026-04-05 12:24:20.918499,0 days 00:00:07.052348,343,1,117.0,156.0,0.02,COMPLETE
3365,3365,0.825,2026-04-05 12:24:20.932443,2026-04-05 12:24:54.978560,0 days 00:00:34.046117,373,1,117.9,154.1,0.03,COMPLETE
3366,3366,0.6875,2026-04-05 12:24:54.992104,2026-04-05 12:25:01.903796,0 days 00:00:06.911692,386,1,115.7,157.0,0.33,COMPLETE
3367,3367,0.825,2026-04-05 12:25:01.918252,2026-04-05 12:25:15.464963,0 days 00:00:13.546711,392,1,118.1,153.6,0.31,COMPLETE
3368,3368,0.6875,2026-04-05 12:25:15.479062,2026-04-05 12:25:22.276743,0 days 00:00:06.797681,340,1,116.5,154.7,0.3,COMPLETE
3369,3369,0.6875,2026-04-05 12:25:22.287853,2026-04-05 12:25:28.912242,0 days 00:00:06.624389,313,1,115.0,155.4,0.3,COMPLETE
3370,3370,0.6875,2026-04-05 12:25:28.926604,2026-04-05 12:25:35.943428,0 days 00:00:07.016824,496,1,116.8,150.6,0.21,COMPLETE
3371,3371,0.6875,2026-04-05 12:25:35.957603,2026-04-05 12:25:42.892176,0 days 00:00:06.934573,459,1,117.7,155.2,0.74,COMPLETE
3372,3372,0.6875,2026-04-05 12:25:42.906388,2026-04-05 12:25:49.431460,0 days 00:00:06.525072,399,1,117.4,154.4,0.33,COMPLETE
3373,3373,0.825,2026-04-05 12:25:49.444926,2026-04-05 12:25:56.525687,0 days 00:00:07.080761,389,1,115.8,154.3,0.05,COMPLETE
3374,3374,0.6875,2026-04-05 12:25:56.535787,2026-04-05 12:26:03.405858,0 days 00:00:06.870071,417,1,117.8,154.1,0.39,COMPLETE
3375,3375,0.6875,2026-04-05 12:26:03.419640,2026-04-05 12:26:10.032757,0 days 00:00:06.613117,362,1,117.4,155.6,0.41000000000000003,COMPLETE
3376,3376,0.6875,2026-04-05 12:26:10.047275,2026-04-05 12:26:16.790649,0 days 00:00:06.743374,428,3,116.5,157.7,1.51,COMPLETE
3377,3377,0.6875,2026-04-05 12:26:16.801917,2026-04-05 12:26:23.506060,0 days 00:00:06.704143,444,1,115.9,154.8,0.22,COMPLETE
3378,3378,0.6875,2026-04-05 12:26:23.520148,2026-04-05 12:26:30.049659,0 days 00:00:06.529511,418,1,115.1,154.6,0.75,COMPLETE
3379,3379,0.6875,2026-04-05 12:26:30.061618,2026-04-05 12:26:36.763114,0 days 00:00:06.701496,400,1,117.0,155.9,0.67,COMPLETE
3380,3380,0.6875,2026-04-05 12:26:36.773942,2026-04-05 12:26:43.796070,0 days 00:00:07.022128,335,1,115.3,154.2,0.17,COMPLETE
3381,3381,0.6875,2026-04-05 12:26:43.810165,2026-04-05 12:26:50.488247,0 days 00:00:06.678082,390,1,114.1,155.8,0.42,COMPLETE
3382,3382,0.6875,2026-04-05 12:26:50.502033,2026-04-05 12:26:57.269752,0 days 00:00:06.767719,383,1,114.8,153.0,0.0,COMPLETE
3383,3383,0.6875,2026-04-05 12:26:57.283743,2026-04-05 12:27:04.078363,0 days 00:00:06.794620,366,1,116.1,155.3,0.31,COMPLETE
3384,3384,0.825,2026-04-05 12:27:04.089284,2026-04-05 12:27:37.823034,0 days 00:00:33.733750,413,1,116.6,154.9,0.08,COMPLETE
3385,3385,0.0,2026-04-05 12:27:37.837662,2026-04-05 12:27:44.617445,0 days 00:00:06.779783,402,1,117.6,155.8,0.31,COMPLETE
3386,3386,0.825,2026-04-05 12:27:44.631165,2026-04-05 12:28:18.518894,0 days 00:00:33.887729,376,1,118.0,156.1,0.17,COMPLETE
3387,3387,0.6875,2026-04-05 12:28:18.530208,2026-04-05 12:28:25.319722,0 days 00:00:06.789514,350,1,116.7,155.8,0.53,COMPLETE
3388,3388,0.6875,2026-04-05 12:28:25.331288,2026-04-05 12:28:31.827375,0 days 00:00:06.496087,422,1,117.5,155.8,0.36,COMPLETE
3389,3389,0.6875,2026-04-05 12:28:31.844777,2026-04-05 12:28:38.441309,0 days 00:00:06.596532,433,1,116.1,156.3,0.34,COMPLETE
3390,3390,0.6875,2026-04-05 12:28:38.456683,2026-04-05 12:28:45.160986,0 days 00:00:06.704303,402,1,117.3,153.4,0.18,COMPLETE
3391,3391,0.825,2026-04-05 12:28:45.173918,2026-04-05 12:29:19.195995,0 days 00:00:34.022077,417,1,118.2,156.3,0.11,COMPLETE
3392,3392,0.825,2026-04-05 12:29:19.210055,2026-04-05 12:29:53.227716,0 days 00:00:34.017661,447,1,119.8,155.0,0.28,COMPLETE
3393,3393,0.6875,2026-04-05 12:29:53.241837,2026-04-05 12:30:00.189289,0 days 00:00:06.947452,405,1,116.9,156.8,0.72,COMPLETE
3394,3394,0.6875,2026-04-05 12:30:00.203326,2026-04-05 12:30:07.067660,0 days 00:00:06.864334,438,1,113.1,155.2,0.03,COMPLETE
3395,3395,0.825,2026-04-05 12:30:07.082319,2026-04-05 12:30:41.352734,0 days 00:00:34.270415,432,1,118.1,155.6,0.38,COMPLETE
3396,3396,0.6875,2026-04-05 12:30:41.366380,2026-04-05 12:30:48.227971,0 days 00:00:06.861591,375,1,116.3,156.1,0.24,COMPLETE
3397,3397,0.825,2026-04-05 12:30:48.242053,2026-04-05 12:31:22.084260,0 days 00:00:33.842207,365,1,117.5,155.9,0.02,COMPLETE
3398,3398,0.6875,2026-04-05 12:31:22.098335,2026-04-05 12:31:28.968554,0 days 00:00:06.870219,370,1,117.9,157.6,0.51,COMPLETE
3399,3399,0.6875,2026-04-05 12:31:28.982601,2026-04-05 12:31:35.634259,0 days 00:00:06.651658,409,1,116.8,155.9,0.38,COMPLETE
3400,3400,0.6875,2026-04-05 12:31:35.647754,2026-04-05 12:31:42.433520,0 days 00:00:06.785766,409,1,114.0,156.3,0.31,COMPLETE
3401,3401,0.6875,2026-04-05 12:31:42.448203,2026-04-05 12:31:49.216322,0 days 00:00:06.768119,421,1,117.5,154.9,0.58,COMPLETE
3402,3402,0.6875,2026-04-05 12:31:49.230476,2026-04-05 12:31:56.024660,0 days 00:00:06.794184,371,1,116.3,158.2,0.36,COMPLETE
3403,3403,0.6875,2026-04-05 12:31:56.038930,2026-04-05 12:32:02.921536,0 days 00:00:06.882606,406,1,115.4,154.5,0.24,COMPLETE
3404,3404,0.825,2026-04-05 12:32:02.931684,2026-04-05 12:32:37.073758,0 days 00:00:34.142074,374,1,118.1,156.1,0.49,COMPLETE
3405,3405,0.6875,2026-04-05 12:32:37.088109,2026-04-05 12:32:43.982688,0 days 00:00:06.894579,354,1,115.0,155.4,0.08,COMPLETE
3406,3406,0.6875,2026-04-05 12:32:43.996652,2026-04-05 12:32:50.760705,0 days 00:00:06.764053,433,1,117.1,157.8,0.51,COMPLETE
3407,3407,0.6875,2026-04-05 12:32:50.775582,2026-04-05 12:32:57.600078,0 days 00:00:06.824496,424,1,117.9,153.8,0.0,COMPLETE
3408,3408,0.6875,2026-04-05 12:32:57.613978,2026-04-05 12:33:04.346514,0 days 00:00:06.732536,408,1,116.5,156.5,0.31,COMPLETE
3409,3409,0.825,2026-04-05 12:33:04.360247,2026-04-05 12:33:38.500345,0 days 00:00:34.140098,426,1,119.2,155.7,0.33,COMPLETE
3410,3410,0.825,2026-04-05 12:33:38.514676,2026-04-05 12:34:12.308111,0 days 00:00:33.793435,412,1,119.0,157.1,0.03,COMPLETE
3411,3411,0.6875,2026-04-05 12:34:12.322295,2026-04-05 12:34:18.919573,0 days 00:00:06.597278,426,1,118.9,157.9,0.32,COMPLETE
3412,3412,0.6875,2026-04-05 12:34:18.933726,2026-04-05 12:34:25.919011,0 days 00:00:06.985285,410,1,116.5,153.5,0.06,COMPLETE
3413,3413,0.6875,2026-04-05 12:34:25.932927,2026-04-05 12:34:32.472047,0 days 00:00:06.539120,361,1,115.6,153.4,0.35000000000000003,COMPLETE
3414,3414,0.6875,2026-04-05 12:34:32.482363,2026-04-05 12:34:39.252445,0 days 00:00:06.770082,456,1,116.3,156.9,0.27,COMPLETE
3415,3415,0.6875,2026-04-05 12:34:39.266558,2026-04-05 12:34:46.283271,0 days 00:00:07.016713,360,1,113.7,155.8,0.0,COMPLETE
3416,3416,0.6875,2026-04-05 12:34:46.296925,2026-04-05 12:34:54.409130,0 days 00:00:08.112205,205,3,119.7,148.0,0.56,COMPLETE
3417,3417,0.825,2026-04-05 12:34:54.420268,2026-04-05 12:35:28.849793,0 days 00:00:34.429525,407,1,119.0,154.2,0.31,COMPLETE
3418,3418,0.825,2026-04-05 12:35:28.863379,2026-04-05 12:36:03.375129,0 days 00:00:34.511750,411,1,119.1,153.2,0.02,COMPLETE
3419,3419,0.825,2026-04-05 12:36:03.389626,2026-04-05 12:36:37.458125,0 days 00:00:34.068499,394,1,118.3,157.3,0.33,COMPLETE
3420,3420,0.6875,2026-04-05 12:36:37.507676,2026-04-05 12:36:44.301384,0 days 00:00:06.793708,370,1,116.3,156.6,0.2,COMPLETE
3421,3421,0.6875,2026-04-05 12:36:44.315362,2026-04-05 12:36:51.086326,0 days 00:00:06.770964,328,1,115.9,154.1,0.72,COMPLETE
3422,3422,0.825,2026-04-05 12:36:51.100480,2026-04-05 12:36:56.104100,0 days 00:00:05.003620,421,1,116.4,155.2,0.29,COMPLETE
3423,3423,0.825,2026-04-05 12:36:56.117800,2026-04-05 12:37:30.187061,0 days 00:00:34.069261,409,1,118.4,154.5,0.04,COMPLETE
3424,3424,0.6875,2026-04-05 12:37:30.201907,2026-04-05 12:37:37.018920,0 days 00:00:06.817013,414,1,115.7,156.2,0.01,COMPLETE
3425,3425,0.6875,2026-04-05 12:37:37.032917,2026-04-05 12:37:43.768018,0 days 00:00:06.735101,466,1,115.8,153.6,0.42,COMPLETE
3426,3426,0.6875,2026-04-05 12:37:43.778659,2026-04-05 12:37:50.853876,0 days 00:00:07.075217,495,2,121.4,153.5,1.07,COMPLETE
3427,3427,0.6875,2026-04-05 12:37:50.868349,2026-04-05 12:37:58.243013,0 days 00:00:07.374664,347,1,114.9,153.5,0.02,COMPLETE
3428,3428,0.6875,2026-04-05 12:37:58.256838,2026-04-05 12:38:05.000551,0 days 00:00:06.743713,404,1,115.1,156.0,0.56,COMPLETE
3429,3429,0.825,2026-04-05 12:38:05.014695,2026-04-05 12:38:39.080453,0 days 00:00:34.065758,405,1,117.8,155.5,0.21,COMPLETE
3430,3430,0.6875,2026-04-05 12:38:39.094730,2026-04-05 12:38:46.084806,0 days 00:00:06.990076,427,1,113.6,153.7,0.33,COMPLETE
3431,3431,0.6875,2026-04-05 12:38:46.099070,2026-04-05 12:38:52.730562,0 days 00:00:06.631492,399,1,115.5,153.9,0.51,COMPLETE
3432,3432,0.6875,2026-04-05 12:38:52.741378,2026-04-05 12:38:59.268162,0 days 00:00:06.526784,366,1,115.3,154.7,0.02,COMPLETE
3433,3433,0.6875,2026-04-05 12:38:59.282365,2026-04-05 12:39:05.882115,0 days 00:00:06.599750,379,1,116.8,154.8,0.38,COMPLETE
3434,3434,0.6875,2026-04-05 12:39:05.896618,2026-04-05 12:39:12.623863,0 days 00:00:06.727245,494,2,115.0,155.8,0.03,COMPLETE
3435,3435,0.6875,2026-04-05 12:39:12.638516,2026-04-05 12:39:19.409380,0 days 00:00:06.770864,445,1,117.5,153.5,0.04,COMPLETE
3436,3436,0.6875,2026-04-05 12:39:19.423629,2026-04-05 12:39:26.195139,0 days 00:00:06.771510,401,1,120.5,155.1,0.8300000000000001,COMPLETE
3437,3437,0.825,2026-04-05 12:39:26.206087,2026-04-05 12:40:00.214394,0 days 00:00:34.008307,385,1,116.7,154.4,0.02,COMPLETE
3438,3438,0.825,2026-04-05 12:40:00.228865,2026-04-05 12:40:34.269082,0 days 00:00:34.040217,469,1,118.8,156.7,0.37,COMPLETE
3439,3439,0.825,2026-04-05 12:40:34.283374,2026-04-05 12:41:09.035925,0 days 00:00:34.752551,417,1,116.9,155.6,0.0,COMPLETE
3440,3440,0.825,2026-04-05 12:41:09.047693,2026-04-05 12:41:42.867452,0 days 00:00:33.819759,476,1,118.3,154.2,0.27,COMPLETE
3441,3441,0.825,2026-04-05 12:41:42.914126,2026-04-05 12:42:16.904242,0 days 00:00:33.990116,419,2,115.8,154.0,0.0,COMPLETE
3442,3442,0.6875,2026-04-05 12:42:16.918521,2026-04-05 12:42:23.941193,0 days 00:00:07.022672,409,2,117.0,158.7,0.52,COMPLETE
3443,3443,0.6875,2026-04-05 12:42:23.955390,2026-04-05 12:42:31.184199,0 days 00:00:07.228809,495,1,113.0,153.5,0.9500000000000001,COMPLETE
3444,3444,0.015625,2026-04-05 12:42:31.198597,2026-04-05 12:42:38.195190,0 days 00:00:06.996593,381,1,116.5,154.4,0.38,COMPLETE
3445,3445,0.6875,2026-04-05 12:42:38.206493,2026-04-05 12:42:44.643009,0 days 00:00:06.436516,332,1,116.5,154.0,0.43,COMPLETE
3446,3446,0.671875,2026-04-05 12:42:44.657817,2026-04-05 12:42:51.197522,0 days 00:00:06.539705,357,1,115.9,153.4,0.23,COMPLETE
3447,3447,0.6875,2026-04-05 12:42:51.211606,2026-04-05 12:42:57.975947,0 days 00:00:06.764341,445,1,118.4,152.4,0.45,COMPLETE
3448,3448,0.6875,2026-04-05 12:42:57.990608,2026-04-05 12:43:04.828510,0 days 00:00:06.837902,410,1,115.2,149.8,0.46,COMPLETE
3449,3449,0.6875,2026-04-05 12:43:04.843052,2026-04-05 12:43:12.105603,0 days 00:00:07.262551,372,1,115.3,157.0,0.55,COMPLETE
3450,3450,0.6875,2026-04-05 12:43:12.116562,2026-04-05 12:43:18.766254,0 days 00:00:06.649692,364,1,115.8,155.3,0.66,COMPLETE
3451,3451,0.6875,2026-04-05 12:43:18.780343,2026-04-05 12:43:25.544279,0 days 00:00:06.763936,360,1,117.3,152.0,0.45,COMPLETE
3452,3452,0.6875,2026-04-05 12:43:25.558789,2026-04-05 12:43:32.197110,0 days 00:00:06.638321,372,1,117.2,153.8,0.34,COMPLETE
3453,3453,0.6875,2026-04-05 12:43:32.211106,2026-04-05 12:43:38.746218,0 days 00:00:06.535112,411,1,116.4,153.1,0.25,COMPLETE
3454,3454,0.6875,2026-04-05 12:43:38.761025,2026-04-05 12:43:45.523964,0 days 00:00:06.762939,446,1,115.2,155.2,0.71,COMPLETE
3455,3455,0.6875,2026-04-05 12:43:45.535013,2026-04-05 12:43:52.191423,0 days 00:00:06.656410,358,1,115.4,155.3,0.54,COMPLETE
3456,3456,0.825,2026-04-05 12:43:52.206320,2026-04-05 12:43:57.371046,0 days 00:00:05.164726,344,1,115.9,152.2,0.01,COMPLETE
3457,3457,0.6875,2026-04-05 12:43:57.381691,2026-04-05 12:44:03.971166,0 days 00:00:06.589475,424,1,116.5,152.9,0.01,COMPLETE
3458,3458,0.6875,2026-04-05 12:44:03.985186,2026-04-05 12:44:10.714918,0 days 00:00:06.729732,382,2,116.6,150.2,1.41,COMPLETE
3459,3459,0.6875,2026-04-05 12:44:10.728817,2026-04-05 12:44:17.731486,0 days 00:00:07.002669,364,1,116.9,155.2,0.44,COMPLETE
3460,3460,0.6875,2026-04-05 12:44:17.746031,2026-04-05 12:44:24.320754,0 days 00:00:06.574723,450,1,117.4,154.0,0.51,COMPLETE
3461,3461,0.6875,2026-04-05 12:44:24.334618,2026-04-05 12:44:31.067005,0 days 00:00:06.732387,435,1,114.3,154.2,0.37,COMPLETE
3462,3462,0.6875,2026-04-05 12:44:31.085023,2026-04-05 12:44:37.925527,0 days 00:00:06.840504,381,2,116.7,157.4,0.17,COMPLETE
3463,3463,0.6875,2026-04-05 12:44:37.936767,2026-04-05 12:44:44.781507,0 days 00:00:06.844740,395,1,117.3,154.0,0.58,COMPLETE
3464,3464,0.6875,2026-04-05 12:44:44.795562,2026-04-05 12:44:51.503532,0 days 00:00:06.707970,373,1,116.6,156.2,0.28,COMPLETE
3465,3465,0.6875,2026-04-05 12:44:51.555554,2026-04-05 12:44:58.458553,0 days 00:00:06.902999,371,1,117.2,151.9,0.67,COMPLETE
3466,3466,0.6875,2026-04-05 12:44:58.509072,2026-04-05 12:45:05.189495,0 days 00:00:06.680423,417,1,117.4,154.9,0.2,COMPLETE
3467,3467,0.6875,2026-04-05 12:45:05.201074,2026-04-05 12:45:11.929794,0 days 00:00:06.728720,433,1,115.9,157.6,0.04,COMPLETE
3468,3468,0.6875,2026-04-05 12:45:11.944119,2026-04-05 12:45:19.087974,0 days 00:00:07.143855,320,1,115.3,153.1,0.36,COMPLETE
3469,3469,0.6875,2026-04-05 12:45:19.102037,2026-04-05 12:45:25.936665,0 days 00:00:06.834628,390,1,117.6,154.6,0.51,COMPLETE
3470,3470,0.6875,2026-04-05 12:45:25.951460,2026-04-05 12:45:32.721543,0 days 00:00:06.770083,398,1,115.2,154.1,0.41000000000000003,COMPLETE
3471,3471,0.6875,2026-04-05 12:45:32.735418,2026-04-05 12:45:39.397546,0 days 00:00:06.662128,385,1,117.2,155.0,0.59,COMPLETE
3472,3472,0.6875,2026-04-05 12:45:39.407965,2026-04-05 12:45:46.085724,0 days 00:00:06.677759,351,1,114.2,155.3,0.48,COMPLETE
3473,3473,0.6875,2026-04-05 12:45:46.100147,2026-04-05 12:45:52.815030,0 days 00:00:06.714883,449,1,116.2,155.5,0.3,COMPLETE
3474,3474,0.6875,2026-04-05 12:45:52.829690,2026-04-05 12:45:59.667457,0 days 00:00:06.837767,427,1,118.2,153.7,0.8300000000000001,COMPLETE
3475,3475,0.6875,2026-04-05 12:45:59.681746,2026-04-05 12:46:06.510270,0 days 00:00:06.828524,441,1,115.8,152.7,1.73,COMPLETE
3476,3476,0.6875,2026-04-05 12:46:06.525257,2026-04-05 12:46:13.294890,0 days 00:00:06.769633,423,1,115.8,154.0,0.19,COMPLETE
3477,3477,0.6875,2026-04-05 12:46:13.305533,2026-04-05 12:46:19.842431,0 days 00:00:06.536898,409,1,116.0,153.1,0.02,COMPLETE
3478,3478,0.6875,2026-04-05 12:46:19.856489,2026-04-05 12:46:26.444967,0 days 00:00:06.588478,394,1,116.7,154.1,0.43,COMPLETE
3479,3479,0.6875,2026-04-05 12:46:26.457102,2026-04-05 12:46:33.681432,0 days 00:00:07.224330,480,3,121.2,159.4,1.41,COMPLETE
3480,3480,0.6875,2026-04-05 12:46:33.695372,2026-04-05 12:46:41.527910,0 days 00:00:07.832538,375,1,114.1,153.4,0.53,COMPLETE
3481,3481,0.6875,2026-04-05 12:46:41.553852,2026-04-05 12:46:48.183300,0 days 00:00:06.629448,439,1,115.9,153.6,0.71,COMPLETE
3482,3482,0.6875,2026-04-05 12:46:48.194789,2026-04-05 12:46:54.808556,0 days 00:00:06.613767,419,1,115.2,155.2,0.51,COMPLETE
3483,3483,0.6875,2026-04-05 12:46:54.822613,2026-04-05 12:47:01.724341,0 days 00:00:06.901728,500,1,115.2,151.2,0.09,COMPLETE
3484,3484,0.6875,2026-04-05 12:47:01.739041,2026-04-05 12:47:09.257659,0 days 00:00:07.518618,445,3,123.9,154.2,0.56,COMPLETE
3485,3485,0.6875,2026-04-05 12:47:09.308110,2026-04-05 12:47:16.826406,0 days 00:00:07.518296,450,1,113.0,155.0,0.01,COMPLETE
3486,3486,0.6875,2026-04-05 12:47:16.841146,2026-04-05 12:47:23.681453,0 days 00:00:06.840307,441,1,115.1,155.5,0.0,COMPLETE
3487,3487,0.6875,2026-04-05 12:47:23.691247,2026-04-05 12:47:30.621808,0 days 00:00:06.930561,375,2,116.6,156.4,0.02,COMPLETE
3488,3488,0.6875,2026-04-05 12:47:30.635558,2026-04-05 12:47:37.290408,0 days 00:00:06.654850,498,1,117.3,155.8,1.1,COMPLETE
3489,3489,0.6875,2026-04-05 12:47:37.304489,2026-04-05 12:47:44.101783,0 days 00:00:06.797294,464,1,115.7,153.9,0.39,COMPLETE
3490,3490,0.825,2026-04-05 12:47:44.116283,2026-04-05 12:48:18.400685,0 days 00:00:34.284402,419,1,119.3,157.0,0.53,COMPLETE
3491,3491,0.6875,2026-04-05 12:48:18.414781,2026-04-05 12:48:25.212847,0 days 00:00:06.798066,451,2,118.4,155.6,1.74,COMPLETE
3492,3492,0.671875,2026-04-05 12:48:25.227185,2026-04-05 12:48:32.290518,0 days 00:00:07.063333,358,1,117.4,153.9,0.09,COMPLETE
3493,3493,0.6875,2026-04-05 12:48:32.302395,2026-04-05 12:48:39.036652,0 days 00:00:06.734257,395,1,115.0,154.9,0.04,COMPLETE
3494,3494,0.825,2026-04-05 12:48:39.050831,2026-04-05 12:48:44.267815,0 days 00:00:05.216984,364,1,117.7,154.1,0.02,COMPLETE
3495,3495,0.6875,2026-04-05 12:48:44.278929,2026-04-05 12:48:50.972498,0 days 00:00:06.693569,491,1,116.6,154.6,0.37,COMPLETE
3496,3496,0.825,2026-04-05 12:48:50.987092,2026-04-05 12:49:47.426881,0 days 00:00:56.439789,460,3,124.8,153.5,0.31,COMPLETE
3497,3497,0.825,2026-04-05 12:49:47.440918,2026-04-05 12:50:43.037825,0 days 00:00:55.596907,499,3,125.9,153.4,0.37,COMPLETE
3498,3498,0.6875,2026-04-05 12:50:43.054611,2026-04-05 12:50:50.222440,0 days 00:00:07.167829,499,2,121.7,150.7,0.61,COMPLETE
3499,3499,0.825,2026-04-05 12:50:50.236383,2026-04-05 12:50:56.156814,0 days 00:00:05.920431,478,1,115.2,157.3,0.01,COMPLETE
3500,3500,0.6875,2026-04-05 12:50:56.171954,2026-04-05 12:51:03.194598,0 days 00:00:07.022644,323,2,116.1,155.2,0.41000000000000003,COMPLETE
3501,3501,0.6875,2026-04-05 12:51:03.208783,2026-04-05 12:51:09.890741,0 days 00:00:06.681958,459,1,117.8,155.6,0.43,COMPLETE
3502,3502,0.6875,2026-04-05 12:51:09.901490,2026-04-05 12:51:16.803983,0 days 00:00:06.902493,406,2,113.5,154.7,0.48,COMPLETE
3503,3503,0.825,2026-04-05 12:51:16.817938,2026-04-05 12:51:51.120580,0 days 00:00:34.302642,372,1,117.7,155.7,0.03,COMPLETE
3504,3504,0.6875,2026-04-05 12:51:51.134633,2026-04-05 12:51:58.101612,0 days 00:00:06.966979,424,1,114.6,156.6,0.32,COMPLETE
3505,3505,0.6875,2026-04-05 12:51:58.115635,2026-04-05 12:52:04.848495,0 days 00:00:06.732860,335,1,114.2,156.5,0.3,COMPLETE
3506,3506,0.6875,2026-04-05 12:52:04.862996,2026-04-05 12:52:12.830317,0 days 00:00:07.967321,317,2,126.6,153.6,0.9,COMPLETE
3507,3507,0.6875,2026-04-05 12:52:12.844710,2026-04-05 12:52:20.332594,0 days 00:00:07.487884,382,1,117.7,155.6,0.29,COMPLETE
3508,3508,0.6875,2026-04-05 12:52:20.347001,2026-04-05 12:52:27.149011,0 days 00:00:06.802010,497,3,118.0,157.6,2.0,COMPLETE
3509,3509,0.6875,2026-04-05 12:52:27.160254,2026-04-05 12:52:34.289942,0 days 00:00:07.129688,467,1,113.0,154.4,0.28,COMPLETE
3510,3510,0.6875,2026-04-05 12:52:34.303947,2026-04-05 12:52:41.238974,0 days 00:00:06.935027,340,1,114.8,153.0,0.5700000000000001,COMPLETE
3511,3511,0.6875,2026-04-05 12:52:41.252749,2026-04-05 12:52:48.043085,0 days 00:00:06.790336,426,1,116.6,155.3,0.3,COMPLETE
3512,3512,0.6875,2026-04-05 12:52:48.057352,2026-04-05 12:52:55.019302,0 days 00:00:06.961950,290,1,116.1,153.2,0.06,COMPLETE
3513,3513,0.825,2026-04-05 12:52:55.033162,2026-04-05 12:53:29.443342,0 days 00:00:34.410180,491,3,122.3,155.9,0.4,COMPLETE
3514,3514,0.6875,2026-04-05 12:53:29.458056,2026-04-05 12:53:36.988011,0 days 00:00:07.529955,427,1,114.9,153.9,0.0,COMPLETE
3515,3515,0.6875,2026-04-05 12:53:37.002334,2026-04-05 12:53:43.765453,0 days 00:00:06.763119,372,1,115.9,155.9,0.33,COMPLETE
3516,3516,0.6875,2026-04-05 12:53:43.776757,2026-04-05 12:53:50.524169,0 days 00:00:06.747412,460,1,117.6,158.0,0.33,COMPLETE
3517,3517,0.825,2026-04-05 12:53:50.535103,2026-04-05 12:54:24.454190,0 days 00:00:33.919087,500,2,118.3,155.2,0.03,COMPLETE
3518,3518,0.6875,2026-04-05 12:54:24.464683,2026-04-05 12:54:31.757135,0 days 00:00:07.292452,407,1,115.9,151.6,0.41000000000000003,COMPLETE
3519,3519,0.6875,2026-04-05 12:54:31.771099,2026-04-05 12:54:39.624794,0 days 00:00:07.853695,271,2,124.1,156.4,0.75,COMPLETE
3520,3520,0.6875,2026-04-05 12:54:39.639434,2026-04-05 12:54:47.059353,0 days 00:00:07.419919,338,1,116.1,157.0,0.27,COMPLETE
3521,3521,0.6875,2026-04-05 12:54:47.073492,2026-04-05 12:54:53.835866,0 days 00:00:06.762374,455,1,117.2,155.0,0.15,COMPLETE
3522,3522,0.6875,2026-04-05 12:54:53.850155,2026-04-05 12:55:00.714212,0 days 00:00:06.864057,355,2,115.6,154.9,0.56,COMPLETE
3523,3523,0.6875,2026-04-05 12:55:00.728966,2026-04-05 12:55:08.257863,0 days 00:00:07.528897,238,3,122.8,152.5,0.02,COMPLETE
3524,3524,0.825,2026-04-05 12:55:08.272084,2026-04-05 12:55:13.356553,0 days 00:00:05.084469,466,3,122.5,153.8,0.55,COMPLETE
3525,3525,0.825,2026-04-05 12:55:13.370695,2026-04-05 12:55:47.936384,0 days 00:00:34.565689,387,1,118.0,157.3,0.0,COMPLETE
3526,3526,0.6875,2026-04-05 12:55:47.950700,2026-04-05 12:55:54.786961,0 days 00:00:06.836261,385,1,115.8,154.9,0.02,COMPLETE
3527,3527,0.6875,2026-04-05 12:55:54.801468,2026-04-05 12:56:02.375112,0 days 00:00:07.573644,436,2,124.8,151.1,0.36,COMPLETE
3528,3528,0.6875,2026-04-05 12:56:02.390114,2026-04-05 12:56:10.108257,0 days 00:00:07.718143,437,2,115.5,156.2,0.37,COMPLETE
3529,3529,0.6875,2026-04-05 12:56:10.122889,2026-04-05 12:56:17.099963,0 days 00:00:06.977074,452,2,120.2,155.9,0.97,COMPLETE
3530,3530,0.6875,2026-04-05 12:56:17.114383,2026-04-05 12:56:24.173243,0 days 00:00:07.058860,477,1,115.3,152.8,0.04,COMPLETE
3531,3531,0.825,2026-04-05 12:56:24.188493,2026-04-05 12:56:58.323983,0 days 00:00:34.135490,423,1,118.9,155.0,0.03,COMPLETE
3532,3532,0.6875,2026-04-05 12:56:58.336139,2026-04-05 12:57:05.368601,0 days 00:00:07.032462,305,1,115.8,155.6,0.17,COMPLETE
3533,3533,0.6875,2026-04-05 12:57:05.382239,2026-04-05 12:57:12.172902,0 days 00:00:06.790663,426,1,113.0,154.7,0.68,COMPLETE
3534,3534,0.6875,2026-04-05 12:57:12.187096,2026-04-05 12:57:18.939933,0 days 00:00:06.752837,369,1,114.2,151.6,0.5700000000000001,COMPLETE
3535,3535,0.6875,2026-04-05 12:57:18.954285,2026-04-05 12:57:25.971283,0 days 00:00:07.016998,387,1,115.2,156.6,0.02,COMPLETE
3536,3536,0.6875,2026-04-05 12:57:25.985848,2026-04-05 12:57:32.913664,0 days 00:00:06.927816,498,1,117.4,152.4,0.9400000000000001,COMPLETE
3537,3537,0.825,2026-04-05 12:57:32.925093,2026-04-05 12:58:07.179838,0 days 00:00:34.254745,444,2,122.2,156.1,0.43,COMPLETE
3538,3538,0.6875,2026-04-05 12:58:07.193905,2026-04-05 12:58:14.053018,0 days 00:00:06.859113,391,3,124.5,156.0,1.21,COMPLETE
3539,3539,0.6875,2026-04-05 12:58:14.067434,2026-04-05 12:58:21.277047,0 days 00:00:07.209613,354,1,118.1,153.1,0.39,COMPLETE
3540,3540,0.6875,2026-04-05 12:58:21.288410,2026-04-05 12:58:27.853865,0 days 00:00:06.565455,395,1,118.5,154.0,0.32,COMPLETE
3541,3541,0.015625,2026-04-05 12:58:27.867908,2026-04-05 12:58:34.576044,0 days 00:00:06.708136,420,1,116.2,154.7,0.24,COMPLETE
3542,3542,0.6875,2026-04-05 12:58:34.587566,2026-04-05 12:58:41.209130,0 days 00:00:06.621564,383,1,114.6,153.8,0.33,COMPLETE
3543,3543,0.825,2026-04-05 12:58:41.258109,2026-04-05 12:58:46.295548,0 days 00:00:05.037439,398,1,116.2,154.3,0.4,COMPLETE
3544,3544,0.6875,2026-04-05 12:58:46.309812,2026-04-05 12:58:54.120566,0 days 00:00:07.810754,324,3,125.1,156.1,0.68,COMPLETE
3545,3545,0.6875,2026-04-05 12:58:54.134623,2026-04-05 12:59:01.718142,0 days 00:00:07.583519,405,1,115.4,154.1,0.5,COMPLETE
3546,3546,0.6875,2026-04-05 12:59:01.732682,2026-04-05 12:59:08.398253,0 days 00:00:06.665571,392,1,114.5,155.9,0.29,COMPLETE
3547,3547,0.6875,2026-04-05 12:59:08.411701,2026-04-05 12:59:15.932364,0 days 00:00:07.520663,173,1,118.2,152.9,1.98,COMPLETE
3548,3548,0.6875,2026-04-05 12:59:15.947195,2026-04-05 12:59:22.801068,0 days 00:00:06.853873,444,1,115.9,153.6,0.34,COMPLETE
3549,3549,0.825,2026-04-05 12:59:22.815284,2026-04-05 12:59:56.749730,0 days 00:00:33.934446,434,1,118.0,154.7,0.41000000000000003,COMPLETE
3550,3550,0.6875,2026-04-05 12:59:56.764249,2026-04-05 13:00:03.655237,0 days 00:00:06.890988,419,1,115.9,151.7,0.35000000000000003,COMPLETE
3551,3551,0.6875,2026-04-05 13:00:03.669231,2026-04-05 13:00:10.765359,0 days 00:00:07.096128,409,1,115.5,157.7,0.44,COMPLETE
3552,3552,0.825,2026-04-05 13:00:10.780175,2026-04-05 13:00:44.870034,0 days 00:00:34.089859,425,1,118.6,156.0,0.61,COMPLETE
3553,3553,0.6875,2026-04-05 13:00:44.943447,2026-04-05 13:00:51.849409,0 days 00:00:06.905962,421,1,117.4,153.2,0.28,COMPLETE
3554,3554,0.825,2026-04-05 13:00:51.863476,2026-04-05 13:01:25.850492,0 days 00:00:33.987016,443,2,118.4,156.8,0.23,COMPLETE
3555,3555,0.6875,2026-04-05 13:01:25.865614,2026-04-05 13:01:33.497371,0 days 00:00:07.631757,462,2,114.9,148.1,1.06,COMPLETE
3556,3556,0.6875,2026-04-05 13:01:33.512010,2026-04-05 13:01:40.746800,0 days 00:00:07.234790,411,1,117.5,154.5,0.19,COMPLETE
3557,3557,0.6875,2026-04-05 13:01:40.761782,2026-04-05 13:01:48.345345,0 days 00:00:07.583563,424,3,125.9,159.2,1.94,COMPLETE
3558,3558,0.6875,2026-04-05 13:01:48.359680,2026-04-05 13:01:56.225760,0 days 00:00:07.866080,380,1,115.3,153.9,0.4,COMPLETE
3559,3559,0.6875,2026-04-05 13:01:56.240756,2026-04-05 13:02:02.883143,0 days 00:00:06.642387,430,1,115.4,155.6,0.24,COMPLETE
3560,3560,0.6875,2026-04-05 13:02:02.892670,2026-04-05 13:02:09.451944,0 days 00:00:06.559274,402,1,116.6,155.0,0.36,COMPLETE
3561,3561,0.6875,2026-04-05 13:02:09.466426,2026-04-05 13:02:16.046642,0 days 00:00:06.580216,484,1,116.6,156.1,0.36,COMPLETE
3562,3562,0.6875,2026-04-05 13:02:16.061336,2026-04-05 13:02:22.780280,0 days 00:00:06.718944,483,1,115.4,154.0,0.5700000000000001,COMPLETE
3563,3563,0.6875,2026-04-05 13:02:22.793679,2026-04-05 13:02:29.320285,0 days 00:00:06.526606,453,1,116.4,153.6,0.44,COMPLETE
3564,3564,0.6875,2026-04-05 13:02:29.334348,2026-04-05 13:02:37.267135,0 days 00:00:07.932787,276,2,124.7,159.1,0.68,COMPLETE
3565,3565,0.825,2026-04-05 13:02:37.281830,2026-04-05 13:03:11.819394,0 days 00:00:34.537564,414,1,117.2,156.2,0.23,COMPLETE
3566,3566,0.6875,2026-04-05 13:03:11.833596,2026-04-05 13:03:18.366632,0 days 00:00:06.533036,392,2,117.4,156.0,0.49,COMPLETE
3567,3567,0.6875,2026-04-05 13:03:18.381241,2026-04-05 13:03:25.119076,0 days 00:00:06.737835,351,1,117.4,158.4,0.17,COMPLETE
3568,3568,0.6875,2026-04-05 13:03:25.133786,2026-04-05 13:03:32.425488,0 days 00:00:07.291702,399,1,114.5,151.8,0.31,COMPLETE
3569,3569,0.6875,2026-04-05 13:03:32.438240,2026-04-05 13:03:39.399661,0 days 00:00:06.961421,397,2,113.5,156.7,0.11,COMPLETE
3570,3570,0.6875,2026-04-05 13:03:39.449856,2026-04-05 13:03:46.291422,0 days 00:00:06.841566,425,1,116.7,154.3,0.19,COMPLETE
3571,3571,0.825,2026-04-05 13:03:46.305789,2026-04-05 13:04:20.171020,0 days 00:00:33.865231,446,1,117.6,152.3,0.3,COMPLETE
3572,3572,0.6875,2026-04-05 13:04:20.185704,2026-04-05 13:04:27.085515,0 days 00:00:06.899811,442,1,115.6,155.2,0.58,COMPLETE
3573,3573,0.825,2026-04-05 13:04:27.099788,2026-04-05 13:05:01.414952,0 days 00:00:34.315164,441,1,120.1,156.7,0.0,COMPLETE
3574,3574,0.6875,2026-04-05 13:05:01.429715,2026-04-05 13:05:08.682736,0 days 00:00:07.253021,416,3,123.5,152.4,0.42,COMPLETE
3575,3575,0.6875,2026-04-05 13:05:08.697075,2026-04-05 13:05:16.011563,0 days 00:00:07.314488,343,2,126.9,156.9,1.83,COMPLETE
3576,3576,0.6875,2026-04-05 13:05:16.057608,2026-04-05 13:05:23.455567,0 days 00:00:07.397959,445,1,117.1,156.4,0.32,COMPLETE
3577,3577,0.6875,2026-04-05 13:05:23.469557,2026-04-05 13:05:31.055078,0 days 00:00:07.585521,190,1,124.3,155.6,0.37,COMPLETE
3578,3578,0.6875,2026-04-05 13:05:31.070140,2026-04-05 13:05:38.200164,0 days 00:00:07.130024,366,1,116.9,154.3,0.2,COMPLETE
3579,3579,0.6875,2026-04-05 13:05:38.211036,2026-04-05 13:05:45.851723,0 days 00:00:07.640687,165,2,124.7,154.7,0.5,COMPLETE
3580,3580,0.825,2026-04-05 13:05:45.900026,2026-04-05 13:05:53.548048,0 days 00:00:07.648022,408,1,117.3,154.5,0.03,COMPLETE
3581,3581,0.0,2026-04-05 13:05:53.562201,2026-04-05 13:06:00.645200,0 days 00:00:07.082999,452,2,123.6,154.9,0.42,COMPLETE
3582,3582,0.6875,2026-04-05 13:06:00.659338,2026-04-05 13:06:07.656172,0 days 00:00:06.996834,498,1,117.0,154.5,0.4,COMPLETE
3583,3583,0.671875,2026-04-05 13:06:07.670150,2026-04-05 13:06:15.083376,0 days 00:00:07.413226,412,2,124.9,156.2,0.4,COMPLETE
3584,3584,0.6875,2026-04-05 13:06:15.133035,2026-04-05 13:06:22.508865,0 days 00:00:07.375830,419,1,115.8,153.4,0.02,COMPLETE
3585,3585,0.6875,2026-04-05 13:06:22.523890,2026-04-05 13:06:28.960952,0 days 00:00:06.437062,409,1,116.5,152.9,0.68,COMPLETE
3586,3586,0.6875,2026-04-05 13:06:28.974801,2026-04-05 13:06:35.591042,0 days 00:00:06.616241,390,1,114.9,154.7,0.01,COMPLETE
3587,3587,0.6875,2026-04-05 13:06:35.601269,2026-04-05 13:06:43.115149,0 days 00:00:07.513880,468,2,125.3,156.6,0.28,COMPLETE
3588,3588,0.6875,2026-04-05 13:06:43.129684,2026-04-05 13:06:50.573343,0 days 00:00:07.443659,446,1,115.1,156.0,0.27,COMPLETE
3589,3589,0.825,2026-04-05 13:06:50.587834,2026-04-05 13:07:25.531476,0 days 00:00:34.943642,495,1,124.3,156.1,0.06,COMPLETE
3590,3590,0.825,2026-04-05 13:07:25.545619,2026-04-05 13:07:59.589402,0 days 00:00:34.043783,467,2,122.7,155.3,0.4,COMPLETE
3591,3591,0.671875,2026-04-05 13:07:59.604251,2026-04-05 13:08:07.098378,0 days 00:00:07.494127,378,1,117.3,152.6,0.01,COMPLETE
3592,3592,0.825,2026-04-05 13:08:07.112880,2026-04-05 13:08:41.869195,0 days 00:00:34.756315,441,2,125.4,153.0,0.64,COMPLETE
3593,3593,0.825,2026-04-05 13:08:41.883167,2026-04-05 13:09:16.631282,0 days 00:00:34.748115,426,1,117.2,156.9,0.1,COMPLETE
3594,3594,0.0,2026-04-05 13:09:16.646206,2026-04-05 13:09:23.715718,0 days 00:00:07.069512,351,1,116.6,154.8,0.0,COMPLETE
3595,3595,0.6875,2026-04-05 13:09:23.730197,2026-04-05 13:09:30.463222,0 days 00:00:06.733025,350,1,117.1,152.5,0.28,COMPLETE
3596,3596,0.6875,2026-04-05 13:09:30.477240,2026-04-05 13:09:37.212171,0 days 00:00:06.734931,338,2,117.2,155.0,0.21,COMPLETE
3597,3597,0.6875,2026-04-05 13:09:37.226780,2026-04-05 13:09:44.162473,0 days 00:00:06.935693,341,1,114.1,151.8,0.3,COMPLETE
3598,3598,0.6875,2026-04-05 13:09:44.177094,2026-04-05 13:09:51.092416,0 days 00:00:06.915322,305,1,117.6,154.1,0.3,COMPLETE
3599,3599,0.6875,2026-04-05 13:09:51.103386,2026-04-05 13:09:57.661514,0 days 00:00:06.558128,316,1,116.3,154.2,0.15,COMPLETE
3600,3600,0.6875,2026-04-05 13:09:57.672451,2026-04-05 13:10:04.137208,0 days 00:00:06.464757,380,1,115.8,154.0,0.5,COMPLETE
3601,3601,0.825,2026-04-05 13:10:04.148974,2026-04-05 13:10:38.038880,0 days 00:00:33.889906,354,1,117.0,154.0,0.01,COMPLETE
3602,3602,0.6875,2026-04-05 13:10:38.053712,2026-04-05 13:10:44.967967,0 days 00:00:06.914255,318,1,114.9,155.1,0.01,COMPLETE
3603,3603,0.825,2026-04-05 13:10:44.982403,2026-04-05 13:11:18.992720,0 days 00:00:34.010317,347,2,116.5,154.6,0.05,COMPLETE
3604,3604,0.6875,2026-04-05 13:11:19.007241,2026-04-05 13:11:25.784312,0 days 00:00:06.777071,375,1,115.1,154.1,0.22,COMPLETE
3605,3605,0.6875,2026-04-05 13:11:25.795440,2026-04-05 13:11:32.825239,0 days 00:00:07.029799,310,1,117.7,154.9,0.21,COMPLETE
3606,3606,0.6875,2026-04-05 13:11:32.840422,2026-04-05 13:11:39.630400,0 days 00:00:06.789978,310,1,115.5,153.1,0.01,COMPLETE
3607,3607,0.6875,2026-04-05 13:11:39.644843,2026-04-05 13:11:46.364843,0 days 00:00:06.720000,374,1,117.2,154.7,0.21,COMPLETE
3608,3608,0.6875,2026-04-05 13:11:46.380314,2026-04-05 13:11:53.083893,0 days 00:00:06.703579,334,1,116.8,156.9,0.58,COMPLETE
3609,3609,0.015625,2026-04-05 13:11:53.098729,2026-04-05 13:11:59.716453,0 days 00:00:06.617724,394,1,116.8,155.5,0.07,COMPLETE
3610,3610,0.6875,2026-04-05 13:11:59.730939,2026-04-05 13:12:06.611235,0 days 00:00:06.880296,313,1,115.3,154.6,0.2,COMPLETE
3611,3611,0.6875,2026-04-05 13:12:06.624908,2026-04-05 13:12:13.216172,0 days 00:00:06.591264,357,1,115.6,155.8,0.21,COMPLETE
3612,3612,0.6875,2026-04-05 13:12:13.227247,2026-04-05 13:12:20.000395,0 days 00:00:06.773148,420,2,116.1,159.3,0.07,COMPLETE
3613,3613,0.6875,2026-04-05 13:12:20.013769,2026-04-05 13:12:26.754158,0 days 00:00:06.740389,411,1,116.3,155.9,0.08,COMPLETE
3614,3614,0.6875,2026-04-05 13:12:26.764707,2026-04-05 13:12:33.458484,0 days 00:00:06.693777,399,1,114.7,156.9,0.25,COMPLETE
3615,3615,0.6875,2026-04-05 13:12:33.473241,2026-04-05 13:12:40.247876,0 days 00:00:06.774635,369,1,117.0,155.4,0.24,COMPLETE
3616,3616,0.6875,2026-04-05 13:12:40.262415,2026-04-05 13:12:47.092114,0 days 00:00:06.829699,363,1,114.7,157.3,0.26,COMPLETE
3617,3617,0.6875,2026-04-05 13:12:47.106318,2026-04-05 13:12:53.763894,0 days 00:00:06.657576,328,1,115.8,155.8,0.32,COMPLETE
3618,3618,0.825,2026-04-05 13:12:53.778283,2026-04-05 13:13:27.761195,0 days 00:00:33.982912,410,1,118.9,155.9,0.49,COMPLETE
3619,3619,0.6875,2026-04-05 13:13:27.775406,2026-04-05 13:13:34.560489,0 days 00:00:06.785083,378,1,117.4,156.9,0.42,COMPLETE
3620,3620,0.6875,2026-04-05 13:13:34.572932,2026-04-05 13:13:41.188581,0 days 00:00:06.615649,428,1,115.9,157.7,0.03,COMPLETE
3621,3621,0.6875,2026-04-05 13:13:41.202743,2026-04-05 13:13:48.191135,0 days 00:00:06.988392,275,1,113.1,155.6,0.27,COMPLETE
3622,3622,0.6875,2026-04-05 13:13:48.241650,2026-04-05 13:13:55.151810,0 days 00:00:06.910160,372,1,117.6,155.5,0.12,COMPLETE
3623,3623,0.6875,2026-04-05 13:13:55.165782,2026-04-05 13:14:02.223689,0 days 00:00:07.057907,172,1,117.6,156.4,0.37,COMPLETE
3624,3624,0.6875,2026-04-05 13:14:02.238110,2026-04-05 13:14:09.033607,0 days 00:00:06.795497,283,1,114.2,156.7,0.05,COMPLETE
3625,3625,0.6875,2026-04-05 13:14:09.045095,2026-04-05 13:14:15.812873,0 days 00:00:06.767778,384,1,116.5,158.1,0.01,COMPLETE
3626,3626,0.825,2026-04-05 13:14:15.827256,2026-04-05 13:14:49.941320,0 days 00:00:34.114064,426,1,118.5,156.0,0.24,COMPLETE
3627,3627,0.0,2026-04-05 13:14:49.955928,2026-04-05 13:14:56.701078,0 days 00:00:06.745150,395,1,116.5,156.5,0.0,COMPLETE
3628,3628,0.6875,2026-04-05 13:14:56.715406,2026-04-05 13:15:03.495494,0 days 00:00:06.780088,312,1,117.0,157.2,0.24,COMPLETE
3629,3629,0.6875,2026-04-05 13:15:03.509791,2026-04-05 13:15:10.196334,0 days 00:00:06.686543,426,1,115.0,156.4,0.28,COMPLETE
3630,3630,0.6875,2026-04-05 13:15:10.210774,2026-04-05 13:15:16.851056,0 days 00:00:06.640282,399,1,116.8,156.2,0.31,COMPLETE
3631,3631,0.825,2026-04-05 13:15:16.862284,2026-04-05 13:15:51.122876,0 days 00:00:34.260592,340,2,117.9,155.5,0.01,COMPLETE
3632,3632,0.6875,2026-04-05 13:15:51.133093,2026-04-05 13:15:58.120889,0 days 00:00:06.987796,401,1,116.8,158.1,0.41000000000000003,COMPLETE
3633,3633,0.6875,2026-04-05 13:15:58.135612,2026-04-05 13:16:04.694822,0 days 00:00:06.559210,417,1,117.4,159.0,0.1,COMPLETE
3634,3634,0.6875,2026-04-05 13:16:04.708534,2026-04-05 13:16:11.709414,0 days 00:00:07.000880,407,1,114.4,155.1,0.08,COMPLETE
3635,3635,0.6875,2026-04-05 13:16:11.724065,2026-04-05 13:16:18.459958,0 days 00:00:06.735893,358,1,116.4,156.0,0.01,COMPLETE
3636,3636,0.6875,2026-04-05 13:16:18.474210,2026-04-05 13:16:25.154880,0 days 00:00:06.680670,387,1,115.1,154.2,0.03,COMPLETE
3637,3637,0.6875,2026-04-05 13:16:25.165411,2026-04-05 13:16:32.155744,0 days 00:00:06.990333,320,1,115.9,157.4,0.12,COMPLETE
3638,3638,0.825,2026-04-05 13:16:32.167411,2026-04-05 13:17:06.392388,0 days 00:00:34.224977,379,1,118.1,154.6,0.1,COMPLETE
3639,3639,0.825,2026-04-05 13:17:06.407136,2026-04-05 13:17:40.432684,0 days 00:00:34.025548,401,2,118.9,157.0,0.33,COMPLETE
3640,3640,0.6875,2026-04-05 13:17:40.447044,2026-04-05 13:17:47.349682,0 days 00:00:06.902638,396,1,115.4,156.3,0.31,COMPLETE
3641,3641,0.6875,2026-04-05 13:17:47.363893,2026-04-05 13:17:54.074543,0 days 00:00:06.710650,358,1,117.5,155.3,0.14,COMPLETE
3642,3642,0.6875,2026-04-05 13:17:54.089056,2026-04-05 13:18:00.810709,0 days 00:00:06.721653,380,1,115.3,156.1,0.02,COMPLETE
3643,3643,0.6875,2026-04-05 13:18:00.824792,2026-04-05 13:18:07.619606,0 days 00:00:06.794814,385,1,115.6,158.8,0.07,COMPLETE
3644,3644,0.6875,2026-04-05 13:18:07.634349,2026-04-05 13:18:14.348595,0 days 00:00:06.714246,384,1,116.5,157.0,0.17,COMPLETE
3645,3645,0.6875,2026-04-05 13:18:14.363048,2026-04-05 13:18:20.910952,0 days 00:00:06.547904,390,2,115.7,156.7,0.77,COMPLETE
3646,3646,0.6875,2026-04-05 13:18:20.964923,2026-04-05 13:18:27.552129,0 days 00:00:06.587206,356,1,115.6,157.9,0.18,COMPLETE
3647,3647,0.825,2026-04-05 13:18:27.566098,2026-04-05 13:19:01.592390,0 days 00:00:34.026292,430,2,117.4,157.0,0.24,COMPLETE
3648,3648,0.825,2026-04-05 13:19:01.606289,2026-04-05 13:19:35.377259,0 days 00:00:33.770970,428,1,117.3,156.3,0.01,COMPLETE
3649,3649,0.825,2026-04-05 13:19:35.392174,2026-04-05 13:20:09.439082,0 days 00:00:34.046908,386,1,119.4,155.8,0.2,COMPLETE
3650,3650,0.825,2026-04-05 13:20:09.453100,2026-04-05 13:20:22.977314,0 days 00:00:13.524214,350,1,117.8,153.7,0.04,COMPLETE
3651,3651,0.6875,2026-04-05 13:20:22.992237,2026-04-05 13:20:29.964725,0 days 00:00:06.972488,397,1,116.4,157.4,0.25,COMPLETE
3652,3652,0.825,2026-04-05 13:20:29.978824,2026-04-05 13:21:03.967664,0 days 00:00:33.988840,392,1,118.2,156.4,0.19,COMPLETE
3653,3653,0.825,2026-04-05 13:21:03.981764,2026-04-05 13:21:37.986802,0 days 00:00:34.005038,451,1,118.0,154.6,0.01,COMPLETE
3654,3654,0.6875,2026-04-05 13:21:38.001051,2026-04-05 13:21:45.080022,0 days 00:00:07.078971,368,1,116.5,154.4,0.02,COMPLETE
3655,3655,0.6875,2026-04-05 13:21:45.094754,2026-04-05 13:21:51.808169,0 days 00:00:06.713415,402,1,115.8,157.7,0.0,COMPLETE
3656,3656,0.6875,2026-04-05 13:21:51.822103,2026-04-05 13:21:58.499915,0 days 00:00:06.677812,352,1,115.2,155.7,0.12,COMPLETE
3657,3657,0.6875,2026-04-05 13:21:58.509939,2026-04-05 13:22:05.111810,0 days 00:00:06.601871,355,1,113.6,155.8,0.02,COMPLETE
3658,3658,0.6875,2026-04-05 13:22:05.126623,2026-04-05 13:22:13.142982,0 days 00:00:08.016359,268,1,122.3,149.4,1.2,COMPLETE
3659,3659,0.825,2026-04-05 13:22:13.157553,2026-04-05 13:22:20.964984,0 days 00:00:07.807431,324,1,116.1,154.8,0.05,COMPLETE
3660,3660,0.6875,2026-04-05 13:22:20.978943,2026-04-05 13:22:27.674706,0 days 00:00:06.695763,373,1,116.8,157.4,0.03,COMPLETE
3661,3661,0.825,2026-04-05 13:22:27.689096,2026-04-05 13:23:01.708300,0 days 00:00:34.019204,384,1,116.4,154.5,0.04,COMPLETE
3662,3662,0.6875,2026-04-05 13:23:01.723148,2026-04-05 13:23:08.866523,0 days 00:00:07.143375,321,1,117.2,156.9,0.06,COMPLETE
3663,3663,0.6875,2026-04-05 13:23:08.880698,2026-04-05 13:23:15.395034,0 days 00:00:06.514336,412,1,116.8,156.4,0.24,COMPLETE
3664,3664,0.6875,2026-04-05 13:23:15.409643,2026-04-05 13:23:22.134299,0 days 00:00:06.724656,385,1,113.8,157.6,0.05,COMPLETE
3665,3665,0.6875,2026-04-05 13:23:22.146074,2026-04-05 13:23:28.873522,0 days 00:00:06.727448,392,2,115.5,155.5,0.24,COMPLETE
3666,3666,0.6875,2026-04-05 13:23:28.888405,2026-04-05 13:23:35.322803,0 days 00:00:06.434398,378,1,115.4,155.6,0.36,COMPLETE
3667,3667,0.825,2026-04-05 13:23:35.337268,2026-04-05 13:24:09.300610,0 days 00:00:33.963342,452,1,118.4,155.0,0.39,COMPLETE
3668,3668,0.6875,2026-04-05 13:24:09.414571,2026-04-05 13:24:16.286025,0 days 00:00:06.871454,425,1,115.6,156.2,0.03,COMPLETE
3669,3669,0.6875,2026-04-05 13:24:16.300517,2026-04-05 13:24:22.798588,0 days 00:00:06.498071,367,1,116.2,156.8,0.07,COMPLETE
3670,3670,0.6875,2026-04-05 13:24:22.813471,2026-04-05 13:24:29.528280,0 days 00:00:06.714809,433,1,114.3,157.0,0.0,COMPLETE
3671,3671,0.6875,2026-04-05 13:24:29.542856,2026-04-05 13:24:36.769393,0 days 00:00:07.226537,359,1,116.6,152.5,0.31,COMPLETE
3672,3672,0.6875,2026-04-05 13:24:36.784506,2026-04-05 13:24:43.995323,0 days 00:00:07.210817,457,2,118.4,159.0,0.07,COMPLETE
3673,3673,0.6875,2026-04-05 13:24:44.013780,2026-04-05 13:24:51.161800,0 days 00:00:07.148020,368,1,118.1,154.5,0.61,COMPLETE
3674,3674,0.6875,2026-04-05 13:24:51.175990,2026-04-05 13:24:57.980827,0 days 00:00:06.804837,330,2,115.2,155.0,0.06,COMPLETE
3675,3675,0.6875,2026-04-05 13:24:57.994785,2026-04-05 13:25:04.943874,0 days 00:00:06.949089,375,1,118.7,158.3,0.14,COMPLETE
3676,3676,0.6875,2026-04-05 13:25:04.958007,2026-04-05 13:25:11.736600,0 days 00:00:06.778593,334,1,117.1,156.3,0.29,COMPLETE
3677,3677,0.6875,2026-04-05 13:25:11.751212,2026-04-05 13:25:18.459723,0 days 00:00:06.708511,437,1,117.4,154.0,0.03,COMPLETE
3678,3678,0.825,2026-04-05 13:25:18.474272,2026-04-05 13:25:52.465222,0 days 00:00:33.990950,433,1,118.4,157.3,0.11,COMPLETE
3679,3679,0.6875,2026-04-05 13:25:52.479598,2026-04-05 13:26:00.031673,0 days 00:00:07.552075,361,3,118.6,151.2,1.81,COMPLETE
3680,3680,0.825,2026-04-05 13:26:00.049594,2026-04-05 13:26:34.199412,0 days 00:00:34.149818,358,1,118.5,154.2,0.03,COMPLETE
3681,3681,0.825,2026-04-05 13:26:34.213739,2026-04-05 13:26:39.351442,0 days 00:00:05.137703,339,1,116.3,155.0,0.06,COMPLETE
3682,3682,0.6875,2026-04-05 13:26:39.362172,2026-04-05 13:26:46.233073,0 days 00:00:06.870901,258,1,116.8,156.1,0.16,COMPLETE
3683,3683,0.6875,2026-04-05 13:26:46.248013,2026-04-05 13:26:52.720037,0 days 00:00:06.472024,342,1,117.2,156.5,0.19,COMPLETE
3684,3684,0.825,2026-04-05 13:26:52.733423,2026-04-05 13:27:26.711118,0 days 00:00:33.977695,395,1,119.1,155.9,0.03,COMPLETE
3685,3685,0.6875,2026-04-05 13:27:26.723113,2026-04-05 13:27:33.637283,0 days 00:00:06.914170,432,2,115.1,154.6,0.07,COMPLETE
3686,3686,0.825,2026-04-05 13:27:33.651350,2026-04-05 13:28:07.662597,0 days 00:00:34.011247,444,1,117.6,156.1,0.01,COMPLETE
3687,3687,0.6875,2026-04-05 13:28:07.677233,2026-04-05 13:28:14.492197,0 days 00:00:06.814964,385,1,115.9,155.6,0.45,COMPLETE
3688,3688,0.6875,2026-04-05 13:28:14.506830,2026-04-05 13:28:21.069760,0 days 00:00:06.562930,401,1,117.0,155.7,0.26,COMPLETE
3689,3689,0.825,2026-04-05 13:28:21.084297,2026-04-05 13:28:54.991123,0 days 00:00:33.906826,405,2,117.4,156.0,0.05,COMPLETE
3690,3690,0.6875,2026-04-05 13:28:55.008329,2026-04-05 13:29:01.846442,0 days 00:00:06.838113,396,1,115.5,156.0,0.04,COMPLETE
3691,3691,0.825,2026-04-05 13:29:01.860810,2026-04-05 13:29:36.219671,0 days 00:00:34.358861,324,1,117.6,156.4,0.04,COMPLETE
3692,3692,0.825,2026-04-05 13:29:36.233683,2026-04-05 13:30:10.244972,0 days 00:00:34.011289,334,1,117.1,154.4,0.04,COMPLETE
3693,3693,0.825,2026-04-05 13:30:10.259783,2026-04-05 13:30:44.040028,0 days 00:00:33.780245,382,1,118.4,154.2,0.03,COMPLETE
3694,3694,0.825,2026-04-05 13:30:44.054111,2026-04-05 13:31:01.597892,0 days 00:00:17.543781,466,2,126.1,155.2,0.48,COMPLETE
3695,3695,0.0,2026-04-05 13:31:01.612467,2026-04-05 13:31:09.309142,0 days 00:00:07.696675,408,1,115.5,153.7,0.01,COMPLETE
3696,3696,0.6875,2026-04-05 13:31:09.324511,2026-04-05 13:31:15.835784,0 days 00:00:06.511273,457,1,114.8,153.1,0.31,COMPLETE
3697,3697,0.6875,2026-04-05 13:31:15.850052,2026-04-05 13:31:22.309114,0 days 00:00:06.459062,410,1,115.0,152.8,0.19,COMPLETE
3698,3698,0.6875,2026-04-05 13:31:22.322884,2026-04-05 13:31:28.961847,0 days 00:00:06.638963,408,1,115.7,154.5,0.26,COMPLETE
3699,3699,0.6875,2026-04-05 13:31:28.975921,2026-04-05 13:31:35.760650,0 days 00:00:06.784729,380,1,113.9,152.3,0.27,COMPLETE
3700,3700,0.6875,2026-04-05 13:31:35.774896,2026-04-05 13:31:42.510038,0 days 00:00:06.735142,428,1,116.2,152.5,0.01,COMPLETE
3701,3701,0.6875,2026-04-05 13:31:42.524612,2026-04-05 13:31:49.700339,0 days 00:00:07.175727,363,1,116.5,157.3,0.0,COMPLETE
3702,3702,0.6875,2026-04-05 13:31:49.714918,2026-04-05 13:31:56.550688,0 days 00:00:06.835770,405,1,115.7,153.4,0.15,COMPLETE
3703,3703,0.6875,2026-04-05 13:31:56.565445,2026-04-05 13:32:03.315153,0 days 00:00:06.749708,406,1,113.6,154.8,0.22,COMPLETE
3704,3704,0.6875,2026-04-05 13:32:03.329585,2026-04-05 13:32:10.050287,0 days 00:00:06.720702,355,2,113.3,152.6,0.39,COMPLETE
3705,3705,0.6875,2026-04-05 13:32:10.064792,2026-04-05 13:32:16.968273,0 days 00:00:06.903481,389,1,117.1,155.2,0.05,COMPLETE
3706,3706,0.6875,2026-04-05 13:32:16.982200,2026-04-05 13:32:23.539321,0 days 00:00:06.557121,418,1,116.0,154.4,0.07,COMPLETE
3707,3707,0.6875,2026-04-05 13:32:23.553512,2026-04-05 13:32:30.017387,0 days 00:00:06.463875,374,1,115.9,154.8,0.35000000000000003,COMPLETE
3708,3708,0.825,2026-04-05 13:32:30.031695,2026-04-05 13:33:04.107126,0 days 00:00:34.075431,424,1,119.0,154.2,0.27,COMPLETE
3709,3709,0.6875,2026-04-05 13:33:04.122065,2026-04-05 13:33:11.093275,0 days 00:00:06.971210,406,1,114.5,153.2,0.0,COMPLETE
3710,3710,0.6875,2026-04-05 13:33:11.105503,2026-04-05 13:33:17.857608,0 days 00:00:06.752105,368,1,116.7,151.1,1.06,COMPLETE
3711,3711,0.6875,2026-04-05 13:33:17.872272,2026-04-05 13:33:24.666469,0 days 00:00:06.794197,421,2,114.2,153.8,0.24,COMPLETE
3712,3712,0.6875,2026-04-05 13:33:24.681422,2026-04-05 13:33:31.537829,0 days 00:00:06.856407,394,1,118.0,152.1,0.21,COMPLETE
3713,3713,0.6875,2026-04-05 13:33:31.552736,2026-04-05 13:33:38.518707,0 days 00:00:06.965971,347,1,113.5,154.5,0.31,COMPLETE
3714,3714,0.825,2026-04-05 13:33:38.532753,2026-04-05 13:34:12.433694,0 days 00:00:33.900941,409,1,115.5,154.3,0.03,COMPLETE
3715,3715,0.6875,2026-04-05 13:34:12.448683,2026-04-05 13:34:19.341776,0 days 00:00:06.893093,410,1,113.1,154.5,0.33,COMPLETE
3716,3716,0.671875,2026-04-05 13:34:19.352787,2026-04-05 13:34:26.398446,0 days 00:00:07.045659,335,1,117.0,155.4,0.0,COMPLETE
3717,3717,0.6875,2026-04-05 13:34:26.413073,2026-04-05 13:34:33.161369,0 days 00:00:06.748296,443,1,114.9,154.1,0.27,COMPLETE
3718,3718,0.6875,2026-04-05 13:34:33.175600,2026-04-05 13:34:39.900083,0 days 00:00:06.724483,380,2,116.0,157.4,0.36,COMPLETE
3719,3719,0.6875,2026-04-05 13:34:39.914906,2026-04-05 13:34:46.481987,0 days 00:00:06.567081,430,1,115.1,157.6,0.65,COMPLETE
3720,3720,0.825,2026-04-05 13:34:46.496080,2026-04-05 13:35:20.534148,0 days 00:00:34.038068,381,1,118.8,157.0,0.05,COMPLETE
3721,3721,0.0,2026-04-05 13:35:20.548245,2026-04-05 13:35:27.468533,0 days 00:00:06.920288,433,1,116.2,155.3,0.18,COMPLETE
3722,3722,0.6875,2026-04-05 13:35:27.481621,2026-04-05 13:35:34.480627,0 days 00:00:06.999006,298,2,116.8,157.8,0.14,COMPLETE
3723,3723,0.6875,2026-04-05 13:35:34.496107,2026-04-05 13:35:41.730983,0 days 00:00:07.234876,356,1,113.7,151.6,0.04,COMPLETE
3724,3724,0.6875,2026-04-05 13:35:41.744108,2026-04-05 13:35:49.929792,0 days 00:00:08.185684,150,1,122.2,150.0,0.28,COMPLETE
3725,3725,0.6875,2026-04-05 13:35:49.947689,2026-04-05 13:35:56.636817,0 days 00:00:06.689128,297,2,123.7,149.7,1.69,COMPLETE
3726,3726,0.6875,2026-04-05 13:35:56.651287,2026-04-05 13:36:03.602432,0 days 00:00:06.951145,464,3,118.8,149.8,1.9100000000000001,COMPLETE
3727,3727,0.825,2026-04-05 13:36:03.617365,2026-04-05 13:36:37.841509,0 days 00:00:34.224144,439,1,117.8,154.7,0.03,COMPLETE
3728,3728,0.6875,2026-04-05 13:36:37.856328,2026-04-05 13:36:45.287371,0 days 00:00:07.431043,257,2,113.5,151.3,1.94,COMPLETE
3729,3729,0.6875,2026-04-05 13:36:45.302052,2026-04-05 13:36:52.151384,0 days 00:00:06.849332,414,1,116.6,153.1,0.01,COMPLETE
3730,3730,0.6875,2026-04-05 13:36:52.166055,2026-04-05 13:36:58.973276,0 days 00:00:06.807221,457,1,114.1,155.9,0.29,COMPLETE
3731,3731,0.6875,2026-04-05 13:36:58.988571,2026-04-05 13:37:05.622208,0 days 00:00:06.633637,407,2,115.9,155.9,0.03,COMPLETE
3732,3732,0.6875,2026-04-05 13:37:05.636524,2026-04-05 13:37:12.125454,0 days 00:00:06.488930,443,1,115.3,155.8,0.01,COMPLETE
3733,3733,0.6875,2026-04-05 13:37:12.139986,2026-04-05 13:37:18.791214,0 days 00:00:06.651228,435,1,116.9,155.3,0.35000000000000003,COMPLETE
3734,3734,0.6875,2026-04-05 13:37:18.805733,2026-04-05 13:37:25.440617,0 days 00:00:06.634884,430,1,115.6,154.1,0.26,COMPLETE
3735,3735,0.6875,2026-04-05 13:37:25.454636,2026-04-05 13:37:32.148405,0 days 00:00:06.693769,353,1,115.5,154.3,0.35000000000000003,COMPLETE
3736,3736,0.825,2026-04-05 13:37:32.163066,2026-04-05 13:38:06.189240,0 days 00:00:34.026174,413,1,118.1,155.3,0.43,COMPLETE
3737,3737,0.6875,2026-04-05 13:38:06.203469,2026-04-05 13:38:13.065130,0 days 00:00:06.861661,407,1,116.0,154.8,0.03,COMPLETE
3738,3738,0.6875,2026-04-05 13:38:13.079784,2026-04-05 13:38:19.815698,0 days 00:00:06.735914,360,1,115.4,151.5,0.04,COMPLETE
3739,3739,0.6875,2026-04-05 13:38:19.826369,2026-04-05 13:38:27.186488,0 days 00:00:07.360119,385,2,113.6,159.1,0.63,COMPLETE
3740,3740,0.6875,2026-04-05 13:38:27.200928,2026-04-05 13:38:34.082376,0 days 00:00:06.881448,414,1,116.3,155.7,0.47000000000000003,COMPLETE
3741,3741,0.6875,2026-04-05 13:38:34.096407,2026-04-05 13:38:40.806673,0 days 00:00:06.710266,429,1,116.9,153.6,0.3,COMPLETE
3742,3742,0.6875,2026-04-05 13:38:40.820846,2026-04-05 13:38:47.574475,0 days 00:00:06.753629,432,1,116.0,156.1,0.22,COMPLETE
3743,3743,0.6875,2026-04-05 13:38:47.589310,2026-04-05 13:38:54.229310,0 days 00:00:06.640000,466,1,115.6,154.2,0.03,COMPLETE
3744,3744,0.6875,2026-04-05 13:38:54.239743,2026-04-05 13:39:00.651955,0 days 00:00:06.412212,444,1,115.7,154.1,0.0,COMPLETE
3745,3745,0.6875,2026-04-05 13:39:00.666982,2026-04-05 13:39:07.189409,0 days 00:00:06.522427,431,1,116.1,154.9,0.29,COMPLETE
3746,3746,0.6875,2026-04-05 13:39:07.203736,2026-04-05 13:39:13.864977,0 days 00:00:06.661241,434,1,116.6,156.7,0.02,COMPLETE
3747,3747,0.825,2026-04-05 13:39:13.879430,2026-04-05 13:39:47.787841,0 days 00:00:33.908411,380,1,118.2,155.7,0.3,COMPLETE
3748,3748,0.6875,2026-04-05 13:39:47.802321,2026-04-05 13:39:54.551884,0 days 00:00:06.749563,410,1,117.1,153.9,0.44,COMPLETE
3749,3749,0.6875,2026-04-05 13:39:54.566239,2026-04-05 13:40:01.159090,0 days 00:00:06.592851,353,1,115.7,153.7,0.23,COMPLETE
3750,3750,0.6875,2026-04-05 13:40:01.173757,2026-04-05 13:40:08.123014,0 days 00:00:06.949257,461,1,116.5,158.7,0.23,COMPLETE
3751,3751,0.6875,2026-04-05 13:40:08.137926,2026-04-05 13:40:14.964196,0 days 00:00:06.826270,400,1,115.6,154.9,0.31,COMPLETE
3752,3752,0.6875,2026-04-05 13:40:14.975915,2026-04-05 13:40:21.755658,0 days 00:00:06.779743,317,1,116.3,154.2,0.02,COMPLETE
3753,3753,0.6875,2026-04-05 13:40:21.770204,2026-04-05 13:40:28.527821,0 days 00:00:06.757617,438,1,116.1,151.4,0.02,COMPLETE
3754,3754,0.6875,2026-04-05 13:40:28.542376,2026-04-05 13:40:35.783750,0 days 00:00:07.241374,423,1,113.6,158.0,0.39,COMPLETE
3755,3755,0.6875,2026-04-05 13:40:35.797885,2026-04-05 13:40:43.081616,0 days 00:00:07.283731,378,1,116.5,152.4,0.24,COMPLETE
3756,3756,0.6875,2026-04-05 13:40:43.096361,2026-04-05 13:40:49.989632,0 days 00:00:06.893271,383,1,113.9,156.0,0.01,COMPLETE
3757,3757,0.6875,2026-04-05 13:40:50.003947,2026-04-05 13:40:56.715041,0 days 00:00:06.711094,391,2,115.6,154.6,0.33,COMPLETE
3758,3758,0.6875,2026-04-05 13:40:56.729405,2026-04-05 13:41:03.691940,0 days 00:00:06.962535,425,1,115.3,159.6,0.28,COMPLETE
3759,3759,0.6875,2026-04-05 13:41:03.705994,2026-04-05 13:41:10.897472,0 days 00:00:07.191478,355,1,117.3,155.1,0.0,COMPLETE
3760,3760,0.6875,2026-04-05 13:41:10.911099,2026-04-05 13:41:17.503096,0 days 00:00:06.591997,433,1,115.9,155.8,0.02,COMPLETE
3761,3761,0.6875,2026-04-05 13:41:17.513765,2026-04-05 13:41:24.267638,0 days 00:00:06.753873,437,1,115.1,152.3,0.54,COMPLETE
3762,3762,0.825,2026-04-05 13:41:24.282959,2026-04-05 13:41:58.348157,0 days 00:00:34.065198,415,1,117.4,154.3,0.0,COMPLETE
3763,3763,0.6875,2026-04-05 13:41:58.362279,2026-04-05 13:42:05.142614,0 days 00:00:06.780335,386,2,115.4,154.1,0.15,COMPLETE
3764,3764,0.6875,2026-04-05 13:42:05.157455,2026-04-05 13:42:11.898880,0 days 00:00:06.741425,494,1,114.5,156.4,0.37,COMPLETE
3765,3765,0.6875,2026-04-05 13:42:11.913953,2026-04-05 13:42:18.963494,0 days 00:00:07.049541,347,1,116.0,152.8,0.04,COMPLETE
3766,3766,0.6875,2026-04-05 13:42:18.977884,2026-04-05 13:42:25.768327,0 days 00:00:06.790443,493,1,115.7,156.6,0.01,COMPLETE
3767,3767,0.6875,2026-04-05 13:42:25.782952,2026-04-05 13:42:32.855382,0 days 00:00:07.072430,289,1,114.1,152.9,1.52,COMPLETE
3768,3768,0.825,2026-04-05 13:42:32.869498,2026-04-05 13:43:07.214444,0 days 00:00:34.344946,449,1,117.3,156.5,0.31,COMPLETE
3769,3769,0.825,2026-04-05 13:43:07.228830,2026-04-05 13:43:42.007337,0 days 00:00:34.778507,486,1,119.5,154.7,0.02,COMPLETE
3770,3770,0.671875,2026-04-05 13:43:42.022142,2026-04-05 13:43:48.846064,0 days 00:00:06.823922,453,1,117.3,154.4,0.15,COMPLETE
3771,3771,0.6875,2026-04-05 13:43:48.859877,2026-04-05 13:43:55.784935,0 days 00:00:06.925058,437,1,113.3,152.1,0.2,COMPLETE
3772,3772,0.6875,2026-04-05 13:43:55.800986,2026-04-05 13:44:02.780433,0 days 00:00:06.979447,279,1,115.5,154.4,0.45,COMPLETE
3773,3773,0.6875,2026-04-05 13:44:02.791630,2026-04-05 13:44:09.349625,0 days 00:00:06.557995,486,2,114.4,154.7,0.38,COMPLETE
3774,3774,0.6875,2026-04-05 13:44:09.364425,2026-04-05 13:44:15.970131,0 days 00:00:06.605706,443,1,115.5,155.5,0.61,COMPLETE
3775,3775,0.6875,2026-04-05 13:44:15.984625,2026-04-05 13:44:22.851949,0 days 00:00:06.867324,436,1,117.8,152.1,0.0,COMPLETE
3776,3776,0.6875,2026-04-05 13:44:22.866699,2026-04-05 13:44:29.472390,0 days 00:00:06.605691,410,1,116.6,152.7,0.47000000000000003,COMPLETE
3777,3777,0.6875,2026-04-05 13:44:29.486880,2026-04-05 13:44:35.997385,0 days 00:00:06.510505,496,1,116.2,152.3,0.0,COMPLETE
3778,3778,0.825,2026-04-05 13:44:36.012158,2026-04-05 13:45:10.095126,0 days 00:00:34.082968,423,1,118.2,154.8,0.23,COMPLETE
3779,3779,0.6875,2026-04-05 13:45:10.109057,2026-04-05 13:45:17.108543,0 days 00:00:06.999486,438,1,114.3,154.3,0.36,COMPLETE
3780,3780,0.6875,2026-04-05 13:45:17.122669,2026-04-05 13:45:23.838451,0 days 00:00:06.715782,332,1,114.4,154.0,0.03,COMPLETE
3781,3781,0.825,2026-04-05 13:45:23.849186,2026-04-05 13:45:28.880820,0 days 00:00:05.031634,467,1,115.9,155.0,0.01,COMPLETE
3782,3782,0.825,2026-04-05 13:45:28.895056,2026-04-05 13:46:03.084728,0 days 00:00:34.189672,394,1,116.0,156.2,0.29,COMPLETE
3783,3783,0.825,2026-04-05 13:46:03.098715,2026-04-05 13:46:37.141427,0 days 00:00:34.042712,422,1,116.5,154.0,0.01,COMPLETE
3784,3784,0.6875,2026-04-05 13:46:37.155615,2026-04-05 13:46:44.027209,0 days 00:00:06.871594,383,1,114.7,152.7,0.05,COMPLETE
3785,3785,0.6875,2026-04-05 13:46:44.037290,2026-04-05 13:46:50.758475,0 days 00:00:06.721185,428,1,116.1,156.1,0.01,COMPLETE
3786,3786,0.6875,2026-04-05 13:46:50.773115,2026-04-05 13:46:57.438331,0 days 00:00:06.665216,386,1,114.4,155.1,0.32,COMPLETE
3787,3787,0.6875,2026-04-05 13:46:57.452764,2026-04-05 13:47:04.148317,0 days 00:00:06.695553,440,2,117.5,154.9,0.16,COMPLETE
3788,3788,0.6875,2026-04-05 13:47:04.162742,2026-04-05 13:47:10.864222,0 days 00:00:06.701480,431,1,115.2,154.3,0.46,COMPLETE
3789,3789,0.825,2026-04-05 13:47:10.878808,2026-04-05 13:47:44.974274,0 days 00:00:34.095466,417,1,119.7,154.8,0.0,COMPLETE
3790,3790,0.6875,2026-04-05 13:47:44.988896,2026-04-05 13:47:52.105632,0 days 00:00:07.116736,465,2,114.7,152.6,0.18,COMPLETE
3791,3791,0.6875,2026-04-05 13:47:52.116435,2026-04-05 13:47:58.793059,0 days 00:00:06.676624,428,1,115.9,154.6,0.0,COMPLETE
3792,3792,0.6875,2026-04-05 13:47:58.807395,2026-04-05 13:48:05.810525,0 days 00:00:07.003130,359,2,113.0,154.9,0.03,COMPLETE
3793,3793,0.825,2026-04-05 13:48:05.824728,2026-04-05 13:48:25.999376,0 days 00:00:20.174648,491,1,115.6,153.0,0.36,COMPLETE
3794,3794,0.6875,2026-04-05 13:48:26.014458,2026-04-05 13:48:33.035811,0 days 00:00:07.021353,413,1,116.7,157.0,0.06,COMPLETE
3795,3795,0.825,2026-04-05 13:48:33.050470,2026-04-05 13:49:07.148088,0 days 00:00:34.097618,404,1,118.7,155.4,0.4,COMPLETE
3796,3796,0.6875,2026-04-05 13:49:07.162231,2026-04-05 13:49:13.912854,0 days 00:00:06.750623,353,1,117.3,154.6,0.29,COMPLETE
3797,3797,0.6875,2026-04-05 13:49:13.927339,2026-04-05 13:49:20.678060,0 days 00:00:06.750721,452,1,114.7,154.2,0.0,COMPLETE
3798,3798,0.6875,2026-04-05 13:49:20.692170,2026-04-05 13:49:27.710113,0 days 00:00:07.017943,343,1,117.6,154.4,0.32,COMPLETE
3799,3799,0.6875,2026-04-05 13:49:27.724473,2026-04-05 13:49:34.650821,0 days 00:00:06.926348,431,1,113.2,155.8,0.25,COMPLETE
3800,3800,0.825,2026-04-05 13:49:34.665340,2026-04-05 13:50:08.831758,0 days 00:00:34.166418,388,1,116.0,155.8,0.02,COMPLETE
3801,3801,0.6875,2026-04-05 13:50:08.846263,2026-04-05 13:50:15.784428,0 days 00:00:06.938165,357,2,115.7,159.2,0.0,COMPLETE
3802,3802,0.6875,2026-04-05 13:50:15.798764,2026-04-05 13:50:22.758416,0 days 00:00:06.959652,377,1,115.8,154.1,0.21,COMPLETE
3803,3803,0.6875,2026-04-05 13:50:22.773938,2026-04-05 13:50:29.431805,0 days 00:00:06.657867,373,1,115.7,156.1,0.33,COMPLETE
3804,3804,0.825,2026-04-05 13:50:29.446127,2026-04-05 13:51:03.382639,0 days 00:00:33.936512,416,1,117.4,156.0,0.02,COMPLETE
3805,3805,0.6875,2026-04-05 13:51:03.397168,2026-04-05 13:51:10.393645,0 days 00:00:06.996477,495,1,113.2,154.7,0.13,COMPLETE
3806,3806,0.6875,2026-04-05 13:51:10.407866,2026-04-05 13:51:18.159788,0 days 00:00:07.751922,489,1,123.2,159.1,0.15,COMPLETE
3807,3807,0.825,2026-04-05 13:51:18.171671,2026-04-05 13:51:53.028159,0 days 00:00:34.856488,371,1,116.8,155.1,0.01,COMPLETE
3808,3808,0.6875,2026-04-05 13:51:53.038694,2026-04-05 13:51:59.837361,0 days 00:00:06.798667,459,1,115.7,155.9,0.43,COMPLETE
3809,3809,0.6875,2026-04-05 13:51:59.852113,2026-04-05 13:52:06.367470,0 days 00:00:06.515357,428,2,116.0,155.1,0.36,COMPLETE
3810,3810,0.825,2026-04-05 13:52:06.382619,2026-04-05 13:52:41.291022,0 days 00:00:34.908403,496,1,117.6,156.2,0.39,COMPLETE
3811,3811,0.6875,2026-04-05 13:52:41.305728,2026-04-05 13:52:48.295269,0 days 00:00:06.989541,334,1,116.6,155.1,0.65,COMPLETE
3812,3812,0.825,2026-04-05 13:52:48.309476,2026-04-05 13:53:22.388967,0 days 00:00:34.079491,446,1,119.4,153.6,0.0,COMPLETE
3813,3813,0.6875,2026-04-05 13:53:22.403151,2026-04-05 13:53:29.641279,0 days 00:00:07.238128,362,1,116.9,156.6,0.0,COMPLETE
3814,3814,0.671875,2026-04-05 13:53:29.655677,2026-04-05 13:53:36.458986,0 days 00:00:06.803309,415,1,116.5,152.9,0.31,COMPLETE
3815,3815,0.6875,2026-04-05 13:53:36.469602,2026-04-05 13:53:42.971334,0 days 00:00:06.501732,436,1,116.7,153.5,0.31,COMPLETE
3816,3816,0.6875,2026-04-05 13:53:42.985752,2026-04-05 13:53:49.766480,0 days 00:00:06.780728,398,1,114.8,151.5,0.01,COMPLETE
3817,3817,0.6875,2026-04-05 13:53:49.781140,2026-04-05 13:53:56.644196,0 days 00:00:06.863056,455,1,115.2,155.7,0.0,COMPLETE
3818,3818,0.6875,2026-04-05 13:53:56.658490,2026-04-05 13:54:03.689689,0 days 00:00:07.031199,362,1,118.0,153.5,0.32,COMPLETE
3819,3819,0.6875,2026-04-05 13:54:03.704222,2026-04-05 13:54:10.869672,0 days 00:00:07.165450,248,3,117.1,149.0,0.12,COMPLETE
3820,3820,0.6875,2026-04-05 13:54:10.880712,2026-04-05 13:54:18.032272,0 days 00:00:07.151560,381,1,113.2,154.1,0.06,COMPLETE
3821,3821,0.6875,2026-04-05 13:54:18.046639,2026-04-05 13:54:24.528691,0 days 00:00:06.482052,407,1,113.2,153.4,0.1,COMPLETE
3822,3822,0.6875,2026-04-05 13:54:24.543197,2026-04-05 13:54:31.864970,0 days 00:00:07.321773,500,1,117.2,159.7,0.29,COMPLETE
3823,3823,0.6875,2026-04-05 13:54:31.879416,2026-04-05 13:54:39.649557,0 days 00:00:07.770141,453,1,113.6,149.0,0.3,COMPLETE
3824,3824,0.6875,2026-04-05 13:54:39.666314,2026-04-05 13:54:46.902639,0 days 00:00:07.236325,407,1,116.3,155.5,0.6,COMPLETE
3825,3825,0.825,2026-04-05 13:54:46.917327,2026-04-05 13:55:20.964531,0 days 00:00:34.047204,427,1,117.6,157.0,0.02,COMPLETE
3826,3826,0.6875,2026-04-05 13:55:20.979534,2026-04-05 13:55:27.768806,0 days 00:00:06.789272,424,1,115.7,155.5,0.28,COMPLETE
3827,3827,0.6875,2026-04-05 13:55:27.782639,2026-04-05 13:55:34.562992,0 days 00:00:06.780353,363,2,115.4,151.9,0.0,COMPLETE
3828,3828,0.825,2026-04-05 13:55:34.577877,2026-04-05 13:56:09.269565,0 days 00:00:34.691688,352,1,117.9,152.3,0.0,COMPLETE
3829,3829,0.6875,2026-04-05 13:56:09.284075,2026-04-05 13:56:16.226874,0 days 00:00:06.942799,357,1,117.8,154.5,0.39,COMPLETE
3830,3830,0.825,2026-04-05 13:56:16.240910,2026-04-05 13:56:49.993336,0 days 00:00:33.752426,377,1,118.0,154.5,0.02,COMPLETE
3831,3831,0.6875,2026-04-05 13:56:50.008089,2026-04-05 13:56:56.933897,0 days 00:00:06.925808,398,1,117.7,158.0,0.27,COMPLETE
3832,3832,0.6875,2026-04-05 13:56:56.948065,2026-04-05 13:57:03.623062,0 days 00:00:06.674997,462,1,117.5,155.0,0.28,COMPLETE
3833,3833,0.825,2026-04-05 13:57:03.633911,2026-04-05 13:57:37.615388,0 days 00:00:33.981477,436,1,118.3,157.2,0.26,COMPLETE
3834,3834,0.6875,2026-04-05 13:57:37.625274,2026-04-05 13:57:44.509530,0 days 00:00:06.884256,439,1,117.4,155.1,0.7000000000000001,COMPLETE
3835,3835,0.825,2026-04-05 13:57:44.523566,2026-04-05 13:58:18.607669,0 days 00:00:34.084103,385,1,119.3,155.9,0.03,COMPLETE
3836,3836,0.6875,2026-04-05 13:58:18.621824,2026-04-05 13:58:25.661940,0 days 00:00:07.040116,430,1,114.6,154.0,0.25,COMPLETE
3837,3837,0.6875,2026-04-05 13:58:25.676017,2026-04-05 13:58:32.397942,0 days 00:00:06.721925,483,1,117.0,154.7,0.31,COMPLETE
3838,3838,0.825,2026-04-05 13:58:32.412715,2026-04-05 13:59:06.447845,0 days 00:00:34.035130,455,1,118.5,155.5,0.26,COMPLETE
3839,3839,0.6875,2026-04-05 13:59:06.462382,2026-04-05 13:59:13.457639,0 days 00:00:06.995257,432,1,114.9,153.0,1.07,COMPLETE
3840,3840,0.825,2026-04-05 13:59:13.472076,2026-04-05 13:59:48.690255,0 days 00:00:35.218179,232,3,122.4,156.8,0.35000000000000003,COMPLETE
3841,3841,0.6875,2026-04-05 13:59:48.704856,2026-04-05 13:59:55.703529,0 days 00:00:06.998673,448,1,120.1,157.8,1.92,COMPLETE
3842,3842,0.6875,2026-04-05 13:59:55.715058,2026-04-05 14:00:02.885654,0 days 00:00:07.170596,415,1,114.3,154.9,0.31,COMPLETE
3843,3843,0.6875,2026-04-05 14:00:02.900229,2026-04-05 14:00:09.671514,0 days 00:00:06.771285,421,1,115.6,157.4,0.38,COMPLETE
3844,3844,0.6875,2026-04-05 14:00:09.685968,2026-04-05 14:00:16.418464,0 days 00:00:06.732496,412,1,116.8,154.3,0.04,COMPLETE
3845,3845,0.6875,2026-04-05 14:00:16.432580,2026-04-05 14:00:23.479099,0 days 00:00:07.046519,371,1,113.1,158.2,0.59,COMPLETE
3846,3846,0.6875,2026-04-05 14:00:23.490994,2026-04-05 14:00:30.276117,0 days 00:00:06.785123,401,1,115.5,155.3,0.86,COMPLETE
3847,3847,0.6875,2026-04-05 14:00:30.287593,2026-04-05 14:00:36.862740,0 days 00:00:06.575147,370,1,115.3,156.0,0.04,COMPLETE
3848,3848,0.6875,2026-04-05 14:00:36.877070,2026-04-05 14:00:43.455221,0 days 00:00:06.578151,442,1,114.7,154.6,0.0,COMPLETE
3849,3849,0.6875,2026-04-05 14:00:43.469934,2026-04-05 14:00:50.211459,0 days 00:00:06.741525,403,1,116.1,152.2,0.0,COMPLETE
3850,3850,0.6875,2026-04-05 14:00:50.222782,2026-04-05 14:00:57.078311,0 days 00:00:06.855529,460,1,116.1,156.3,0.29,COMPLETE
3851,3851,0.6875,2026-04-05 14:00:57.092783,2026-04-05 14:01:03.700974,0 days 00:00:06.608191,496,2,115.2,155.3,0.9,COMPLETE
3852,3852,0.6875,2026-04-05 14:01:03.715023,2026-04-05 14:01:10.556579,0 days 00:00:06.841556,373,1,115.0,154.1,0.03,COMPLETE
3853,3853,0.825,2026-04-05 14:01:10.571320,2026-04-05 14:01:44.649033,0 days 00:00:34.077713,438,1,117.3,154.2,0.02,COMPLETE
3854,3854,0.6875,2026-04-05 14:01:44.663949,2026-04-05 14:01:51.443602,0 days 00:00:06.779653,405,1,119.2,153.3,0.48,COMPLETE
3855,3855,0.825,2026-04-05 14:01:51.458164,2026-04-05 14:02:25.617138,0 days 00:00:34.158974,441,2,116.7,154.6,0.08,COMPLETE
3856,3856,0.825,2026-04-05 14:02:25.631527,2026-04-05 14:02:59.666912,0 days 00:00:34.035385,400,1,118.7,157.5,0.43,COMPLETE
3857,3857,0.6875,2026-04-05 14:02:59.678766,2026-04-05 14:03:06.762165,0 days 00:00:07.083399,363,1,116.2,153.6,0.88,COMPLETE
3858,3858,0.6875,2026-04-05 14:03:06.774696,2026-04-05 14:03:13.507638,0 days 00:00:06.732942,494,1,114.8,155.7,1.09,COMPLETE
3859,3859,0.825,2026-04-05 14:03:13.521643,2026-04-05 14:03:48.047478,0 days 00:00:34.525835,393,1,119.1,152.9,0.03,COMPLETE
3860,3860,0.825,2026-04-05 14:03:48.062205,2026-04-05 14:04:22.088048,0 days 00:00:34.025843,374,1,118.0,156.9,0.34,COMPLETE
3861,3861,0.6875,2026-04-05 14:04:22.101015,2026-04-05 14:04:28.916482,0 days 00:00:06.815467,488,2,117.3,155.4,0.45,COMPLETE
3862,3862,0.6875,2026-04-05 14:04:28.928085,2026-04-05 14:04:35.891995,0 days 00:00:06.963910,372,1,114.3,154.4,0.42,COMPLETE
3863,3863,0.6875,2026-04-05 14:04:35.904790,2026-04-05 14:04:42.565156,0 days 00:00:06.660366,377,2,115.7,155.7,0.0,COMPLETE
3864,3864,0.825,2026-04-05 14:04:42.578345,2026-04-05 14:05:16.617209,0 days 00:00:34.038864,382,1,118.1,155.0,0.35000000000000003,COMPLETE
3865,3865,0.6875,2026-04-05 14:05:16.632424,2026-04-05 14:05:23.540811,0 days 00:00:06.908387,397,1,116.7,152.0,0.0,COMPLETE
3866,3866,0.825,2026-04-05 14:05:23.552029,2026-04-05 14:05:58.095864,0 days 00:00:34.543835,259,3,120.1,156.2,0.04,COMPLETE
3867,3867,0.6875,2026-04-05 14:05:58.107633,2026-04-05 14:06:05.146067,0 days 00:00:07.038434,399,1,118.5,152.1,0.33,COMPLETE
3868,3868,0.6875,2026-04-05 14:06:05.159516,2026-04-05 14:06:12.887278,0 days 00:00:07.727762,158,2,113.8,153.0,1.84,COMPLETE
3869,3869,0.6875,2026-04-05 14:06:12.903101,2026-04-05 14:06:19.630831,0 days 00:00:06.727730,311,1,116.9,152.4,0.42,COMPLETE
3870,3870,0.6875,2026-04-05 14:06:19.646904,2026-04-05 14:06:26.680897,0 days 00:00:07.033993,378,1,115.0,157.6,0.01,COMPLETE
3871,3871,0.825,2026-04-05 14:06:26.696086,2026-04-05 14:06:31.900430,0 days 00:00:05.204344,469,1,116.5,154.7,0.3,COMPLETE
3872,3872,0.825,2026-04-05 14:06:31.915024,2026-04-05 14:07:05.692343,0 days 00:00:33.777319,468,1,117.5,154.1,0.01,COMPLETE
3873,3873,0.6875,2026-04-05 14:07:05.706786,2026-04-05 14:07:12.838698,0 days 00:00:07.131912,342,1,113.6,153.6,0.78,COMPLETE
3874,3874,0.6875,2026-04-05 14:07:12.853516,2026-04-05 14:07:20.041518,0 days 00:00:07.188002,434,1,118.9,149.9,0.0,COMPLETE
3875,3875,0.6875,2026-04-05 14:07:20.053071,2026-04-05 14:07:27.798270,0 days 00:00:07.745199,324,1,117.9,159.0,0.01,COMPLETE
3876,3876,0.6875,2026-04-05 14:07:27.812504,2026-04-05 14:07:34.566187,0 days 00:00:06.753683,391,1,117.7,155.4,0.35000000000000003,COMPLETE
3877,3877,0.6875,2026-04-05 14:07:34.577831,2026-04-05 14:07:41.354493,0 days 00:00:06.776662,282,1,117.1,154.6,0.04,COMPLETE
3878,3878,0.6875,2026-04-05 14:07:41.365221,2026-04-05 14:07:48.120628,0 days 00:00:06.755407,431,1,114.4,157.0,0.01,COMPLETE
3879,3879,0.6875,2026-04-05 14:07:48.132053,2026-04-05 14:07:54.725190,0 days 00:00:06.593137,396,1,115.2,155.7,0.01,COMPLETE
3880,3880,0.6875,2026-04-05 14:07:54.737475,2026-04-05 14:08:01.386810,0 days 00:00:06.649335,473,1,115.1,153.9,0.3,COMPLETE
3881,3881,0.825,2026-04-05 14:08:01.402011,2026-04-05 14:08:35.818416,0 days 00:00:34.416405,388,1,116.8,155.5,0.02,COMPLETE
3882,3882,0.6875,2026-04-05 14:08:35.831086,2026-04-05 14:08:42.615383,0 days 00:00:06.784297,415,1,115.7,152.6,0.38,COMPLETE
3883,3883,0.6875,2026-04-05 14:08:42.630096,2026-04-05 14:08:49.360096,0 days 00:00:06.730000,453,1,113.6,153.9,0.0,COMPLETE
3884,3884,0.825,2026-04-05 14:08:49.372259,2026-04-05 14:09:02.946328,0 days 00:00:13.574069,487,1,117.9,153.3,0.32,COMPLETE
3885,3885,0.825,2026-04-05 14:09:02.959473,2026-04-05 14:09:36.976433,0 days 00:00:34.016960,463,1,118.4,156.9,0.62,COMPLETE
3886,3886,0.6875,2026-04-05 14:09:36.991631,2026-04-05 14:09:43.924805,0 days 00:00:06.933174,419,1,114.6,155.4,0.36,COMPLETE
3887,3887,0.6875,2026-04-05 14:09:43.939440,2026-04-05 14:09:50.553761,0 days 00:00:06.614321,397,1,114.2,153.8,0.01,COMPLETE
3888,3888,0.6875,2026-04-05 14:09:50.568797,2026-04-05 14:09:57.433921,0 days 00:00:06.865124,318,1,114.8,155.3,0.0,COMPLETE
3889,3889,0.825,2026-04-05 14:09:57.445041,2026-04-05 14:10:31.758877,0 days 00:00:34.313836,499,1,119.0,152.8,0.0,COMPLETE
3890,3890,0.6875,2026-04-05 14:10:31.771544,2026-04-05 14:10:38.777839,0 days 00:00:07.006295,412,1,117.2,153.5,0.34,COMPLETE
3891,3891,0.6875,2026-04-05 14:10:38.792511,2026-04-05 14:10:45.374918,0 days 00:00:06.582407,420,1,116.4,154.7,0.54,COMPLETE
3892,3892,0.825,2026-04-05 14:10:45.389535,2026-04-05 14:11:19.101652,0 days 00:00:33.712117,397,1,116.8,155.0,0.28,COMPLETE
3893,3893,0.671875,2026-04-05 14:11:19.112700,2026-04-05 14:11:25.951416,0 days 00:00:06.838716,453,1,117.4,152.6,0.31,COMPLETE
3894,3894,0.825,2026-04-05 14:11:25.965685,2026-04-05 14:12:00.579862,0 days 00:00:34.614177,364,2,119.4,157.6,0.12,COMPLETE
3895,3895,0.6875,2026-04-05 14:12:00.594212,2026-04-05 14:12:07.623418,0 days 00:00:07.029206,455,1,116.3,155.0,0.31,COMPLETE
3896,3896,0.6875,2026-04-05 14:12:07.633556,2026-04-05 14:12:14.195588,0 days 00:00:06.562032,437,1,117.4,155.7,0.01,COMPLETE
3897,3897,0.6875,2026-04-05 14:12:14.211415,2026-04-05 14:12:21.052418,0 days 00:00:06.841003,392,1,113.2,156.1,0.28,COMPLETE
3898,3898,0.6875,2026-04-05 14:12:21.067392,2026-04-05 14:12:27.909823,0 days 00:00:06.842431,407,1,116.1,153.1,0.38,COMPLETE
3899,3899,0.6875,2026-04-05 14:12:27.924346,2026-04-05 14:12:34.940044,0 days 00:00:07.015698,377,1,113.5,148.4,1.4000000000000001,COMPLETE
3900,3900,0.6875,2026-04-05 14:12:34.954688,2026-04-05 14:12:42.062711,0 days 00:00:07.108023,350,1,116.8,153.3,0.5700000000000001,COMPLETE
3901,3901,0.6875,2026-04-05 14:12:42.073746,2026-04-05 14:12:49.645220,0 days 00:00:07.571474,365,3,124.5,158.5,0.33,COMPLETE
3902,3902,0.6875,2026-04-05 14:12:49.660030,2026-04-05 14:12:56.286946,0 days 00:00:06.626916,494,2,124.8,159.9,1.05,COMPLETE
3903,3903,0.6875,2026-04-05 14:12:56.301688,2026-04-05 14:13:03.783693,0 days 00:00:07.482005,457,1,116.3,157.3,0.35000000000000003,COMPLETE
3904,3904,0.825,2026-04-05 14:13:03.798714,2026-04-05 14:13:17.231316,0 days 00:00:13.432602,473,1,117.0,154.8,0.02,COMPLETE
3905,3905,0.825,2026-04-05 14:13:17.246120,2026-04-05 14:13:51.254641,0 days 00:00:34.008521,411,1,116.4,153.8,0.04,COMPLETE
3906,3906,0.6875,2026-04-05 14:13:51.264949,2026-04-05 14:13:57.912975,0 days 00:00:06.648026,376,1,115.3,154.5,0.03,COMPLETE
3907,3907,0.6875,2026-04-05 14:13:57.927698,2026-04-05 14:14:04.604122,0 days 00:00:06.676424,462,1,113.5,153.8,0.37,COMPLETE
3908,3908,0.6875,2026-04-05 14:14:04.616499,2026-04-05 14:14:11.581902,0 days 00:00:06.965403,463,2,116.3,157.9,0.2,COMPLETE
3909,3909,0.825,2026-04-05 14:14:11.596292,2026-04-05 14:14:16.650716,0 days 00:00:05.054424,443,2,116.8,156.1,0.03,COMPLETE
3910,3910,0.825,2026-04-05 14:14:16.661921,2026-04-05 14:14:50.851539,0 days 00:00:34.189618,372,2,118.0,155.2,0.23,COMPLETE
3911,3911,0.6875,2026-04-05 14:14:50.866414,2026-04-05 14:14:57.712155,0 days 00:00:06.845741,472,1,114.9,156.8,0.7000000000000001,COMPLETE
3912,3912,0.825,2026-04-05 14:14:57.726550,2026-04-05 14:15:32.041027,0 days 00:00:34.314477,385,1,118.7,156.8,0.04,COMPLETE
3913,3913,0.6875,2026-04-05 14:15:32.055916,2026-04-05 14:15:39.074072,0 days 00:00:07.018156,457,1,114.8,157.8,0.26,COMPLETE
3914,3914,0.6875,2026-04-05 14:15:39.088928,2026-04-05 14:15:46.004955,0 days 00:00:06.916027,329,1,115.8,156.0,0.36,COMPLETE
3915,3915,0.6875,2026-04-05 14:15:46.019457,2026-04-05 14:15:52.458848,0 days 00:00:06.439391,395,1,116.1,155.8,0.3,COMPLETE
3916,3916,0.6875,2026-04-05 14:15:52.471252,2026-04-05 14:15:58.932222,0 days 00:00:06.460970,470,1,116.1,155.7,0.0,COMPLETE
3917,3917,0.6875,2026-04-05 14:15:58.943427,2026-04-05 14:16:05.553854,0 days 00:00:06.610427,424,1,117.3,154.7,0.4,COMPLETE
3918,3918,0.6875,2026-04-05 14:16:05.568930,2026-04-05 14:16:12.332668,0 days 00:00:06.763738,390,1,114.4,152.6,0.0,COMPLETE
3919,3919,0.825,2026-04-05 14:16:12.344554,2026-04-05 14:16:46.795430,0 days 00:00:34.450876,451,1,119.8,156.7,0.12,COMPLETE
3920,3920,0.6875,2026-04-05 14:16:46.807634,2026-04-05 14:16:54.014077,0 days 00:00:07.206443,350,1,116.7,154.0,0.33,COMPLETE
3921,3921,0.6875,2026-04-05 14:16:54.028845,2026-04-05 14:17:00.759329,0 days 00:00:06.730484,436,1,113.6,152.9,0.02,COMPLETE
3922,3922,0.6875,2026-04-05 14:17:00.774364,2026-04-05 14:17:08.097237,0 days 00:00:07.322873,329,1,113.4,158.5,0.19,COMPLETE
3923,3923,0.6875,2026-04-05 14:17:08.111063,2026-04-05 14:17:14.997965,0 days 00:00:06.886902,499,1,114.8,155.5,0.01,COMPLETE
3924,3924,0.825,2026-04-05 14:17:15.012065,2026-04-05 14:17:49.252188,0 days 00:00:34.240123,334,1,118.0,155.0,0.01,COMPLETE
3925,3925,0.6875,2026-04-05 14:17:49.263543,2026-04-05 14:17:56.207951,0 days 00:00:06.944408,407,1,115.3,155.0,0.0,COMPLETE
3926,3926,0.825,2026-04-05 14:17:56.223064,2026-04-05 14:18:30.505423,0 days 00:00:34.282359,321,1,116.8,152.3,0.0,COMPLETE
3927,3927,0.6875,2026-04-05 14:18:30.520669,2026-04-05 14:18:37.574300,0 days 00:00:07.053631,463,1,115.1,156.3,0.38,COMPLETE
3928,3928,0.6875,2026-04-05 14:18:37.589052,2026-04-05 14:18:44.377511,0 days 00:00:06.788459,413,1,113.3,153.0,0.4,COMPLETE
3929,3929,0.825,2026-04-05 14:18:44.389250,2026-04-05 14:19:18.855989,0 days 00:00:34.466739,378,1,118.7,155.4,0.0,COMPLETE
3930,3930,0.6875,2026-04-05 14:19:18.870582,2026-04-05 14:19:25.902708,0 days 00:00:07.032126,422,2,114.6,157.7,0.39,COMPLETE
3931,3931,0.6875,2026-04-05 14:19:25.914785,2026-04-05 14:19:32.610479,0 days 00:00:06.695694,425,1,116.8,156.6,0.62,COMPLETE
3932,3932,0.6875,2026-04-05 14:19:32.622543,2026-04-05 14:19:39.434130,0 days 00:00:06.811587,403,1,113.2,155.2,0.01,COMPLETE
3933,3933,0.825,2026-04-05 14:19:39.448040,2026-04-05 14:19:59.861342,0 days 00:00:20.413302,416,1,116.2,154.8,0.26,COMPLETE
3934,3934,0.6875,2026-04-05 14:19:59.875988,2026-04-05 14:20:06.351508,0 days 00:00:06.475520,417,2,116.0,154.1,0.01,COMPLETE
3935,3935,0.825,2026-04-05 14:20:06.366148,2026-04-05 14:20:40.511401,0 days 00:00:34.145253,441,1,119.4,156.7,0.01,COMPLETE
3936,3936,0.6875,2026-04-05 14:20:40.525568,2026-04-05 14:20:47.679357,0 days 00:00:07.153789,463,1,115.4,153.6,0.25,COMPLETE
3937,3937,0.6875,2026-04-05 14:20:47.693430,2026-04-05 14:20:54.778061,0 days 00:00:07.084631,351,2,117.2,157.3,0.01,COMPLETE
3938,3938,0.6875,2026-04-05 14:20:54.789343,2026-04-05 14:21:01.660958,0 days 00:00:06.871615,393,1,116.4,153.0,0.33,COMPLETE
3939,3939,0.6875,2026-04-05 14:21:01.675095,2026-04-05 14:21:08.249965,0 days 00:00:06.574870,446,1,115.2,153.5,0.8,COMPLETE
3940,3940,0.6875,2026-04-05 14:21:08.264650,2026-04-05 14:21:14.883828,0 days 00:00:06.619178,495,1,116.6,153.6,0.0,COMPLETE
3941,3941,0.6875,2026-04-05 14:21:14.898110,2026-04-05 14:21:21.635473,0 days 00:00:06.737363,436,1,114.6,156.1,0.96,COMPLETE
3942,3942,0.6875,2026-04-05 14:21:21.650610,2026-04-05 14:21:29.877630,0 days 00:00:08.227020,226,2,122.4,148.8,1.97,COMPLETE
3943,3943,0.825,2026-04-05 14:21:29.891926,2026-04-05 14:22:04.484742,0 days 00:00:34.592816,403,1,119.1,155.6,0.29,COMPLETE
3944,3944,0.6875,2026-04-05 14:22:04.499141,2026-04-05 14:22:11.785162,0 days 00:00:07.286021,500,1,116.7,149.7,0.8,COMPLETE
3945,3945,0.6875,2026-04-05 14:22:11.800166,2026-04-05 14:22:19.126248,0 days 00:00:07.326082,329,1,117.7,155.8,0.33,COMPLETE
3946,3946,0.6875,2026-04-05 14:22:19.136911,2026-04-05 14:22:25.851606,0 days 00:00:06.714695,443,1,116.9,153.7,0.01,COMPLETE
3947,3947,0.6875,2026-04-05 14:22:25.866648,2026-04-05 14:22:32.824323,0 days 00:00:06.957675,309,1,115.3,156.5,0.01,COMPLETE
3948,3948,0.6875,2026-04-05 14:22:32.839486,2026-04-05 14:22:39.564351,0 days 00:00:06.724865,434,1,113.3,156.6,1.28,COMPLETE
3949,3949,0.825,2026-04-05 14:22:39.579071,2026-04-05 14:23:13.598757,0 days 00:00:34.019686,444,1,117.2,156.9,0.02,COMPLETE
3950,3950,0.825,2026-04-05 14:23:13.613886,2026-04-05 14:23:18.664629,0 days 00:00:05.050743,440,1,115.8,155.4,0.01,COMPLETE
3951,3951,0.6875,2026-04-05 14:23:18.676116,2026-04-05 14:23:25.744070,0 days 00:00:07.067954,362,1,116.2,153.6,0.0,COMPLETE
3952,3952,0.825,2026-04-05 14:23:25.759351,2026-04-05 14:23:59.708850,0 days 00:00:33.949499,415,1,119.3,154.5,0.39,COMPLETE
3953,3953,0.6875,2026-04-05 14:23:59.724069,2026-04-05 14:24:06.831752,0 days 00:00:07.107683,464,1,114.5,154.5,0.28,COMPLETE
3954,3954,0.825,2026-04-05 14:24:06.843676,2026-04-05 14:24:40.896394,0 days 00:00:34.052718,490,1,117.6,156.1,0.26,COMPLETE
3955,3955,0.6875,2026-04-05 14:24:40.906373,2026-04-05 14:24:48.216195,0 days 00:00:07.309822,324,3,113.5,155.1,1.2,COMPLETE
3956,3956,0.6875,2026-04-05 14:24:48.230619,2026-04-05 14:24:54.906917,0 days 00:00:06.676298,365,1,115.5,155.1,0.25,COMPLETE
3957,3957,0.6875,2026-04-05 14:24:54.919431,2026-04-05 14:25:01.608377,0 days 00:00:06.688946,407,1,115.0,153.2,0.0,COMPLETE
3958,3958,0.6875,2026-04-05 14:25:01.622562,2026-04-05 14:25:08.322767,0 days 00:00:06.700205,373,1,116.1,155.0,0.03,COMPLETE
3959,3959,0.6875,2026-04-05 14:25:08.338572,2026-04-05 14:25:14.797570,0 days 00:00:06.458998,378,1,115.9,155.3,0.35000000000000003,COMPLETE
3960,3960,0.825,2026-04-05 14:25:14.811983,2026-04-05 14:25:48.780685,0 days 00:00:33.968702,432,1,118.4,155.2,0.18,COMPLETE
3961,3961,0.6875,2026-04-05 14:25:48.795483,2026-04-05 14:25:55.894587,0 days 00:00:07.099104,324,1,116.8,158.3,0.59,COMPLETE
3962,3962,0.6875,2026-04-05 14:25:55.908862,2026-04-05 14:26:04.090149,0 days 00:00:08.181287,214,2,123.7,148.0,0.85,COMPLETE
3963,3963,0.6875,2026-04-05 14:26:04.102253,2026-04-05 14:26:11.832771,0 days 00:00:07.730518,428,1,115.1,154.5,0.2,COMPLETE
3964,3964,0.825,2026-04-05 14:26:11.847312,2026-04-05 14:26:46.090042,0 days 00:00:34.242730,381,1,119.6,153.4,0.02,COMPLETE
3965,3965,0.825,2026-04-05 14:26:46.104640,2026-04-05 14:27:20.142971,0 days 00:00:34.038331,430,1,117.9,156.8,0.34,COMPLETE
3966,3966,0.6875,2026-04-05 14:27:20.156742,2026-04-05 14:27:27.065525,0 days 00:00:06.908783,408,1,114.1,157.0,0.22,COMPLETE
3967,3967,0.6875,2026-04-05 14:27:27.079363,2026-04-05 14:27:33.824555,0 days 00:00:06.745192,463,1,116.6,157.0,0.01,COMPLETE
3968,3968,0.6875,2026-04-05 14:27:33.839206,2026-04-05 14:27:40.717130,0 days 00:00:06.877924,426,2,114.1,153.3,0.3,COMPLETE
3969,3969,0.6875,2026-04-05 14:27:40.731367,2026-04-05 14:27:47.854712,0 days 00:00:07.123345,445,2,118.0,158.0,0.74,COMPLETE
3970,3970,0.825,2026-04-05 14:27:47.870609,2026-04-05 14:27:53.270519,0 days 00:00:05.399910,486,2,116.0,153.2,0.06,COMPLETE
3971,3971,0.6875,2026-04-05 14:27:53.284691,2026-04-05 14:28:00.290525,0 days 00:00:07.005834,379,2,116.2,155.1,0.44,COMPLETE
3972,3972,0.6875,2026-04-05 14:28:00.306033,2026-04-05 14:28:07.223156,0 days 00:00:06.917123,441,1,119.9,152.6,0.38,COMPLETE
3973,3973,0.6875,2026-04-05 14:28:07.238015,2026-04-05 14:28:14.042264,0 days 00:00:06.804249,401,1,122.1,150.6,0.73,COMPLETE
3974,3974,0.6875,2026-04-05 14:28:14.056470,2026-04-05 14:28:21.168007,0 days 00:00:07.111537,471,1,117.4,154.5,0.74,COMPLETE
3975,3975,0.6875,2026-04-05 14:28:21.179825,2026-04-05 14:28:28.042703,0 days 00:00:06.862878,381,1,117.1,152.9,0.23,COMPLETE
3976,3976,0.6875,2026-04-05 14:28:28.057963,2026-04-05 14:28:34.991690,0 days 00:00:06.933727,384,1,117.0,157.7,0.03,COMPLETE
3977,3977,0.6875,2026-04-05 14:28:35.006600,2026-04-05 14:28:41.510326,0 days 00:00:06.503726,391,1,116.6,157.1,0.36,COMPLETE
3978,3978,0.6875,2026-04-05 14:28:41.525776,2026-04-05 14:28:48.218242,0 days 00:00:06.692466,491,1,114.4,155.0,0.24,COMPLETE
3979,3979,0.825,2026-04-05 14:28:48.232560,2026-04-05 14:29:22.527860,0 days 00:00:34.295300,443,1,119.2,155.4,0.0,COMPLETE
3980,3980,0.6875,2026-04-05 14:29:22.542808,2026-04-05 14:29:29.586372,0 days 00:00:07.043564,493,1,114.5,154.3,1.16,COMPLETE
3981,3981,0.6875,2026-04-05 14:29:29.598073,2026-04-05 14:29:36.517257,0 days 00:00:06.919184,410,1,114.5,154.7,0.01,COMPLETE
3982,3982,0.825,2026-04-05 14:29:36.530807,2026-04-05 14:30:10.393456,0 days 00:00:33.862649,482,1,116.0,154.8,0.0,COMPLETE
3983,3983,0.6875,2026-04-05 14:30:10.408805,2026-04-05 14:30:17.465912,0 days 00:00:07.057107,370,1,113.9,155.0,0.49,COMPLETE
3984,3984,0.825,2026-04-05 14:30:17.480937,2026-04-05 14:30:51.589775,0 days 00:00:34.108838,354,1,118.6,155.5,0.02,COMPLETE
3985,3985,0.825,2026-04-05 14:30:51.600481,2026-04-05 14:30:58.819738,0 days 00:00:07.219257,421,1,115.8,155.6,0.24,COMPLETE
3986,3986,0.6875,2026-04-05 14:30:58.834167,2026-04-05 14:31:05.703830,0 days 00:00:06.869663,497,1,116.1,154.2,1.31,COMPLETE
3987,3987,0.6875,2026-04-05 14:31:05.718644,2026-04-05 14:31:12.586747,0 days 00:00:06.868103,402,1,117.4,154.0,0.23,COMPLETE
3988,3988,0.6875,2026-04-05 14:31:12.600877,2026-04-05 14:31:19.212892,0 days 00:00:06.612015,398,1,115.9,154.7,0.0,COMPLETE
3989,3989,0.6875,2026-04-05 14:31:19.227723,2026-04-05 14:31:25.827149,0 days 00:00:06.599426,367,1,115.7,153.1,0.0,COMPLETE
3990,3990,0.6875,2026-04-05 14:31:25.839485,2026-04-05 14:31:32.565851,0 days 00:00:06.726366,443,1,114.2,156.1,0.29,COMPLETE
3991,3991,0.6875,2026-04-05 14:31:32.581041,2026-04-05 14:31:39.288725,0 days 00:00:06.707684,437,1,114.9,153.1,0.02,COMPLETE
3992,3992,0.825,2026-04-05 14:31:39.303747,2026-04-05 14:32:13.256337,0 days 00:00:33.952590,405,1,117.8,154.9,0.0,COMPLETE
3993,3993,0.671875,2026-04-05 14:32:13.268154,2026-04-05 14:32:19.935847,0 days 00:00:06.667693,437,1,117.3,155.4,0.27,COMPLETE
3994,3994,0.6875,2026-04-05 14:32:19.950648,2026-04-05 14:32:26.876867,0 days 00:00:06.926219,418,1,116.2,160.0,0.0,COMPLETE
3995,3995,0.6875,2026-04-05 14:32:26.891777,2026-04-05 14:32:33.906842,0 days 00:00:07.015065,394,1,115.4,154.7,0.31,COMPLETE
3996,3996,0.6875,2026-04-05 14:32:33.921363,2026-04-05 14:32:40.572472,0 days 00:00:06.651109,379,2,116.6,156.2,0.37,COMPLETE
3997,3997,0.6875,2026-04-05 14:32:40.587666,2026-04-05 14:32:47.119707,0 days 00:00:06.532041,411,1,116.1,156.8,0.03,COMPLETE
3998,3998,0.6875,2026-04-05 14:32:47.134810,2026-04-05 14:32:54.104534,0 days 00:00:06.969724,341,1,114.7,154.1,0.34,COMPLETE
3999,3999,0.6875,2026-04-05 14:32:54.119867,2026-04-05 14:33:00.783885,0 days 00:00:06.664018,471,1,113.5,155.5,0.59,COMPLETE
4000,4000,0.6875,2026-04-05 14:33:00.798356,2026-04-05 14:33:07.573523,0 days 00:00:06.775167,466,1,114.9,152.2,0.01,COMPLETE
4001,4001,0.6875,2026-04-05 14:33:07.587819,2026-04-05 14:33:14.909416,0 days 00:00:07.321597,352,1,120.4,150.2,0.7000000000000001,COMPLETE
4002,4002,0.6875,2026-04-05 14:33:14.923538,2026-04-05 14:33:21.724049,0 days 00:00:06.800511,406,1,119.8,154.1,0.24,COMPLETE
4003,4003,0.6875,2026-04-05 14:33:21.738461,2026-04-05 14:33:28.506227,0 days 00:00:06.767766,440,1,116.5,152.9,0.0,COMPLETE
4004,4004,0.6875,2026-04-05 14:33:28.520728,2026-04-05 14:33:35.202347,0 days 00:00:06.681619,432,1,118.1,152.1,0.7000000000000001,COMPLETE
4005,4005,0.6875,2026-04-05 14:33:35.217027,2026-04-05 14:33:42.225706,0 days 00:00:07.008679,492,2,113.7,155.0,1.56,COMPLETE
4006,4006,0.6875,2026-04-05 14:33:42.240140,2026-04-05 14:33:49.240979,0 days 00:00:07.000839,414,1,115.4,156.6,0.25,COMPLETE
4007,4007,0.6875,2026-04-05 14:33:49.252041,2026-04-05 14:33:56.076963,0 days 00:00:06.824922,435,1,114.8,152.6,0.37,COMPLETE
4008,4008,0.825,2026-04-05 14:33:56.091003,2026-04-05 14:34:30.493580,0 days 00:00:34.402577,377,1,118.0,156.6,0.35000000000000003,COMPLETE
4009,4009,0.6875,2026-04-05 14:34:30.509302,2026-04-05 14:34:37.395778,0 days 00:00:06.886476,453,1,114.3,155.5,0.05,COMPLETE
4010,4010,0.6875,2026-04-05 14:34:37.408390,2026-04-05 14:34:45.047748,0 days 00:00:07.639358,254,1,122.3,157.3,1.53,COMPLETE
4011,4011,0.6875,2026-04-05 14:34:45.058452,2026-04-05 14:34:52.137060,0 days 00:00:07.078608,384,1,116.8,154.8,0.79,COMPLETE
4012,4012,0.6875,2026-04-05 14:34:52.151777,2026-04-05 14:34:58.630238,0 days 00:00:06.478461,461,2,116.3,154.7,0.36,COMPLETE
4013,4013,0.6875,2026-04-05 14:34:58.645071,2026-04-05 14:35:05.352367,0 days 00:00:06.707296,426,2,114.0,155.0,0.01,COMPLETE
4014,4014,0.6875,2026-04-05 14:35:05.367293,2026-04-05 14:35:12.324339,0 days 00:00:06.957046,354,2,116.1,154.0,0.08,COMPLETE
4015,4015,0.6875,2026-04-05 14:35:12.335292,2026-04-05 14:35:18.885007,0 days 00:00:06.549715,341,1,115.7,155.1,0.02,COMPLETE
4016,4016,0.6875,2026-04-05 14:35:18.899286,2026-04-05 14:35:25.619037,0 days 00:00:06.719751,331,1,115.6,152.7,0.33,COMPLETE
4017,4017,0.6875,2026-04-05 14:35:25.634034,2026-04-05 14:35:32.233043,0 days 00:00:06.599009,408,1,115.8,154.1,0.27,COMPLETE
4018,4018,0.6875,2026-04-05 14:35:32.248102,2026-04-05 14:35:38.811874,0 days 00:00:06.563772,445,1,117.0,154.1,0.44,COMPLETE
4019,4019,0.825,2026-04-05 14:35:38.826390,2026-04-05 14:36:12.629610,0 days 00:00:33.803220,459,1,116.6,155.1,0.0,COMPLETE
4020,4020,0.6875,2026-04-05 14:36:12.643988,2026-04-05 14:36:19.990253,0 days 00:00:07.346265,437,1,120.3,149.8,0.52,COMPLETE
4021,4021,0.6875,2026-04-05 14:36:20.004536,2026-04-05 14:36:26.775064,0 days 00:00:06.770528,355,1,119.4,149.5,0.35000000000000003,COMPLETE
4022,4022,0.825,2026-04-05 14:36:26.789584,2026-04-05 14:37:01.011465,0 days 00:00:34.221881,455,1,119.0,154.2,0.24,COMPLETE
4023,4023,0.6875,2026-04-05 14:37:01.026290,2026-04-05 14:37:08.004793,0 days 00:00:06.978503,476,1,116.0,156.3,0.24,COMPLETE
4024,4024,0.6875,2026-04-05 14:37:08.016092,2026-04-05 14:37:14.981303,0 days 00:00:06.965211,408,1,118.7,152.2,0.27,COMPLETE
4025,4025,0.825,2026-04-05 14:37:14.996069,2026-04-05 14:37:22.282254,0 days 00:00:07.286185,441,1,115.2,154.5,0.0,COMPLETE
4026,4026,0.6875,2026-04-05 14:37:22.297125,2026-04-05 14:37:29.220161,0 days 00:00:06.923036,347,1,114.7,157.2,0.68,COMPLETE
4027,4027,0.6875,2026-04-05 14:37:29.235192,2026-04-05 14:37:35.926442,0 days 00:00:06.691250,492,1,115.4,153.2,0.6,COMPLETE
4028,4028,0.6875,2026-04-05 14:37:35.940597,2026-04-05 14:37:43.045769,0 days 00:00:07.105172,419,1,122.4,151.2,0.29,COMPLETE
4029,4029,0.0,2026-04-05 14:37:43.060966,2026-04-05 14:37:50.099511,0 days 00:00:07.038545,426,1,116.7,154.8,0.35000000000000003,COMPLETE
4030,4030,0.6875,2026-04-05 14:37:50.113588,2026-04-05 14:37:56.557615,0 days 00:00:06.444027,452,1,115.9,154.3,0.66,COMPLETE
4031,4031,0.825,2026-04-05 14:37:56.572856,2026-04-05 14:38:30.614732,0 days 00:00:34.041876,463,1,117.8,155.6,0.3,COMPLETE
4032,4032,0.6875,2026-04-05 14:38:30.629265,2026-04-05 14:38:37.388096,0 days 00:00:06.758831,423,1,117.0,154.8,0.45,COMPLETE
4033,4033,0.825,2026-04-05 14:38:37.402098,2026-04-05 14:39:11.544262,0 days 00:00:34.142164,417,1,118.1,157.3,0.37,COMPLETE
4034,4034,0.6875,2026-04-05 14:39:11.558729,2026-04-05 14:39:18.396463,0 days 00:00:06.837734,496,1,115.6,155.0,0.71,COMPLETE
4035,4035,0.6875,2026-04-05 14:39:18.411083,2026-04-05 14:39:25.360400,0 days 00:00:06.949317,388,1,117.8,154.9,0.56,COMPLETE
4036,4036,0.825,2026-04-05 14:39:25.372304,2026-04-05 14:39:59.191935,0 days 00:00:33.819631,428,1,118.9,155.2,0.64,COMPLETE
4037,4037,0.6875,2026-04-05 14:39:59.207239,2026-04-05 14:40:07.157993,0 days 00:00:07.950754,169,3,113.1,153.5,1.06,COMPLETE
4038,4038,0.6875,2026-04-05 14:40:07.172429,2026-04-05 14:40:14.085960,0 days 00:00:06.913531,450,1,117.9,153.8,0.59,COMPLETE
4039,4039,0.6875,2026-04-05 14:40:14.100402,2026-04-05 14:40:20.737841,0 days 00:00:06.637439,425,1,117.3,155.5,0.37,COMPLETE
4040,4040,0.6875,2026-04-05 14:40:20.752131,2026-04-05 14:40:27.534362,0 days 00:00:06.782231,432,1,114.5,155.1,0.38,COMPLETE
4041,4041,0.6875,2026-04-05 14:40:27.549108,2026-04-05 14:40:34.153975,0 days 00:00:06.604867,392,1,115.8,156.1,0.51,COMPLETE
4042,4042,0.6875,2026-04-05 14:40:34.165411,2026-04-05 14:40:40.979640,0 days 00:00:06.814229,478,1,117.0,152.5,0.41000000000000003,COMPLETE
4043,4043,0.6875,2026-04-05 14:40:40.994934,2026-04-05 14:40:47.988378,0 days 00:00:06.993444,404,1,116.2,155.9,0.0,COMPLETE
4044,4044,0.6875,2026-04-05 14:40:48.003155,2026-04-05 14:40:54.716967,0 days 00:00:06.713812,406,1,114.3,154.6,0.63,COMPLETE
4045,4045,0.6875,2026-04-05 14:40:54.733456,2026-04-05 14:41:01.317351,0 days 00:00:06.583895,403,2,114.9,155.9,0.38,COMPLETE
4046,4046,0.6875,2026-04-05 14:41:01.332051,2026-04-05 14:41:08.042203,0 days 00:00:06.710152,442,1,116.8,157.0,0.76,COMPLETE
4047,4047,0.6875,2026-04-05 14:41:08.057139,2026-04-05 14:41:15.024806,0 days 00:00:06.967667,339,1,113.6,157.1,0.0,COMPLETE
4048,4048,0.6875,2026-04-05 14:41:15.039881,2026-04-05 14:41:21.916560,0 days 00:00:06.876679,384,1,117.8,157.1,0.61,COMPLETE
4049,4049,0.6875,2026-04-05 14:41:21.930413,2026-04-05 14:41:28.669141,0 days 00:00:06.738728,460,1,117.3,153.7,0.36,COMPLETE
4050,4050,0.6875,2026-04-05 14:41:28.684262,2026-04-05 14:41:35.428931,0 days 00:00:06.744669,391,1,117.1,154.4,0.29,COMPLETE
4051,4051,0.825,2026-04-05 14:41:35.444499,2026-04-05 14:42:10.236556,0 days 00:00:34.792057,293,3,125.0,155.0,0.09,COMPLETE
4052,4052,0.6875,2026-04-05 14:42:10.251320,2026-04-05 14:42:17.757691,0 days 00:00:07.506371,374,1,116.7,153.0,0.47000000000000003,COMPLETE
4053,4053,0.6875,2026-04-05 14:42:17.772344,2026-04-05 14:42:24.692038,0 days 00:00:06.919694,451,1,113.0,155.6,0.0,COMPLETE
4054,4054,0.825,2026-04-05 14:42:24.706470,2026-04-05 14:42:58.915766,0 days 00:00:34.209296,500,1,118.0,155.9,0.74,COMPLETE
4055,4055,0.6875,2026-04-05 14:42:58.930630,2026-04-05 14:43:05.556628,0 days 00:00:06.625998,445,2,117.1,156.0,0.5700000000000001,COMPLETE
4056,4056,0.6875,2026-04-05 14:43:05.570828,2026-04-05 14:43:12.004802,0 days 00:00:06.433974,424,1,117.3,156.0,0.41000000000000003,COMPLETE
4057,4057,0.6875,2026-04-05 14:43:12.020126,2026-04-05 14:43:18.679014,0 days 00:00:06.658888,459,1,115.8,157.2,0.29,COMPLETE
4058,4058,0.6875,2026-04-05 14:43:18.693854,2026-04-05 14:43:26.619654,0 days 00:00:07.925800,250,2,114.1,148.9,0.01,COMPLETE
4059,4059,0.6875,2026-04-05 14:43:26.634173,2026-04-05 14:43:33.817724,0 days 00:00:07.183551,412,1,114.7,155.3,1.17,COMPLETE
4060,4060,0.825,2026-04-05 14:43:33.832508,2026-04-05 14:43:38.952567,0 days 00:00:05.120059,383,1,116.7,155.8,0.02,COMPLETE
4061,4061,0.6875,2026-04-05 14:43:38.967819,2026-04-05 14:43:45.588613,0 days 00:00:06.620794,439,1,116.2,155.2,0.51,COMPLETE
4062,4062,0.6875,2026-04-05 14:43:45.602971,2026-04-05 14:43:52.128624,0 days 00:00:06.525653,402,1,117.1,155.0,0.3,COMPLETE
4063,4063,0.825,2026-04-05 14:43:52.144202,2026-04-05 14:44:26.194075,0 days 00:00:34.049873,442,2,118.9,155.9,0.06,COMPLETE
4064,4064,0.6875,2026-04-05 14:44:26.208671,2026-04-05 14:44:33.297576,0 days 00:00:07.088905,498,1,114.7,158.3,1.73,COMPLETE
4065,4065,0.6875,2026-04-05 14:44:33.312065,2026-04-05 14:44:40.389567,0 days 00:00:07.077502,420,2,115.7,154.7,0.65,COMPLETE
4066,4066,0.6875,2026-04-05 14:44:40.404888,2026-04-05 14:44:46.891302,0 days 00:00:06.486414,499,1,115.2,155.2,0.38,COMPLETE
4067,4067,0.825,2026-04-05 14:44:46.905864,2026-04-05 14:45:21.218856,0 days 00:00:34.312992,389,1,117.1,154.2,0.01,COMPLETE
4068,4068,0.6875,2026-04-05 14:45:21.233467,2026-04-05 14:45:28.757157,0 days 00:00:07.523690,430,2,124.7,156.2,0.12,COMPLETE
4069,4069,0.6875,2026-04-05 14:45:28.771490,2026-04-05 14:45:36.431891,0 days 00:00:07.660401,400,1,114.8,153.4,0.5700000000000001,COMPLETE
4070,4070,0.6875,2026-04-05 14:45:36.446992,2026-04-05 14:45:43.151229,0 days 00:00:06.704237,371,1,117.7,154.4,0.35000000000000003,COMPLETE
4071,4071,0.6875,2026-04-05 14:45:43.166017,2026-04-05 14:45:49.680057,0 days 00:00:06.514040,416,1,117.1,153.9,0.66,COMPLETE
4072,4072,0.6875,2026-04-05 14:45:49.695622,2026-04-05 14:45:56.694939,0 days 00:00:06.999317,344,1,117.6,156.5,0.48,COMPLETE
4073,4073,0.6875,2026-04-05 14:45:56.709239,2026-04-05 14:46:03.191801,0 days 00:00:06.482562,499,1,117.2,157.2,0.3,COMPLETE
4074,4074,0.6875,2026-04-05 14:46:03.207493,2026-04-05 14:46:09.932981,0 days 00:00:06.725488,433,1,116.4,155.0,0.35000000000000003,COMPLETE
4075,4075,0.6875,2026-04-05 14:46:09.944808,2026-04-05 14:46:16.729769,0 days 00:00:06.784961,455,1,114.7,157.4,0.0,COMPLETE
4076,4076,0.6875,2026-04-05 14:46:16.744996,2026-04-05 14:46:23.647607,0 days 00:00:06.902611,464,1,116.9,153.5,0.22,COMPLETE
4077,4077,0.825,2026-04-05 14:46:23.662211,2026-04-05 14:46:57.768008,0 days 00:00:34.105797,466,1,119.7,154.9,0.37,COMPLETE
4078,4078,0.6875,2026-04-05 14:46:57.783357,2026-04-05 14:47:04.896925,0 days 00:00:07.113568,406,1,114.4,155.4,0.29,COMPLETE
4079,4079,0.6875,2026-04-05 14:47:04.911612,2026-04-05 14:47:11.747545,0 days 00:00:06.835933,341,1,113.3,154.4,0.17,COMPLETE
4080,4080,0.6875,2026-04-05 14:47:11.761844,2026-04-05 14:47:18.431881,0 days 00:00:06.670037,414,1,115.6,154.4,0.27,COMPLETE
4081,4081,0.671875,2026-04-05 14:47:18.443114,2026-04-05 14:47:25.177018,0 days 00:00:06.733904,387,1,117.0,156.5,0.28,COMPLETE
4082,4082,0.6875,2026-04-05 14:47:25.191298,2026-04-05 14:47:31.787238,0 days 00:00:06.595940,358,1,116.8,155.0,0.63,COMPLETE
4083,4083,0.6875,2026-04-05 14:47:31.801647,2026-04-05 14:47:38.569933,0 days 00:00:06.768286,427,1,114.7,156.6,0.6,COMPLETE
4084,4084,0.6875,2026-04-05 14:47:38.585005,2026-04-05 14:47:45.192503,0 days 00:00:06.607498,431,1,116.0,155.8,0.33,COMPLETE
4085,4085,0.6875,2026-04-05 14:47:45.209115,2026-04-05 14:47:51.788307,0 days 00:00:06.579192,402,1,115.2,154.6,0.34,COMPLETE
4086,4086,0.6875,2026-04-05 14:47:51.803792,2026-04-05 14:47:58.500827,0 days 00:00:06.697035,323,1,114.9,154.7,0.51,COMPLETE
4087,4087,0.6875,2026-04-05 14:47:58.515341,2026-04-05 14:48:05.109237,0 days 00:00:06.593896,458,1,115.7,153.4,0.01,COMPLETE
4088,4088,0.6875,2026-04-05 14:48:05.124425,2026-04-05 14:48:13.282938,0 days 00:00:08.158513,232,1,126.9,148.9,1.35,COMPLETE
4089,4089,0.6875,2026-04-05 14:48:13.297138,2026-04-05 14:48:21.236357,0 days 00:00:07.939219,368,1,115.3,156.7,0.04,COMPLETE
4090,4090,0.0,2026-04-05 14:48:21.250824,2026-04-05 14:48:27.800659,0 days 00:00:06.549835,485,2,116.2,155.0,0.02,COMPLETE
4091,4091,0.6875,2026-04-05 14:48:27.811814,2026-04-05 14:48:34.417631,0 days 00:00:06.605817,458,2,116.8,157.5,0.17,COMPLETE
4092,4092,0.6875,2026-04-05 14:48:34.432770,2026-04-05 14:48:41.149646,0 days 00:00:06.716876,434,2,115.3,153.6,0.15,COMPLETE
4093,4093,0.825,2026-04-05 14:48:41.163927,2026-04-05 14:49:15.210016,0 days 00:00:34.046089,453,2,118.4,154.7,0.08,COMPLETE
4094,4094,0.825,2026-04-05 14:49:15.224993,2026-04-05 14:49:28.435586,0 days 00:00:13.210593,496,1,117.6,154.4,0.17,COMPLETE
4095,4095,0.825,2026-04-05 14:49:28.450251,2026-04-05 14:50:02.340493,0 days 00:00:33.890242,443,2,117.4,155.8,0.16,COMPLETE
4096,4096,0.6875,2026-04-05 14:50:02.355602,2026-04-05 14:50:09.228119,0 days 00:00:06.872517,447,2,115.8,153.6,0.21,COMPLETE
4097,4097,0.015625,2026-04-05 14:50:09.242501,2026-04-05 14:50:15.731643,0 days 00:00:06.489142,430,2,116.1,154.0,0.2,COMPLETE
4098,4098,0.6875,2026-04-05 14:50:15.746692,2026-04-05 14:50:22.399911,0 days 00:00:06.653219,439,2,114.4,153.1,0.1,COMPLETE
4099,4099,0.6875,2026-04-05 14:50:22.411233,2026-04-05 14:50:28.899742,0 days 00:00:06.488509,445,2,114.0,153.6,0.37,COMPLETE
4100,4100,0.6875,2026-04-05 14:50:28.914415,2026-04-05 14:50:35.655982,0 days 00:00:06.741567,429,3,115.5,155.8,0.03,COMPLETE
4101,4101,0.6875,2026-04-05 14:50:35.670211,2026-04-05 14:50:42.546908,0 days 00:00:06.876697,457,2,115.5,151.3,0.16,COMPLETE
4102,4102,0.6875,2026-04-05 14:50:42.561839,2026-04-05 14:50:49.404863,0 days 00:00:06.843024,404,2,115.2,155.2,0.25,COMPLETE
4103,4103,0.6875,2026-04-05 14:50:49.418814,2026-04-05 14:50:56.060849,0 days 00:00:06.642035,440,2,117.0,154.6,0.06,COMPLETE
4104,4104,0.6875,2026-04-05 14:50:56.076093,2026-04-05 14:51:02.671228,0 days 00:00:06.595135,491,2,115.9,155.0,0.55,COMPLETE
4105,4105,0.6875,2026-04-05 14:51:02.685262,2026-04-05 14:51:09.390244,0 days 00:00:06.704982,361,2,116.4,154.8,0.21,COMPLETE
4106,4106,0.6875,2026-04-05 14:51:09.401787,2026-04-05 14:51:16.192682,0 days 00:00:06.790895,492,2,113.2,152.7,0.08,COMPLETE
4107,4107,0.6875,2026-04-05 14:51:16.207411,2026-04-05 14:51:22.966777,0 days 00:00:06.759366,480,2,113.7,155.2,0.42,COMPLETE
4108,4108,0.825,2026-04-05 14:51:22.981358,2026-04-05 14:51:36.735467,0 days 00:00:13.754109,386,2,116.6,154.6,0.12,COMPLETE
4109,4109,0.6875,2026-04-05 14:51:36.749950,2026-04-05 14:51:43.637466,0 days 00:00:06.887516,436,2,114.0,153.6,0.19,COMPLETE
4110,4110,0.6875,2026-04-05 14:51:43.649050,2026-04-05 14:51:50.160326,0 days 00:00:06.511276,458,3,114.7,154.1,0.29,COMPLETE
4111,4111,0.825,2026-04-05 14:51:50.175683,2026-04-05 14:51:55.411006,0 days 00:00:05.235323,495,2,117.6,152.1,0.25,COMPLETE
4112,4112,0.6875,2026-04-05 14:51:55.422190,2026-04-05 14:52:02.580211,0 days 00:00:07.158021,437,2,113.2,155.7,0.14,COMPLETE
4113,4113,0.6875,2026-04-05 14:52:02.595129,2026-04-05 14:52:09.259048,0 days 00:00:06.663919,442,2,113.4,153.8,0.0,COMPLETE
4114,4114,0.6875,2026-04-05 14:52:09.273932,2026-04-05 14:52:16.107321,0 days 00:00:06.833389,500,2,115.3,157.4,0.43,COMPLETE
4115,4115,0.825,2026-04-05 14:52:16.122641,2026-04-05 14:52:50.975931,0 days 00:00:34.853290,478,2,117.9,156.8,0.02,COMPLETE
4116,4116,0.6875,2026-04-05 14:52:50.990141,2026-04-05 14:52:58.054325,0 days 00:00:07.064184,455,2,115.5,152.8,0.51,COMPLETE
4117,4117,0.6875,2026-04-05 14:52:58.069747,2026-04-05 14:53:04.748474,0 days 00:00:06.678727,499,2,116.9,154.6,0.37,COMPLETE
4118,4118,0.6875,2026-04-05 14:53:04.759410,2026-04-05 14:53:11.337901,0 days 00:00:06.578491,461,2,116.4,155.8,0.14,COMPLETE
4119,4119,0.6875,2026-04-05 14:53:11.352137,2026-04-05 14:53:18.032439,0 days 00:00:06.680302,423,2,114.4,155.0,0.2,COMPLETE
4120,4120,0.6875,2026-04-05 14:53:18.047099,2026-04-05 14:53:24.748605,0 days 00:00:06.701506,446,2,116.2,156.1,0.39,COMPLETE
4121,4121,0.6875,2026-04-05 14:53:24.762970,2026-04-05 14:53:31.493463,0 days 00:00:06.730493,404,2,116.4,152.8,0.08,COMPLETE
4122,4122,0.825,2026-04-05 14:53:31.508515,2026-04-05 14:54:05.535513,0 days 00:00:34.026998,486,2,117.8,156.0,0.14,COMPLETE
4123,4123,0.6875,2026-04-05 14:54:05.549563,2026-04-05 14:54:12.368113,0 days 00:00:06.818550,480,3,115.0,154.3,0.06,COMPLETE
4124,4124,0.6875,2026-04-05 14:54:12.383036,2026-04-05 14:54:19.155998,0 days 00:00:06.772962,458,2,117.8,154.1,0.31,COMPLETE
4125,4125,0.6875,2026-04-05 14:54:19.170581,2026-04-05 14:54:25.808045,0 days 00:00:06.637464,482,2,116.9,155.5,0.16,COMPLETE
4126,4126,0.6875,2026-04-05 14:54:25.818588,2026-04-05 14:54:32.312598,0 days 00:00:06.494010,496,2,117.2,154.9,0.31,COMPLETE
4127,4127,0.825,2026-04-05 14:54:32.327910,2026-04-05 14:55:06.188073,0 days 00:00:33.860163,445,2,118.7,155.3,0.17,COMPLETE
4128,4128,0.825,2026-04-05 14:55:06.203114,2026-04-05 14:55:11.234683,0 days 00:00:05.031569,454,2,117.0,155.2,0.07,COMPLETE
4129,4129,0.6875,2026-04-05 14:55:11.245928,2026-04-05 14:55:18.249203,0 days 00:00:07.003275,354,2,115.3,156.5,0.35000000000000003,COMPLETE
4130,4130,0.6875,2026-04-05 14:55:18.263874,2026-04-05 14:55:24.988851,0 days 00:00:06.724977,393,2,116.5,153.6,0.44,COMPLETE
4131,4131,0.6875,2026-04-05 14:55:25.003410,2026-04-05 14:55:31.536770,0 days 00:00:06.533360,471,2,115.7,154.2,0.09,COMPLETE
4132,4132,0.6875,2026-04-05 14:55:31.551474,2026-04-05 14:55:38.141218,0 days 00:00:06.589744,429,1,116.1,153.1,0.32,COMPLETE
4133,4133,0.825,2026-04-05 14:55:38.155599,2026-04-05 14:56:12.224234,0 days 00:00:34.068635,381,2,119.4,155.5,0.19,COMPLETE
4134,4134,0.6875,2026-04-05 14:56:12.239387,2026-04-05 14:56:19.474929,0 days 00:00:07.235542,485,2,114.1,157.8,0.12,COMPLETE
4135,4135,0.6875,2026-04-05 14:56:19.489705,2026-04-05 14:56:26.333563,0 days 00:00:06.843858,433,2,117.4,155.6,0.05,COMPLETE
4136,4136,0.6875,2026-04-05 14:56:26.348432,2026-04-05 14:56:33.114045,0 days 00:00:06.765613,496,2,113.5,155.6,0.24,COMPLETE
4137,4137,0.6875,2026-04-05 14:56:33.124668,2026-04-05 14:56:39.930251,0 days 00:00:06.805583,431,2,117.3,155.4,0.01,COMPLETE
4138,4138,0.6875,2026-04-05 14:56:39.945336,2026-04-05 14:56:46.577119,0 days 00:00:06.631783,404,2,116.2,154.2,0.2,COMPLETE
4139,4139,0.6875,2026-04-05 14:56:46.591370,2026-04-05 14:56:53.141045,0 days 00:00:06.549675,450,2,115.1,154.0,0.06,COMPLETE
4140,4140,0.825,2026-04-05 14:56:53.156597,2026-04-05 14:57:27.233085,0 days 00:00:34.076488,486,2,117.7,155.3,0.04,COMPLETE
4141,4141,0.6875,2026-04-05 14:57:27.247647,2026-04-05 14:57:34.089621,0 days 00:00:06.841974,494,2,115.8,153.6,0.03,COMPLETE
4142,4142,0.825,2026-04-05 14:57:34.104487,2026-04-05 14:57:38.987991,0 days 00:00:04.883504,454,2,116.1,154.0,0.17,COMPLETE
4143,4143,0.6875,2026-04-05 14:57:39.002747,2026-04-05 14:57:45.741679,0 days 00:00:06.738932,461,2,115.0,155.8,0.42,COMPLETE
4144,4144,0.825,2026-04-05 14:57:45.756407,2026-04-05 14:57:59.193135,0 days 00:00:13.436728,421,2,116.8,153.1,0.09,COMPLETE
4145,4145,0.6875,2026-04-05 14:57:59.208667,2026-04-05 14:58:05.991893,0 days 00:00:06.783226,461,2,115.2,154.1,0.31,COMPLETE
4146,4146,0.6875,2026-04-05 14:58:06.006731,2026-04-05 14:58:12.570231,0 days 00:00:06.563500,479,2,114.6,155.1,0.19,COMPLETE
4147,4147,0.6875,2026-04-05 14:58:12.584866,2026-04-05 14:58:19.171408,0 days 00:00:06.586542,467,2,115.7,154.4,0.17,COMPLETE
4148,4148,0.6875,2026-04-05 14:58:19.186368,2026-04-05 14:58:25.952377,0 days 00:00:06.766009,444,2,116.2,151.7,0.03,COMPLETE
4149,4149,0.6875,2026-04-05 14:58:25.967250,2026-04-05 14:58:32.744211,0 days 00:00:06.776961,499,2,116.0,154.5,0.33,COMPLETE
4150,4150,0.6875,2026-04-05 14:58:32.759023,2026-04-05 14:58:39.277115,0 days 00:00:06.518092,426,2,115.4,154.0,0.56,COMPLETE
4151,4151,0.825,2026-04-05 14:58:39.288529,2026-04-05 14:59:13.483353,0 days 00:00:34.194824,472,2,118.8,156.5,0.45,COMPLETE
4152,4152,0.6875,2026-04-05 14:59:13.497847,2026-04-05 14:59:20.823520,0 days 00:00:07.325673,393,3,116.6,160.0,1.93,COMPLETE
4153,4153,0.6875,2026-04-05 14:59:20.837547,2026-04-05 14:59:27.815991,0 days 00:00:06.978444,475,2,115.3,155.5,0.05,COMPLETE
4154,4154,0.6875,2026-04-05 14:59:27.831431,2026-04-05 14:59:35.688674,0 days 00:00:07.857243,286,3,124.2,159.4,0.86,COMPLETE
4155,4155,0.6875,2026-04-05 14:59:35.703089,2026-04-05 14:59:43.022825,0 days 00:00:07.319736,495,2,115.6,156.7,0.19,COMPLETE
4156,4156,0.825,2026-04-05 14:59:43.037701,2026-04-05 14:59:48.190315,0 days 00:00:05.152614,421,2,116.0,156.0,0.16,COMPLETE
4157,4157,0.671875,2026-04-05 14:59:48.204819,2026-04-05 14:59:54.958395,0 days 00:00:06.753576,390,1,117.1,153.3,0.0,COMPLETE
4158,4158,0.6875,2026-04-05 14:59:54.972638,2026-04-05 15:00:01.528226,0 days 00:00:06.555588,409,2,115.5,154.8,0.22,COMPLETE
4159,4159,0.6875,2026-04-05 15:00:01.540036,2026-04-05 15:00:08.133340,0 days 00:00:06.593304,475,3,113.3,155.6,0.0,COMPLETE
4160,4160,0.6875,2026-04-05 15:00:08.148086,2026-04-05 15:00:14.780929,0 days 00:00:06.632843,454,2,115.7,154.8,0.08,COMPLETE
4161,4161,0.6875,2026-04-05 15:00:14.795063,2026-04-05 15:00:21.389582,0 days 00:00:06.594519,457,2,116.2,152.6,0.33,COMPLETE
4162,4162,0.6875,2026-04-05 15:00:21.403934,2026-04-05 15:00:28.017942,0 days 00:00:06.614008,422,3,115.8,155.0,0.55,COMPLETE
4163,4163,0.825,2026-04-05 15:00:28.032594,2026-04-05 15:00:33.794222,0 days 00:00:05.761628,436,2,118.4,153.2,0.08,COMPLETE
4164,4164,0.6875,2026-04-05 15:00:33.809945,2026-04-05 15:00:40.575870,0 days 00:00:06.765925,412,2,116.9,156.4,0.33,COMPLETE
4165,4165,0.825,2026-04-05 15:00:40.586689,2026-04-05 15:01:14.600654,0 days 00:00:34.013965,469,2,116.8,154.7,0.06,COMPLETE
4166,4166,0.6875,2026-04-05 15:01:14.615892,2026-04-05 15:01:21.445382,0 days 00:00:06.829490,403,2,115.0,152.3,0.45,COMPLETE
4167,4167,0.825,2026-04-05 15:01:21.456506,2026-04-05 15:01:55.555051,0 days 00:00:34.098545,410,2,118.2,154.8,0.25,COMPLETE
4168,4168,0.6875,2026-04-05 15:01:55.566104,2026-04-05 15:02:02.195373,0 days 00:00:06.629269,386,2,117.6,154.1,0.04,COMPLETE
4169,4169,0.6875,2026-04-05 15:02:02.210235,2026-04-05 15:02:08.953524,0 days 00:00:06.743289,363,1,115.6,152.5,0.37,COMPLETE
4170,4170,0.6875,2026-04-05 15:02:08.967727,2026-04-05 15:02:15.843858,0 days 00:00:06.876131,435,2,114.9,156.8,0.11,COMPLETE
4171,4171,0.6875,2026-04-05 15:02:15.858780,2026-04-05 15:02:22.602861,0 days 00:00:06.744081,387,2,113.8,153.6,0.17,COMPLETE
4172,4172,0.6875,2026-04-05 15:02:22.618012,2026-04-05 15:02:29.340465,0 days 00:00:06.722453,437,2,117.1,154.0,0.0,COMPLETE
4173,4173,0.825,2026-04-05 15:02:29.355120,2026-04-05 15:03:03.393216,0 days 00:00:34.038096,442,1,117.6,156.3,0.23,COMPLETE
4174,4174,0.6875,2026-04-05 15:03:03.408364,2026-04-05 15:03:10.234140,0 days 00:00:06.825776,467,2,117.7,154.4,0.48,COMPLETE
4175,4175,0.6875,2026-04-05 15:03:10.248869,2026-04-05 15:03:17.024303,0 days 00:00:06.775434,424,1,114.3,153.8,0.28,COMPLETE
4176,4176,0.6875,2026-04-05 15:03:17.037225,2026-04-05 15:03:24.853243,0 days 00:00:07.816018,231,2,121.2,157.3,0.55,COMPLETE
4177,4177,0.6875,2026-04-05 15:03:24.868235,2026-04-05 15:03:31.655956,0 days 00:00:06.787721,363,1,117.3,157.7,0.28,COMPLETE
4178,4178,0.6875,2026-04-05 15:03:31.670795,2026-04-05 15:03:38.916871,0 days 00:00:07.246076,425,1,115.4,150.8,0.27,COMPLETE
4179,4179,0.6875,2026-04-05 15:03:38.931450,2026-04-05 15:03:46.339536,0 days 00:00:07.408086,179,1,119.1,148.2,0.59,COMPLETE
4180,4180,0.6875,2026-04-05 15:03:46.354327,2026-04-05 15:03:53.454102,0 days 00:00:07.099775,333,2,115.6,153.1,0.26,COMPLETE
4181,4181,0.825,2026-04-05 15:03:53.466069,2026-04-05 15:04:27.377319,0 days 00:00:33.911250,407,2,116.4,153.6,0.49,COMPLETE
4182,4182,0.6875,2026-04-05 15:04:27.391688,2026-04-05 15:04:34.032920,0 days 00:00:06.641232,439,1,117.3,154.4,0.25,COMPLETE
4183,4183,0.825,2026-04-05 15:04:34.047281,2026-04-05 15:05:08.048127,0 days 00:00:34.000846,461,1,115.5,152.5,0.31,COMPLETE
4184,4184,0.6875,2026-04-05 15:05:08.063396,2026-04-05 15:05:14.871646,0 days 00:00:06.808250,402,1,114.4,154.4,0.0,COMPLETE
4185,4185,0.825,2026-04-05 15:05:14.886204,2026-04-05 15:05:49.016548,0 days 00:00:34.130344,488,1,118.1,157.3,0.06,COMPLETE
4186,4186,0.6875,2026-04-05 15:05:49.031302,2026-04-05 15:05:56.111639,0 days 00:00:07.080337,416,2,116.1,154.7,0.36,COMPLETE
4187,4187,0.6875,2026-04-05 15:05:56.126903,2026-04-05 15:06:02.758399,0 days 00:00:06.631496,460,1,115.0,156.0,0.17,COMPLETE
4188,4188,0.671875,2026-04-05 15:06:02.773539,2026-04-05 15:06:09.471409,0 days 00:00:06.697870,438,1,117.0,155.0,0.23,COMPLETE
4189,4189,0.6875,2026-04-05 15:06:09.485992,2026-04-05 15:06:16.229680,0 days 00:00:06.743688,477,2,114.8,156.3,0.08,COMPLETE
4190,4190,0.825,2026-04-05 15:06:16.242609,2026-04-05 15:06:21.535889,0 days 00:00:05.293280,380,3,114.6,154.3,0.15,COMPLETE
4191,4191,0.6875,2026-04-05 15:06:21.550917,2026-04-05 15:06:28.286611,0 days 00:00:06.735694,451,1,116.0,153.0,0.03,COMPLETE
4192,4192,0.6875,2026-04-05 15:06:28.302369,2026-04-05 15:06:34.894786,0 days 00:00:06.592417,449,1,115.3,154.3,0.3,COMPLETE
4193,4193,0.6875,2026-04-05 15:06:34.909287,2026-04-05 15:06:41.610948,0 days 00:00:06.701661,455,3,114.9,157.3,0.45,COMPLETE
4194,4194,0.6875,2026-04-05 15:06:41.626619,2026-04-05 15:06:48.252788,0 days 00:00:06.626169,499,1,113.2,156.8,0.27,COMPLETE
4195,4195,0.6875,2026-04-05 15:06:48.266796,2026-04-05 15:06:55.068134,0 days 00:00:06.801338,500,2,115.6,155.3,0.01,COMPLETE
4196,4196,0.825,2026-04-05 15:06:55.079205,2026-04-05 15:07:29.363401,0 days 00:00:34.284196,453,1,119.6,156.5,0.47000000000000003,COMPLETE
4197,4197,0.825,2026-04-05 15:07:29.378534,2026-04-05 15:08:03.413622,0 days 00:00:34.035088,465,1,117.7,155.5,0.0,COMPLETE
4198,4198,0.6875,2026-04-05 15:08:03.427867,2026-04-05 15:08:10.530204,0 days 00:00:07.102337,350,1,114.4,154.2,0.01,COMPLETE
4199,4199,0.6875,2026-04-05 15:08:10.544933,2026-04-05 15:08:17.102223,0 days 00:00:06.557290,487,2,115.1,153.1,0.42,COMPLETE
4200,4200,0.825,2026-04-05 15:08:17.114812,2026-04-05 15:08:51.526080,0 days 00:00:34.411268,488,1,119.8,155.8,0.3,COMPLETE
4201,4201,0.6875,2026-04-05 15:08:51.536437,2026-04-05 15:08:58.743885,0 days 00:00:07.207448,354,1,115.6,154.0,0.34,COMPLETE
4202,4202,0.6875,2026-04-05 15:08:58.758206,2026-04-05 15:09:05.546142,0 days 00:00:06.787936,432,1,116.7,157.5,0.33,COMPLETE
4203,4203,0.825,2026-04-05 15:09:05.561413,2026-04-05 15:09:39.656774,0 days 00:00:34.095361,451,1,115.1,156.4,0.0,COMPLETE
4204,4204,0.825,2026-04-05 15:09:39.671362,2026-04-05 15:10:13.704699,0 days 00:00:34.033337,425,1,118.0,155.6,0.02,COMPLETE
4205,4205,0.6875,2026-04-05 15:10:13.720920,2026-04-05 15:10:20.705005,0 days 00:00:06.984085,386,1,115.1,153.1,0.34,COMPLETE
4206,4206,0.6875,2026-04-05 15:10:20.716364,2026-04-05 15:10:28.566832,0 days 00:00:07.850468,219,2,122.8,152.7,0.15,COMPLETE
4207,4207,0.6875,2026-04-05 15:10:28.581425,2026-04-05 15:10:35.915000,0 days 00:00:07.333575,491,1,115.2,154.8,0.21,COMPLETE
4208,4208,0.015625,2026-04-05 15:10:35.925437,2026-04-05 15:10:42.566150,0 days 00:00:06.640713,499,2,116.9,154.0,0.23,COMPLETE
4209,4209,0.6875,2026-04-05 15:10:42.581653,2026-04-05 15:10:49.458097,0 days 00:00:06.876444,409,2,117.5,155.5,0.53,COMPLETE
4210,4210,0.6875,2026-04-05 15:10:49.472885,2026-04-05 15:10:56.177612,0 days 00:00:06.704727,449,2,117.3,153.5,0.11,COMPLETE
4211,4211,0.6875,2026-04-05 15:10:56.193271,2026-04-05 15:11:02.637498,0 days 00:00:06.444227,480,2,117.2,153.5,0.33,COMPLETE
4212,4212,0.6875,2026-04-05 15:11:02.652714,2026-04-05 15:11:09.213768,0 days 00:00:06.561054,447,2,117.8,154.6,0.59,COMPLETE
4213,4213,0.6875,2026-04-05 15:11:09.228225,2026-04-05 15:11:15.899958,0 days 00:00:06.671733,487,2,115.8,154.5,0.54,COMPLETE
4214,4214,0.6875,2026-04-05 15:11:15.918561,2026-04-05 15:11:22.474274,0 days 00:00:06.555713,468,2,116.7,153.9,0.28,COMPLETE
4215,4215,0.825,2026-04-05 15:11:22.489175,2026-04-05 15:11:56.349130,0 days 00:00:33.859955,467,2,116.3,154.1,0.14,COMPLETE
4216,4216,0.6875,2026-04-05 15:11:56.364115,2026-04-05 15:12:03.067193,0 days 00:00:06.703078,432,2,115.7,153.5,0.42,COMPLETE
4217,4217,0.6875,2026-04-05 15:12:03.081618,2026-04-05 15:12:09.869818,0 days 00:00:06.788200,442,2,117.5,155.5,0.34,COMPLETE
4218,4218,0.6875,2026-04-05 15:12:09.884390,2026-04-05 15:12:16.901245,0 days 00:00:07.016855,474,1,114.1,159.7,0.02,COMPLETE
4219,4219,0.6875,2026-04-05 15:12:16.916001,2026-04-05 15:12:24.086056,0 days 00:00:07.170055,491,2,117.6,154.4,0.78,COMPLETE
4220,4220,0.6875,2026-04-05 15:12:24.100497,2026-04-05 15:12:31.077383,0 days 00:00:06.976886,410,2,116.3,156.4,0.05,COMPLETE
4221,4221,0.6875,2026-04-05 15:12:31.093938,2026-04-05 15:12:37.878831,0 days 00:00:06.784893,249,2,116.6,155.2,0.01,COMPLETE
4222,4222,0.825,2026-04-05 15:12:37.893619,2026-04-05 15:12:58.286083,0 days 00:00:20.392464,469,2,117.6,154.4,0.08,COMPLETE
4223,4223,0.6875,2026-04-05 15:12:58.298102,2026-04-05 15:13:05.012230,0 days 00:00:06.714128,496,2,117.5,150.6,0.14,COMPLETE
4224,4224,0.6875,2026-04-05 15:13:05.027765,2026-04-05 15:13:11.887238,0 days 00:00:06.859473,466,2,119.1,152.2,0.17,COMPLETE
4225,4225,0.825,2026-04-05 15:13:11.902076,2026-04-05 15:13:45.943602,0 days 00:00:34.041526,493,2,118.6,155.2,0.3,COMPLETE
4226,4226,0.6875,2026-04-05 15:13:45.956323,2026-04-05 15:13:52.926082,0 days 00:00:06.969759,424,2,116.3,151.6,0.67,COMPLETE
4227,4227,0.6875,2026-04-05 15:13:52.941618,2026-04-05 15:13:59.809000,0 days 00:00:06.867382,356,2,115.1,152.5,0.27,COMPLETE
4228,4228,0.825,2026-04-05 15:13:59.824454,2026-04-05 15:14:34.316320,0 days 00:00:34.491866,495,3,118.2,157.6,0.27,COMPLETE
4229,4229,0.671875,2026-04-05 15:14:34.326925,2026-04-05 15:14:41.342830,0 days 00:00:07.015905,471,2,118.4,153.7,0.26,COMPLETE
4230,4230,0.6875,2026-04-05 15:14:41.357905,2026-04-05 15:14:47.956193,0 days 00:00:06.598288,481,2,116.9,153.3,0.46,COMPLETE
4231,4231,0.6875,2026-04-05 15:14:47.971295,2026-04-05 15:14:54.771758,0 days 00:00:06.800463,492,2,114.5,151.6,0.04,COMPLETE
4232,4232,0.6875,2026-04-05 15:14:54.782844,2026-04-05 15:15:01.509473,0 days 00:00:06.726629,450,2,116.4,152.9,0.02,COMPLETE
4233,4233,0.6875,2026-04-05 15:15:01.524139,2026-04-05 15:15:08.034195,0 days 00:00:06.510056,430,2,117.1,153.2,0.48,COMPLETE
4234,4234,0.6875,2026-04-05 15:15:08.048631,2026-04-05 15:15:14.635350,0 days 00:00:06.586719,475,2,115.9,154.0,0.18,COMPLETE
4235,4235,0.6875,2026-04-05 15:15:14.650101,2026-04-05 15:15:21.238823,0 days 00:00:06.588722,457,2,117.3,153.6,0.47000000000000003,COMPLETE
4236,4236,0.6875,2026-04-05 15:15:21.252099,2026-04-05 15:15:27.809546,0 days 00:00:06.557447,470,2,117.5,152.4,0.33,COMPLETE
4237,4237,0.6875,2026-04-05 15:15:27.824418,2026-04-05 15:15:35.016699,0 days 00:00:07.192281,371,1,114.2,155.9,0.21,COMPLETE
4238,4238,0.6875,2026-04-05 15:15:35.031576,2026-04-05 15:15:41.910851,0 days 00:00:06.879275,425,2,115.7,151.8,0.21,COMPLETE
4239,4239,0.6875,2026-04-05 15:15:41.926701,2026-04-05 15:15:49.017445,0 days 00:00:07.090744,325,1,117.8,155.5,0.36,COMPLETE
4240,4240,0.6875,2026-04-05 15:15:49.031349,2026-04-05 15:15:55.790938,0 days 00:00:06.759589,426,2,115.1,155.8,0.37,COMPLETE
4241,4241,0.825,2026-04-05 15:15:55.805421,2026-04-05 15:16:30.028960,0 days 00:00:34.223539,384,1,118.9,154.6,0.3,COMPLETE
4242,4242,0.6875,2026-04-05 15:16:30.043632,2026-04-05 15:16:36.815200,0 days 00:00:06.771568,368,1,116.9,154.5,0.36,COMPLETE
4243,4243,0.825,2026-04-05 15:16:36.829743,2026-04-05 15:16:41.867430,0 days 00:00:05.037687,403,2,115.3,154.4,0.0,COMPLETE
4244,4244,0.6875,2026-04-05 15:16:41.884716,2026-04-05 15:16:48.642914,0 days 00:00:06.758198,500,2,116.6,152.9,0.35000000000000003,COMPLETE
4245,4245,0.825,2026-04-05 15:16:48.657365,2026-04-05 15:17:23.019773,0 days 00:00:34.362408,332,1,118.0,157.2,0.0,COMPLETE
4246,4246,0.0,2026-04-05 15:17:23.034914,2026-04-05 15:17:29.856581,0 days 00:00:06.821667,384,1,116.7,154.9,0.02,COMPLETE
4247,4247,0.825,2026-04-05 15:17:29.871122,2026-04-05 15:18:03.714890,0 days 00:00:33.843768,415,1,116.7,155.2,0.0,COMPLETE
4248,4248,0.6875,2026-04-05 15:18:03.729893,2026-04-05 15:18:10.780962,0 days 00:00:07.051069,320,1,115.5,153.9,0.01,COMPLETE
4249,4249,0.6875,2026-04-05 15:18:10.795651,2026-04-05 15:18:17.500233,0 days 00:00:06.704582,299,1,114.8,150.8,0.01,COMPLETE
4250,4250,0.6875,2026-04-05 15:18:17.511869,2026-04-05 15:18:24.237904,0 days 00:00:06.726035,356,1,117.0,153.3,0.0,COMPLETE
4251,4251,0.825,2026-04-05 15:18:24.249754,2026-04-05 15:18:58.251302,0 days 00:00:34.001548,383,1,118.1,155.8,0.11,COMPLETE
4252,4252,0.6875,2026-04-05 15:18:58.266086,2026-04-05 15:19:05.228358,0 days 00:00:06.962272,320,1,116.9,155.9,0.12,COMPLETE
4253,4253,0.6875,2026-04-05 15:19:05.239553,2026-04-05 15:19:11.802480,0 days 00:00:06.562927,317,1,117.7,155.1,0.05,COMPLETE
4254,4254,0.6875,2026-04-05 15:19:11.818077,2026-04-05 15:19:18.554169,0 days 00:00:06.736092,343,1,115.0,156.8,0.29,COMPLETE
4255,4255,0.825,2026-04-05 15:19:18.569224,2026-04-05 15:19:52.780532,0 days 00:00:34.211308,403,1,118.5,155.1,0.22,COMPLETE
4256,4256,0.6875,2026-04-05 15:19:52.792192,2026-04-05 15:19:59.515365,0 days 00:00:06.723173,385,1,117.6,155.4,0.13,COMPLETE
4257,4257,0.6875,2026-04-05 15:19:59.530602,2026-04-05 15:20:06.250864,0 days 00:00:06.720262,397,1,118.0,152.2,0.02,COMPLETE
4258,4258,0.825,2026-04-05 15:20:06.266531,2026-04-05 15:20:40.388803,0 days 00:00:34.122272,390,1,118.3,155.7,0.6900000000000001,COMPLETE
4259,4259,0.6875,2026-04-05 15:20:40.400780,2026-04-05 15:20:47.230226,0 days 00:00:06.829446,384,1,115.9,155.9,0.02,COMPLETE
4260,4260,0.6875,2026-04-05 15:20:47.246025,2026-04-05 15:20:53.968038,0 days 00:00:06.722013,393,2,114.6,157.9,0.07,COMPLETE
4261,4261,0.6875,2026-04-05 15:20:53.982726,2026-04-05 15:21:00.956774,0 days 00:00:06.974048,368,1,117.9,154.1,0.01,COMPLETE
4262,4262,0.6875,2026-04-05 15:21:00.971568,2026-04-05 15:21:07.523786,0 days 00:00:06.552218,390,1,116.9,155.0,0.3,COMPLETE
4263,4263,0.825,2026-04-05 15:21:07.538427,2026-04-05 15:21:41.568337,0 days 00:00:34.029910,381,1,117.8,153.2,0.19,COMPLETE
4264,4264,0.6875,2026-04-05 15:21:41.583066,2026-04-05 15:21:48.416303,0 days 00:00:06.833237,336,1,117.0,149.9,0.05,COMPLETE
4265,4265,0.825,2026-04-05 15:21:48.431584,2026-04-05 15:22:23.037527,0 days 00:00:34.605943,402,1,120.1,156.3,0.37,COMPLETE
4266,4266,0.6875,2026-04-05 15:22:23.052649,2026-04-05 15:22:30.029478,0 days 00:00:06.976829,349,1,116.3,154.1,0.3,COMPLETE
4267,4267,0.6875,2026-04-05 15:22:30.044282,2026-04-05 15:22:36.642277,0 days 00:00:06.597995,420,3,117.6,154.8,0.03,COMPLETE
4268,4268,0.6875,2026-04-05 15:22:36.656988,2026-04-05 15:22:43.467350,0 days 00:00:06.810362,417,2,117.4,157.7,0.05,COMPLETE
4269,4269,0.825,2026-04-05 15:22:43.481502,2026-04-05 15:23:17.845808,0 days 00:00:34.364306,411,1,118.3,153.0,0.05,COMPLETE
4270,4270,0.6875,2026-04-05 15:23:17.860844,2026-04-05 15:23:24.678515,0 days 00:00:06.817671,361,2,117.1,155.1,0.37,COMPLETE
4271,4271,0.6875,2026-04-05 15:23:24.693148,2026-04-05 15:23:31.178843,0 days 00:00:06.485695,390,1,117.0,155.9,0.22,COMPLETE
4272,4272,0.6875,2026-04-05 15:23:31.190120,2026-04-05 15:23:37.625030,0 days 00:00:06.434910,364,1,116.9,155.7,0.28,COMPLETE
4273,4273,0.6875,2026-04-05 15:23:37.635912,2026-04-05 15:23:44.119151,0 days 00:00:06.483239,317,1,117.3,155.2,0.02,COMPLETE
4274,4274,0.6875,2026-04-05 15:23:44.134082,2026-04-05 15:23:50.850587,0 days 00:00:06.716505,457,3,115.7,152.5,0.04,COMPLETE
4275,4275,0.6875,2026-04-05 15:23:50.862455,2026-04-05 15:23:57.881155,0 days 00:00:07.018700,385,1,116.6,156.0,0.01,COMPLETE
4276,4276,0.6875,2026-04-05 15:23:57.896159,2026-04-05 15:24:04.570390,0 days 00:00:06.674231,347,1,114.8,155.0,0.04,COMPLETE
4277,4277,0.825,2026-04-05 15:24:04.585800,2026-04-05 15:24:11.764206,0 days 00:00:07.178406,391,1,116.9,155.8,0.03,COMPLETE
4278,4278,0.6875,2026-04-05 15:24:11.776584,2026-04-05 15:24:18.632335,0 days 00:00:06.855751,364,1,114.8,155.4,0.34,COMPLETE
4279,4279,0.6875,2026-04-05 15:24:18.647091,2026-04-05 15:24:25.347041,0 days 00:00:06.699950,376,1,115.4,153.3,0.16,COMPLETE
4280,4280,0.6875,2026-04-05 15:24:25.362079,2026-04-05 15:24:31.829789,0 days 00:00:06.467710,361,2,115.5,153.1,0.45,COMPLETE
4281,4281,0.6875,2026-04-05 15:24:31.844277,2026-04-05 15:24:38.569075,0 days 00:00:06.724798,403,1,117.3,155.6,0.02,COMPLETE
4282,4282,0.825,2026-04-05 15:24:38.584515,2026-04-05 15:25:12.525221,0 days 00:00:33.940706,370,2,116.9,154.2,0.05,COMPLETE
4283,4283,0.6875,2026-04-05 15:25:12.540959,2026-04-05 15:25:20.171310,0 days 00:00:07.630351,249,1,113.2,159.5,0.9400000000000001,COMPLETE
4284,4284,0.6875,2026-04-05 15:25:20.186828,2026-04-05 15:25:27.276305,0 days 00:00:07.089477,347,1,113.0,153.3,0.3,COMPLETE
4285,4285,0.6875,2026-04-05 15:25:27.290965,2026-04-05 15:25:34.330481,0 days 00:00:07.039516,483,2,116.0,157.7,0.07,COMPLETE
4286,4286,0.825,2026-04-05 15:25:34.342290,2026-04-05 15:26:08.597867,0 days 00:00:34.255577,416,1,118.2,153.2,0.11,COMPLETE
4287,4287,0.6875,2026-04-05 15:26:08.608154,2026-04-05 15:26:15.446582,0 days 00:00:06.838428,407,1,116.3,153.5,0.34,COMPLETE
4288,4288,0.825,2026-04-05 15:26:15.461485,2026-04-05 15:26:22.476711,0 days 00:00:07.015226,361,1,116.0,153.3,0.04,COMPLETE
4289,4289,0.6875,2026-04-05 15:26:22.491656,2026-04-05 15:26:29.531508,0 days 00:00:07.039852,434,1,118.5,159.2,0.55,COMPLETE
4290,4290,0.825,2026-04-05 15:26:29.546366,2026-04-05 15:26:36.978491,0 days 00:00:07.432125,494,2,117.2,153.8,0.02,COMPLETE
4291,4291,0.6875,2026-04-05 15:26:36.993338,2026-04-05 15:26:43.776098,0 days 00:00:06.782760,382,1,116.0,154.3,0.04,COMPLETE
4292,4292,0.6875,2026-04-05 15:26:43.787808,2026-04-05 15:26:50.269200,0 days 00:00:06.481392,420,1,116.0,152.8,0.0,COMPLETE
4293,4293,0.6875,2026-04-05 15:26:50.283946,2026-04-05 15:26:57.044143,0 days 00:00:06.760197,302,2,117.5,153.9,0.0,COMPLETE
4294,4294,0.6875,2026-04-05 15:26:57.059128,2026-04-05 15:27:03.419471,0 days 00:00:06.360343,380,1,117.1,154.0,0.3,COMPLETE
4295,4295,0.825,2026-04-05 15:27:03.434381,2026-04-05 15:27:37.427699,0 days 00:00:33.993318,424,1,119.1,154.8,0.46,COMPLETE
4296,4296,0.6875,2026-04-05 15:27:37.442584,2026-04-05 15:27:44.327195,0 days 00:00:06.884611,432,2,115.7,155.9,0.0,COMPLETE
4297,4297,0.825,2026-04-05 15:27:44.341953,2026-04-05 15:28:18.362322,0 days 00:00:34.020369,419,1,119.2,154.2,0.23,COMPLETE
4298,4298,0.6875,2026-04-05 15:28:18.374255,2026-04-05 15:28:25.088273,0 days 00:00:06.714018,422,1,117.4,153.9,0.01,COMPLETE
4299,4299,0.825,2026-04-05 15:28:25.104720,2026-04-05 15:28:59.089419,0 days 00:00:33.984699,422,1,119.7,156.4,0.28,COMPLETE
4300,4300,0.6875,2026-04-05 15:28:59.104707,2026-04-05 15:29:06.338579,0 days 00:00:07.233872,338,1,116.1,154.6,0.26,COMPLETE
4301,4301,0.825,2026-04-05 15:29:06.350913,2026-04-05 15:29:40.543958,0 days 00:00:34.193045,391,2,119.3,157.2,0.02,COMPLETE
4302,4302,0.6875,2026-04-05 15:29:40.556807,2026-04-05 15:29:47.529047,0 days 00:00:06.972240,356,1,117.8,154.9,0.5,COMPLETE
4303,4303,0.6875,2026-04-05 15:29:47.544866,2026-04-05 15:29:54.329723,0 days 00:00:06.784857,386,1,116.8,157.6,0.06,COMPLETE
4304,4304,0.825,2026-04-05 15:29:54.344542,2026-04-05 15:30:28.427486,0 days 00:00:34.082944,408,1,118.7,157.3,0.07,COMPLETE
4305,4305,0.6875,2026-04-05 15:30:28.438799,2026-04-05 15:30:35.384050,0 days 00:00:06.945251,382,1,114.8,155.6,0.29,COMPLETE
4306,4306,0.6875,2026-04-05 15:30:35.400187,2026-04-05 15:30:41.898329,0 days 00:00:06.498142,346,1,115.5,155.9,0.3,COMPLETE
4307,4307,0.6875,2026-04-05 15:30:41.913160,2026-04-05 15:30:48.397213,0 days 00:00:06.484053,396,1,115.6,156.5,0.51,COMPLETE
4308,4308,0.6875,2026-04-05 15:30:48.411876,2026-04-05 15:30:55.171831,0 days 00:00:06.759955,433,1,115.5,153.8,0.37,COMPLETE
4309,4309,0.6875,2026-04-05 15:30:55.186010,2026-04-05 15:31:01.900665,0 days 00:00:06.714655,372,1,118.7,154.0,0.34,COMPLETE
4310,4310,0.825,2026-04-05 15:31:01.915784,2026-04-05 15:31:36.016294,0 days 00:00:34.100510,429,1,117.9,157.6,0.0,COMPLETE
4311,4311,0.6875,2026-04-05 15:31:36.031199,2026-04-05 15:31:42.953416,0 days 00:00:06.922217,400,1,117.0,153.7,0.46,COMPLETE
4312,4312,0.825,2026-04-05 15:31:42.968481,2026-04-05 15:32:16.989593,0 days 00:00:34.021112,379,1,118.4,157.0,0.26,COMPLETE
4313,4313,0.825,2026-04-05 15:32:17.004457,2026-04-05 15:32:51.008292,0 days 00:00:34.003835,431,1,121.3,156.0,0.07,COMPLETE
4314,4314,0.6875,2026-04-05 15:32:51.018746,2026-04-05 15:32:57.957159,0 days 00:00:06.938413,414,1,117.6,153.8,0.22,COMPLETE
4315,4315,0.6875,2026-04-05 15:32:57.971548,2026-04-05 15:33:05.430626,0 days 00:00:07.459078,248,1,114.1,159.8,0.19,COMPLETE
4316,4316,0.6875,2026-04-05 15:33:05.445839,2026-04-05 15:33:12.338679,0 days 00:00:06.892840,404,1,116.9,156.1,0.24,COMPLETE
4317,4317,0.6875,2026-04-05 15:33:12.352795,2026-04-05 15:33:18.912589,0 days 00:00:06.559794,383,1,115.9,155.2,0.33,COMPLETE
4318,4318,0.6875,2026-04-05 15:33:18.928123,2026-04-05 15:33:25.650371,0 days 00:00:06.722248,385,1,115.9,157.5,0.01,COMPLETE
4319,4319,0.825,2026-04-05 15:33:25.661662,2026-04-05 15:33:59.882853,0 days 00:00:34.221191,465,1,121.4,156.9,0.36,COMPLETE
4320,4320,0.6875,2026-04-05 15:33:59.894331,2026-04-05 15:34:07.256242,0 days 00:00:07.361911,398,1,115.3,154.0,0.21,COMPLETE
4321,4321,0.6875,2026-04-05 15:34:07.271085,2026-04-05 15:34:14.023881,0 days 00:00:06.752796,466,1,117.8,152.9,0.0,COMPLETE
4322,4322,0.825,2026-04-05 15:34:14.036319,2026-04-05 15:34:48.291812,0 days 00:00:34.255493,369,1,118.5,156.1,0.07,COMPLETE
4323,4323,0.6875,2026-04-05 15:34:48.306996,2026-04-05 15:34:55.699941,0 days 00:00:07.392945,410,1,113.7,150.3,0.02,COMPLETE
4324,4324,0.6875,2026-04-05 15:34:55.714003,2026-04-05 15:35:03.016444,0 days 00:00:07.302441,335,1,117.9,153.8,0.31,COMPLETE
4325,4325,0.6875,2026-04-05 15:35:03.028104,2026-04-05 15:35:09.659604,0 days 00:00:06.631500,341,1,117.1,155.2,0.03,COMPLETE
4326,4326,0.6875,2026-04-05 15:35:09.674063,2026-04-05 15:35:16.244344,0 days 00:00:06.570281,396,1,115.9,155.9,0.0,COMPLETE
4327,4327,0.6875,2026-04-05 15:35:16.259609,2026-04-05 15:35:22.793641,0 days 00:00:06.534032,383,1,115.2,156.7,0.38,COMPLETE
4328,4328,0.6875,2026-04-05 15:35:22.808108,2026-04-05 15:35:29.307716,0 days 00:00:06.499608,393,1,114.6,156.5,0.01,COMPLETE
4329,4329,0.6875,2026-04-05 15:35:29.320739,2026-04-05 15:35:36.031969,0 days 00:00:06.711230,370,1,116.0,153.7,0.03,COMPLETE
4330,4330,0.6875,2026-04-05 15:35:36.046909,2026-04-05 15:35:43.640279,0 days 00:00:07.593370,253,2,123.7,155.8,0.22,COMPLETE
4331,4331,0.6875,2026-04-05 15:35:43.654988,2026-04-05 15:35:50.569657,0 days 00:00:06.914669,418,1,120.2,158.5,0.01,COMPLETE
4332,4332,0.6875,2026-04-05 15:35:50.581789,2026-04-05 15:35:57.937564,0 days 00:00:07.355775,264,2,126.3,158.1,1.09,COMPLETE
4333,4333,0.6875,2026-04-05 15:35:57.952534,2026-04-05 15:36:05.580993,0 days 00:00:07.628459,340,1,116.2,157.9,0.0,COMPLETE
4334,4334,0.6875,2026-04-05 15:36:05.595946,2026-04-05 15:36:12.341916,0 days 00:00:06.745970,443,1,116.4,155.5,0.24,COMPLETE
4335,4335,0.825,2026-04-05 15:36:12.356999,2026-04-05 15:36:46.033304,0 days 00:00:33.676305,458,3,116.4,155.7,0.14,COMPLETE
4336,4336,0.825,2026-04-05 15:36:46.048069,2026-04-05 15:37:20.336542,0 days 00:00:34.288473,348,1,119.4,154.4,0.0,COMPLETE
4337,4337,0.6875,2026-04-05 15:37:20.351697,2026-04-05 15:37:27.653090,0 days 00:00:07.301393,272,1,115.2,153.3,0.37,COMPLETE
4338,4338,0.6875,2026-04-05 15:37:27.667953,2026-04-05 15:37:34.370066,0 days 00:00:06.702113,425,1,117.3,154.2,0.21,COMPLETE
4339,4339,0.825,2026-04-05 15:37:34.385482,2026-04-05 15:38:08.448107,0 days 00:00:34.062625,352,2,117.6,156.1,0.03,COMPLETE
4340,4340,0.6875,2026-04-05 15:38:08.463087,2026-04-05 15:38:15.446213,0 days 00:00:06.983126,433,1,117.1,152.2,0.28,COMPLETE
4341,4341,0.6875,2026-04-05 15:38:15.458076,2026-04-05 15:38:21.969764,0 days 00:00:06.511688,393,1,116.2,152.7,0.64,COMPLETE
4342,4342,0.6875,2026-04-05 15:38:21.985030,2026-04-05 15:38:28.584941,0 days 00:00:06.599911,444,1,117.3,153.8,0.23,COMPLETE
4343,4343,0.825,2026-04-05 15:38:28.596804,2026-04-05 15:39:03.004053,0 days 00:00:34.407249,449,1,123.3,154.9,0.19,COMPLETE
4344,4344,0.6875,2026-04-05 15:39:03.018312,2026-04-05 15:39:10.864640,0 days 00:00:07.846328,367,1,114.4,154.3,0.02,COMPLETE
4345,4345,0.825,2026-04-05 15:39:10.878853,2026-04-05 15:39:44.948381,0 days 00:00:34.069528,423,1,119.2,154.4,0.02,COMPLETE
4346,4346,0.6875,2026-04-05 15:39:44.963060,2026-04-05 15:39:52.053235,0 days 00:00:07.090175,397,1,114.6,152.9,0.28,COMPLETE
4347,4347,0.825,2026-04-05 15:39:52.068006,2026-04-05 15:40:26.184643,0 days 00:00:34.116637,378,1,118.7,154.7,0.32,COMPLETE
4348,4348,0.6875,2026-04-05 15:40:26.196231,2026-04-05 15:40:33.132652,0 days 00:00:06.936421,428,1,116.4,157.9,0.44,COMPLETE
4349,4349,0.6875,2026-04-05 15:40:33.147461,2026-04-05 15:40:39.991687,0 days 00:00:06.844226,418,1,115.8,153.9,0.01,COMPLETE
4350,4350,0.6875,2026-04-05 15:40:40.003745,2026-04-05 15:40:46.998382,0 days 00:00:06.994637,357,1,116.1,156.5,0.36,COMPLETE
4351,4351,0.6875,2026-04-05 15:40:47.013407,2026-04-05 15:40:53.985847,0 days 00:00:06.972440,448,1,121.0,155.2,0.5700000000000001,COMPLETE
4352,4352,0.825,2026-04-05 15:40:54.001231,2026-04-05 15:41:28.143770,0 days 00:00:34.142539,463,1,117.8,156.8,0.26,COMPLETE
4353,4353,0.6875,2026-04-05 15:41:28.158971,2026-04-05 15:41:35.672540,0 days 00:00:07.513569,213,3,114.9,159.2,1.9100000000000001,COMPLETE
4354,4354,0.6875,2026-04-05 15:41:35.687985,2026-04-05 15:41:42.449021,0 days 00:00:06.761036,389,1,116.7,156.6,0.66,COMPLETE
4355,4355,0.6875,2026-04-05 15:41:42.464095,2026-04-05 15:41:48.943851,0 days 00:00:06.479756,397,1,116.4,156.8,0.33,COMPLETE
4356,4356,0.6875,2026-04-05 15:41:48.956414,2026-04-05 15:41:55.901012,0 days 00:00:06.944598,371,1,115.9,151.6,0.34,COMPLETE
4357,4357,0.6875,2026-04-05 15:41:55.916440,2026-04-05 15:42:02.677974,0 days 00:00:06.761534,412,1,116.4,155.0,0.6,COMPLETE
4358,4358,0.6875,2026-04-05 15:42:02.688764,2026-04-05 15:42:09.225231,0 days 00:00:06.536467,461,1,116.6,154.4,0.0,COMPLETE
4359,4359,0.6875,2026-04-05 15:42:09.240556,2026-04-05 15:42:15.822210,0 days 00:00:06.581654,420,1,117.4,155.4,0.26,COMPLETE
4360,4360,0.6875,2026-04-05 15:42:15.832414,2026-04-05 15:42:22.636431,0 days 00:00:06.804017,327,2,117.0,156.5,0.55,COMPLETE
4361,4361,0.6875,2026-04-05 15:42:22.652255,2026-04-05 15:42:30.069502,0 days 00:00:07.417247,349,3,119.4,148.3,0.01,COMPLETE
4362,4362,0.6875,2026-04-05 15:42:30.084649,2026-04-05 15:42:38.027051,0 days 00:00:07.942402,163,2,117.1,156.4,1.72,COMPLETE
4363,4363,0.6875,2026-04-05 15:42:38.040125,2026-04-05 15:42:44.892076,0 days 00:00:06.851951,383,1,115.8,152.9,0.03,COMPLETE
4364,4364,0.6875,2026-04-05 15:42:44.906677,2026-04-05 15:42:51.538131,0 days 00:00:06.631454,356,1,115.6,154.6,0.0,COMPLETE
4365,4365,0.6875,2026-04-05 15:42:51.549562,2026-04-05 15:42:58.310413,0 days 00:00:06.760851,430,2,115.7,157.2,0.67,COMPLETE
4366,4366,0.6875,2026-04-05 15:42:58.325130,2026-04-05 15:43:04.880898,0 days 00:00:06.555768,410,1,115.9,156.1,0.26,COMPLETE
4367,4367,0.825,2026-04-05 15:43:04.895714,2026-04-05 15:43:38.687321,0 days 00:00:33.791607,417,1,116.5,155.5,0.01,COMPLETE
4368,4368,0.6875,2026-04-05 15:43:38.698198,2026-04-05 15:43:45.526777,0 days 00:00:06.828579,431,1,115.7,152.2,0.0,COMPLETE
4369,4369,0.6875,2026-04-05 15:43:45.541974,2026-04-05 15:43:52.347805,0 days 00:00:06.805831,405,1,117.1,155.8,0.26,COMPLETE
4370,4370,0.6875,2026-04-05 15:43:52.362917,2026-04-05 15:43:59.127364,0 days 00:00:06.764447,394,3,115.3,152.9,1.12,COMPLETE
4371,4371,0.6875,2026-04-05 15:43:59.141870,2026-04-05 15:44:06.097495,0 days 00:00:06.955625,337,2,114.8,155.8,0.31,COMPLETE
4372,4372,0.825,2026-04-05 15:44:06.113004,2026-04-05 15:44:40.133926,0 days 00:00:34.020922,475,3,117.7,155.3,0.05,COMPLETE
4373,4373,0.6875,2026-04-05 15:44:40.149259,2026-04-05 15:44:47.240687,0 days 00:00:07.091428,389,1,114.3,154.6,0.01,COMPLETE
4374,4374,0.6875,2026-04-05 15:44:47.251862,2026-04-05 15:44:53.736748,0 days 00:00:06.484886,385,2,113.7,154.2,0.47000000000000003,COMPLETE
4375,4375,0.6875,2026-04-05 15:44:53.751490,2026-04-05 15:45:00.496811,0 days 00:00:06.745321,398,2,117.1,153.5,0.28,COMPLETE
4376,4376,0.6875,2026-04-05 15:45:00.508193,2026-04-05 15:45:08.500170,0 days 00:00:07.991977,163,2,121.2,158.8,1.96,COMPLETE
4377,4377,0.825,2026-04-05 15:45:08.515138,2026-04-05 15:45:23.939129,0 days 00:00:15.423991,460,2,114.2,155.0,0.02,COMPLETE
4378,4378,0.825,2026-04-05 15:45:23.951311,2026-04-05 15:45:57.952694,0 days 00:00:34.001383,450,1,117.8,154.8,0.24,COMPLETE
4379,4379,0.6875,2026-04-05 15:45:57.963185,2026-04-05 15:46:04.970508,0 days 00:00:07.007323,379,1,115.8,155.0,0.61,COMPLETE
4380,4380,0.825,2026-04-05 15:46:04.985580,2026-04-05 15:46:39.169995,0 days 00:00:34.184415,361,1,118.1,156.4,0.35000000000000003,COMPLETE
4381,4381,0.825,2026-04-05 15:46:39.184528,2026-04-05 15:47:13.214127,0 days 00:00:34.029599,456,1,119.5,154.6,0.02,COMPLETE
4382,4382,0.6875,2026-04-05 15:47:13.229290,2026-04-05 15:47:20.315379,0 days 00:00:07.086089,393,1,115.0,155.3,0.23,COMPLETE
4383,4383,0.6875,2026-04-05 15:47:20.327692,2026-04-05 15:47:27.114738,0 days 00:00:06.787046,261,1,116.0,155.6,0.04,COMPLETE
4384,4384,0.6875,2026-04-05 15:47:27.128269,2026-04-05 15:47:33.808861,0 days 00:00:06.680592,450,1,117.0,157.4,0.14,COMPLETE
4385,4385,0.6875,2026-04-05 15:47:33.825296,2026-04-05 15:47:40.769742,0 days 00:00:06.944446,344,1,115.2,156.0,0.0,COMPLETE
4386,4386,0.6875,2026-04-05 15:47:40.785403,2026-04-05 15:47:47.401906,0 days 00:00:06.616503,329,1,116.8,155.5,0.33,COMPLETE
4387,4387,0.825,2026-04-05 15:47:47.416435,2026-04-05 15:48:21.337650,0 days 00:00:33.921215,450,1,117.4,157.1,0.01,COMPLETE
4388,4388,0.6875,2026-04-05 15:48:21.352320,2026-04-05 15:48:28.904522,0 days 00:00:07.552202,210,2,123.5,154.5,0.28,COMPLETE
4389,4389,0.6875,2026-04-05 15:48:28.915028,2026-04-05 15:48:35.504960,0 days 00:00:06.589932,458,2,124.5,156.7,0.58,COMPLETE
4390,4390,0.6875,2026-04-05 15:48:35.520691,2026-04-05 15:48:42.950868,0 days 00:00:07.430177,300,1,117.9,152.6,0.07,COMPLETE
4391,4391,0.825,2026-04-05 15:48:42.966546,2026-04-05 15:48:47.947912,0 days 00:00:04.981366,397,1,118.1,153.7,0.01,COMPLETE
4392,4392,0.6875,2026-04-05 15:48:47.963036,2026-04-05 15:48:54.627962,0 days 00:00:06.664926,381,2,115.1,152.6,0.01,COMPLETE
4393,4393,0.825,2026-04-05 15:48:54.643104,2026-04-05 15:49:28.900146,0 days 00:00:34.257042,350,1,118.3,155.9,0.26,COMPLETE
4394,4394,0.825,2026-04-05 15:49:28.913132,2026-04-05 15:50:02.944023,0 days 00:00:34.030891,405,1,116.8,156.6,0.01,COMPLETE
4395,4395,0.0,2026-04-05 15:50:02.954935,2026-04-05 15:50:09.749531,0 days 00:00:06.794596,377,2,116.5,153.5,0.0,COMPLETE
4396,4396,0.6875,2026-04-05 15:50:09.764292,2026-04-05 15:50:16.346459,0 days 00:00:06.582167,365,2,115.1,153.8,0.07,COMPLETE
4397,4397,0.825,2026-04-05 15:50:16.358916,2026-04-05 15:50:51.057672,0 days 00:00:34.698756,417,2,123.6,154.7,0.27,COMPLETE
4398,4398,0.6875,2026-04-05 15:50:51.069835,2026-04-05 15:50:58.739941,0 days 00:00:07.670106,324,2,114.1,156.3,0.05,COMPLETE
4399,4399,0.6875,2026-04-05 15:50:58.755866,2026-04-05 15:51:05.465081,0 days 00:00:06.709215,353,2,117.4,153.8,0.58,COMPLETE
4400,4400,0.6875,2026-04-05 15:51:05.480236,2026-04-05 15:51:12.230228,0 days 00:00:06.749992,434,1,114.7,157.1,0.3,COMPLETE
4401,4401,0.825,2026-04-05 15:51:12.245364,2026-04-05 15:51:46.645817,0 days 00:00:34.400453,374,2,118.0,154.7,0.07,COMPLETE
4402,4402,0.6875,2026-04-05 15:51:46.659328,2026-04-05 15:51:53.545368,0 days 00:00:06.886040,405,1,115.1,154.0,0.29,COMPLETE
4403,4403,0.6875,2026-04-05 15:51:53.560259,2026-04-05 15:52:00.351794,0 days 00:00:06.791535,439,1,116.5,157.4,0.3,COMPLETE
4404,4404,0.6875,2026-04-05 15:52:00.366903,2026-04-05 15:52:07.157427,0 days 00:00:06.790524,405,1,117.2,153.7,0.27,COMPLETE
4405,4405,0.6875,2026-04-05 15:52:07.172745,2026-04-05 15:52:14.272023,0 days 00:00:07.099278,352,2,115.1,148.1,1.1300000000000001,COMPLETE
4406,4406,0.6875,2026-04-05 15:52:14.283360,2026-04-05 15:52:21.792092,0 days 00:00:07.508732,298,1,116.4,155.1,0.49,COMPLETE
4407,4407,0.6875,2026-04-05 15:52:21.806704,2026-04-05 15:52:28.547795,0 days 00:00:06.741091,312,2,116.8,152.0,0.13,COMPLETE
4408,4408,0.6875,2026-04-05 15:52:28.562824,2026-04-05 15:52:35.223164,0 days 00:00:06.660340,396,2,114.9,152.6,0.16,COMPLETE
4409,4409,0.6875,2026-04-05 15:52:35.238501,2026-04-05 15:52:41.793411,0 days 00:00:06.554910,367,2,116.1,152.8,0.16,COMPLETE
4410,4410,0.825,2026-04-05 15:52:41.808512,2026-04-05 15:52:49.015161,0 days 00:00:07.206649,415,1,115.9,154.9,0.2,COMPLETE
4411,4411,0.6875,2026-04-05 15:52:49.026920,2026-04-05 15:52:55.793769,0 days 00:00:06.766849,371,2,117.1,154.5,0.12,COMPLETE
4412,4412,0.6875,2026-04-05 15:52:55.807537,2026-04-05 15:53:02.519450,0 days 00:00:06.711913,377,2,115.0,153.7,0.05,COMPLETE
4413,4413,0.6875,2026-04-05 15:53:02.534964,2026-04-05 15:53:09.144116,0 days 00:00:06.609152,394,2,115.8,152.4,0.03,COMPLETE
4414,4414,0.6875,2026-04-05 15:53:09.159978,2026-04-05 15:53:15.641516,0 days 00:00:06.481538,358,1,115.1,152.5,0.24,COMPLETE
4415,4415,0.6875,2026-04-05 15:53:15.656566,2026-04-05 15:53:22.493273,0 days 00:00:06.836707,459,1,118.9,154.0,0.58,COMPLETE
4416,4416,0.825,2026-04-05 15:53:22.508666,2026-04-05 15:53:56.680257,0 days 00:00:34.171591,363,1,118.8,155.5,0.29,COMPLETE
4417,4417,0.825,2026-04-05 15:53:56.695492,2026-04-05 15:54:30.746001,0 days 00:00:34.050509,400,2,119.3,152.9,0.0,COMPLETE
4418,4418,0.825,2026-04-05 15:54:30.761426,2026-04-05 15:55:05.027262,0 days 00:00:34.265836,387,1,118.3,157.5,0.01,COMPLETE
4419,4419,0.6875,2026-04-05 15:55:05.042651,2026-04-05 15:55:12.299007,0 days 00:00:07.256356,431,1,116.7,151.9,0.3,COMPLETE
4420,4420,0.825,2026-04-05 15:55:12.311104,2026-04-05 15:55:46.767527,0 days 00:00:34.456423,464,1,123.0,153.4,0.47000000000000003,COMPLETE
4421,4421,0.6875,2026-04-05 15:55:46.782194,2026-04-05 15:55:54.197648,0 days 00:00:07.415454,326,2,117.2,154.0,0.0,COMPLETE
4422,4422,0.825,2026-04-05 15:55:54.212211,2026-04-05 15:56:28.220399,0 days 00:00:34.008188,432,1,119.3,155.9,0.31,COMPLETE
4423,4423,0.6875,2026-04-05 15:56:28.235234,2026-04-05 15:56:35.353262,0 days 00:00:07.118028,471,3,115.0,157.9,0.01,COMPLETE
4424,4424,0.6875,2026-04-05 15:56:35.366001,2026-04-05 15:56:42.260649,0 days 00:00:06.894648,424,1,115.6,153.3,0.25,COMPLETE
4425,4425,0.825,2026-04-05 15:56:42.275932,2026-04-05 15:56:47.607231,0 days 00:00:05.331299,362,2,117.9,153.8,0.28,COMPLETE
4426,4426,0.6875,2026-04-05 15:56:47.619130,2026-04-05 15:56:54.428629,0 days 00:00:06.809499,428,1,116.6,155.9,0.28,COMPLETE
4427,4427,0.6875,2026-04-05 15:56:54.443948,2026-04-05 15:57:01.302378,0 days 00:00:06.858430,377,2,116.9,151.7,0.31,COMPLETE
4428,4428,0.6875,2026-04-05 15:57:01.318138,2026-04-05 15:57:07.954217,0 days 00:00:06.636079,389,2,116.4,153.2,0.08,COMPLETE
4429,4429,0.6875,2026-04-05 15:57:07.969521,2026-04-05 15:57:14.424145,0 days 00:00:06.454624,348,2,116.3,152.8,0.19,COMPLETE
4430,4430,0.6875,2026-04-05 15:57:14.438567,2026-04-05 15:57:21.012292,0 days 00:00:06.573725,356,1,115.7,153.8,0.0,COMPLETE
4431,4431,0.825,2026-04-05 15:57:21.027640,2026-04-05 15:57:54.998333,0 days 00:00:33.970693,409,1,118.3,153.6,0.0,COMPLETE
4432,4432,0.6875,2026-04-05 15:57:55.013259,2026-04-05 15:58:01.657877,0 days 00:00:06.644618,368,1,117.0,153.6,0.34,COMPLETE
4433,4433,0.6875,2026-04-05 15:58:01.672775,2026-04-05 15:58:08.466996,0 days 00:00:06.794221,411,1,114.5,156.3,0.01,COMPLETE
4434,4434,0.6875,2026-04-05 15:58:08.478531,2026-04-05 15:58:15.248148,0 days 00:00:06.769617,362,2,113.3,158.7,1.2,COMPLETE
4435,4435,0.6875,2026-04-05 15:58:15.263314,2026-04-05 15:58:23.442540,0 days 00:00:08.179226,179,3,123.7,159.3,1.08,COMPLETE
4436,4436,0.825,2026-04-05 15:58:23.459199,2026-04-05 15:58:57.977580,0 days 00:00:34.518381,362,2,118.9,154.5,0.04,COMPLETE
4437,4437,0.6875,2026-04-05 15:58:57.991992,2026-04-05 15:59:04.945001,0 days 00:00:06.953009,407,2,116.3,154.9,0.04,COMPLETE
4438,4438,0.825,2026-04-05 15:59:04.959168,2026-04-05 15:59:38.948866,0 days 00:00:33.989698,368,1,118.0,155.7,0.03,COMPLETE
4439,4439,0.6875,2026-04-05 15:59:38.964355,2026-04-05 15:59:46.181701,0 days 00:00:07.217346,309,2,115.4,153.1,0.34,COMPLETE
4440,4440,0.6875,2026-04-05 15:59:46.196324,2026-04-05 15:59:52.778352,0 days 00:00:06.582028,346,2,116.0,152.0,0.1,COMPLETE
4441,4441,0.6875,2026-04-05 15:59:52.792322,2026-04-05 15:59:59.599938,0 days 00:00:06.807616,360,1,113.2,152.4,0.03,COMPLETE
4442,4442,0.6875,2026-04-05 15:59:59.614627,2026-04-05 16:00:06.529834,0 days 00:00:06.915207,311,2,115.6,156.1,0.01,COMPLETE
4443,4443,0.825,2026-04-05 16:00:06.544573,2026-04-05 16:00:40.628666,0 days 00:00:34.084093,426,1,116.7,154.7,0.03,COMPLETE
4444,4444,0.6875,2026-04-05 16:00:40.640258,2026-04-05 16:00:47.529128,0 days 00:00:06.888870,332,1,117.2,153.6,0.14,COMPLETE
4445,4445,0.825,2026-04-05 16:00:47.543871,2026-04-05 16:01:21.623871,0 days 00:00:34.080000,416,1,118.4,155.5,0.54,COMPLETE
4446,4446,0.6875,2026-04-05 16:01:21.638675,2026-04-05 16:01:28.475680,0 days 00:00:06.837005,384,1,115.2,155.1,0.61,COMPLETE
4447,4447,0.825,2026-04-05 16:01:28.490536,2026-04-05 16:02:03.081676,0 days 00:00:34.591140,487,1,123.0,155.2,0.51,COMPLETE
4448,4448,0.6875,2026-04-05 16:02:03.098210,2026-04-05 16:02:10.174745,0 days 00:00:07.076535,386,2,121.9,158.4,0.59,COMPLETE
4449,4449,0.6875,2026-04-05 16:02:10.189498,2026-04-05 16:02:17.589549,0 days 00:00:07.400051,363,1,115.1,154.0,0.31,COMPLETE
4450,4450,0.825,2026-04-05 16:02:17.605120,2026-04-05 16:02:22.493976,0 days 00:00:04.888856,394,1,115.3,154.1,0.0,COMPLETE
4451,4451,0.6875,2026-04-05 16:02:22.509152,2026-04-05 16:02:29.320101,0 days 00:00:06.810949,430,2,116.4,157.4,0.01,COMPLETE
4452,4452,0.6875,2026-04-05 16:02:29.335516,2026-04-05 16:02:36.953796,0 days 00:00:07.618280,259,2,123.6,153.7,0.54,COMPLETE
4453,4453,0.6875,2026-04-05 16:02:36.967610,2026-04-05 16:02:44.099763,0 days 00:00:07.132153,301,2,117.7,155.9,0.31,COMPLETE
4454,4454,0.825,2026-04-05 16:02:44.111768,2026-04-05 16:03:18.060708,0 days 00:00:33.948940,446,2,120.0,157.4,0.17,COMPLETE
4455,4455,0.6875,2026-04-05 16:03:18.076102,2026-04-05 16:03:25.063059,0 days 00:00:06.986957,470,1,116.6,155.5,0.45,COMPLETE
4456,4456,0.6875,2026-04-05 16:03:25.077690,2026-04-05 16:03:32.354967,0 days 00:00:07.277277,321,2,114.7,150.3,0.31,COMPLETE
4457,4457,0.6875,2026-04-05 16:03:32.370371,2026-04-05 16:03:39.081381,0 days 00:00:06.711010,321,2,113.5,153.1,0.0,COMPLETE
4458,4458,0.6875,2026-04-05 16:03:39.093028,2026-04-05 16:03:45.787066,0 days 00:00:06.694038,309,3,115.7,152.2,0.28,COMPLETE
4459,4459,0.825,2026-04-05 16:03:45.800751,2026-04-05 16:04:20.540581,0 days 00:00:34.739830,492,2,124.6,155.8,0.26,COMPLETE
4460,4460,0.825,2026-04-05 16:04:20.552463,2026-04-05 16:04:55.093076,0 days 00:00:34.540613,418,1,117.5,156.0,0.03,COMPLETE
4461,4461,0.6875,2026-04-05 16:04:55.107497,2026-04-05 16:05:02.370803,0 days 00:00:07.263306,347,2,114.4,153.9,0.24,COMPLETE
4462,4462,0.6875,2026-04-05 16:05:02.385850,2026-04-05 16:05:09.244904,0 days 00:00:06.859054,295,3,115.5,154.8,0.0,COMPLETE
4463,4463,0.6875,2026-04-05 16:05:09.260883,2026-04-05 16:05:15.956633,0 days 00:00:06.695750,453,1,117.6,155.0,0.02,COMPLETE
4464,4464,0.6875,2026-04-05 16:05:15.971530,2026-04-05 16:05:22.653565,0 days 00:00:06.682035,406,1,118.7,153.4,0.55,COMPLETE
4465,4465,0.825,2026-04-05 16:05:22.668516,2026-04-05 16:05:56.831129,0 days 00:00:34.162613,360,1,117.3,156.7,0.02,COMPLETE
4466,4466,0.825,2026-04-05 16:05:56.846737,2026-04-05 16:06:31.094392,0 days 00:00:34.247655,447,1,121.9,155.4,0.43,COMPLETE
4467,4467,0.6875,2026-04-05 16:06:31.110115,2026-04-05 16:06:38.594676,0 days 00:00:07.484561,336,1,115.7,155.0,0.24,COMPLETE
4468,4468,0.703125,2026-04-05 16:06:38.609370,2026-04-05 16:06:45.380984,0 days 00:00:06.771614,334,1,118.2,153.9,0.02,COMPLETE
4469,4469,0.6875,2026-04-05 16:06:45.396458,2026-04-05 16:06:52.111383,0 days 00:00:06.714925,450,1,115.0,153.9,0.23,COMPLETE
4470,4470,0.6875,2026-04-05 16:06:52.123923,2026-04-05 16:06:59.249982,0 days 00:00:07.126059,293,1,114.6,158.4,0.5,COMPLETE
4471,4471,0.6875,2026-04-05 16:06:59.264740,2026-04-05 16:07:06.168613,0 days 00:00:06.903873,216,1,114.6,159.9,1.55,COMPLETE
4472,4472,0.825,2026-04-05 16:07:06.183928,2026-04-05 16:07:40.488537,0 days 00:00:34.304609,442,1,117.9,155.4,0.02,COMPLETE
4473,4473,0.6875,2026-04-05 16:07:40.504040,2026-04-05 16:07:47.498680,0 days 00:00:06.994640,414,1,113.9,154.3,0.26,COMPLETE
4474,4474,0.6875,2026-04-05 16:07:47.513280,2026-04-05 16:07:54.331088,0 days 00:00:06.817808,490,1,117.8,154.6,0.4,COMPLETE
4475,4475,0.6875,2026-04-05 16:07:54.346069,2026-04-05 16:08:01.380326,0 days 00:00:07.034257,350,1,116.1,156.9,0.0,COMPLETE
4476,4476,0.6875,2026-04-05 16:08:01.395566,2026-04-05 16:08:08.050421,0 days 00:00:06.654855,376,1,117.3,155.1,0.02,COMPLETE
4477,4477,0.825,2026-04-05 16:08:08.066002,2026-04-05 16:08:41.914901,0 days 00:00:33.848899,420,1,117.9,155.6,0.0,COMPLETE
4478,4478,0.6875,2026-04-05 16:08:41.929570,2026-04-05 16:08:48.724824,0 days 00:00:06.795254,400,1,116.9,154.9,0.54,COMPLETE
4479,4479,0.6875,2026-04-05 16:08:48.735883,2026-04-05 16:08:55.350113,0 days 00:00:06.614230,375,1,117.3,153.4,0.02,COMPLETE
4480,4480,0.825,2026-04-05 16:08:55.365059,2026-04-05 16:09:29.300483,0 days 00:00:33.935424,498,2,118.5,153.1,0.0,COMPLETE
4481,4481,0.6875,2026-04-05 16:09:29.315595,2026-04-05 16:09:36.934588,0 days 00:00:07.618993,470,1,124.6,159.0,0.6900000000000001,COMPLETE
4482,4482,0.6875,2026-04-05 16:09:36.950162,2026-04-05 16:09:44.452627,0 days 00:00:07.502465,434,1,116.3,155.3,0.26,COMPLETE
4483,4483,0.6875,2026-04-05 16:09:44.467991,2026-04-05 16:09:51.563230,0 days 00:00:07.095239,361,2,118.5,151.9,0.08,COMPLETE
4484,4484,0.6875,2026-04-05 16:09:51.578041,2026-04-05 16:09:58.376717,0 days 00:00:06.798676,437,1,115.3,154.0,0.0,COMPLETE
4485,4485,0.6875,2026-04-05 16:09:58.391012,2026-04-05 16:10:04.894998,0 days 00:00:06.503986,430,1,114.8,153.4,0.01,COMPLETE
4486,4486,0.825,2026-04-05 16:10:04.909645,2026-04-05 16:10:39.622198,0 days 00:00:34.712553,375,2,117.8,155.7,0.02,COMPLETE
4487,4487,0.825,2026-04-05 16:10:39.637704,2026-04-05 16:11:13.481146,0 days 00:00:33.843442,448,1,118.5,156.5,0.51,COMPLETE
4488,4488,0.6875,2026-04-05 16:11:13.496063,2026-04-05 16:11:20.544096,0 days 00:00:07.048033,464,1,115.3,152.5,0.0,COMPLETE
4489,4489,0.825,2026-04-05 16:11:20.554904,2026-04-05 16:11:26.556861,0 days 00:00:06.001957,406,2,124.8,154.9,0.55,COMPLETE
4490,4490,0.6875,2026-04-05 16:11:26.572034,2026-04-05 16:11:34.058807,0 days 00:00:07.486773,372,1,116.5,153.6,0.66,COMPLETE
4491,4491,0.825,2026-04-05 16:11:34.073655,2026-04-05 16:11:41.298389,0 days 00:00:07.224734,374,1,115.9,155.5,0.01,COMPLETE
4492,4492,0.6875,2026-04-05 16:11:41.313590,2026-04-05 16:11:48.306898,0 days 00:00:06.993308,353,1,117.3,153.2,0.29,COMPLETE
4493,4493,0.6875,2026-04-05 16:11:48.321616,2026-04-05 16:11:55.058826,0 days 00:00:06.737210,408,2,114.4,151.6,0.0,COMPLETE
4494,4494,0.6875,2026-04-05 16:11:55.070529,2026-04-05 16:12:01.989302,0 days 00:00:06.918773,385,1,113.4,156.0,0.25,COMPLETE
4495,4495,0.6875,2026-04-05 16:12:02.004268,2026-04-05 16:12:08.816017,0 days 00:00:06.811749,372,1,115.0,158.5,0.25,COMPLETE
4496,4496,0.825,2026-04-05 16:12:08.831110,2026-04-05 16:12:43.354615,0 days 00:00:34.523505,432,1,120.2,155.1,0.23,COMPLETE
4497,4497,0.6875,2026-04-05 16:12:43.365978,2026-04-05 16:12:50.289733,0 days 00:00:06.923755,382,1,116.4,154.9,0.29,COMPLETE
4498,4498,0.825,2026-04-05 16:12:50.304315,2026-04-05 16:13:24.799511,0 days 00:00:34.495196,419,2,123.2,156.6,0.18,COMPLETE
4499,4499,0.6875,2026-04-05 16:13:24.815050,2026-04-05 16:13:32.318978,0 days 00:00:07.503928,427,1,114.8,157.5,0.04,COMPLETE
4500,4500,0.6875,2026-04-05 16:13:32.333581,2026-04-05 16:13:39.022968,0 days 00:00:06.689387,423,1,114.7,155.4,0.3,COMPLETE
4501,4501,0.6875,2026-04-05 16:13:39.037863,2026-04-05 16:13:45.942356,0 days 00:00:06.904493,404,1,116.2,151.2,0.1,COMPLETE
4502,4502,0.6875,2026-04-05 16:13:45.957834,2026-04-05 16:13:53.408375,0 days 00:00:07.450541,183,3,116.1,156.1,1.1500000000000001,COMPLETE
4503,4503,0.6875,2026-04-05 16:13:53.419946,2026-04-05 16:14:00.224051,0 days 00:00:06.804105,401,1,114.7,152.6,0.28,COMPLETE
4504,4504,0.6875,2026-04-05 16:14:00.241072,2026-04-05 16:14:06.976980,0 days 00:00:06.735908,401,1,117.2,153.0,0.24,COMPLETE
4505,4505,0.825,2026-04-05 16:14:06.992638,2026-04-05 16:14:41.089919,0 days 00:00:34.097281,379,2,116.1,155.5,0.02,COMPLETE
4506,4506,0.6875,2026-04-05 16:14:41.105829,2026-04-05 16:14:48.234411,0 days 00:00:07.128582,313,2,117.8,153.4,0.27,COMPLETE
4507,4507,0.6875,2026-04-05 16:14:48.249308,2026-04-05 16:14:54.954226,0 days 00:00:06.704918,320,2,114.9,154.6,0.04,COMPLETE
4508,4508,0.6875,2026-04-05 16:14:54.970199,2026-04-05 16:15:01.476959,0 days 00:00:06.506760,449,1,115.1,155.4,0.02,COMPLETE
4509,4509,0.825,2026-04-05 16:15:01.492466,2026-04-05 16:15:35.595288,0 days 00:00:34.102822,492,2,117.5,156.9,0.32,COMPLETE
4510,4510,0.6875,2026-04-05 16:15:35.611466,2026-04-05 16:15:42.677700,0 days 00:00:07.066234,370,2,116.0,155.0,0.0,COMPLETE
4511,4511,0.6875,2026-04-05 16:15:42.692739,2026-04-05 16:15:49.960267,0 days 00:00:07.267528,263,2,121.4,154.3,0.33,COMPLETE
4512,4512,0.6875,2026-04-05 16:15:49.971522,2026-04-05 16:15:56.588011,0 days 00:00:06.616489,232,2,122.4,155.4,1.2,COMPLETE
4513,4513,0.6875,2026-04-05 16:15:56.603318,2026-04-05 16:16:03.637914,0 days 00:00:07.034596,446,1,117.8,152.7,0.52,COMPLETE
4514,4514,0.6875,2026-04-05 16:16:03.652613,2026-04-05 16:16:10.450720,0 days 00:00:06.798107,395,1,120.0,154.2,0.25,COMPLETE
4515,4515,0.6875,2026-04-05 16:16:10.465600,2026-04-05 16:16:17.168017,0 days 00:00:06.702417,399,1,117.7,154.7,0.45,COMPLETE
4516,4516,0.825,2026-04-05 16:16:17.185039,2026-04-05 16:16:51.133697,0 days 00:00:33.948658,406,1,118.2,156.8,0.34,COMPLETE
4517,4517,0.6875,2026-04-05 16:16:51.149410,2026-04-05 16:16:58.117072,0 days 00:00:06.967662,472,1,116.7,153.5,0.31,COMPLETE
4518,4518,0.6875,2026-04-05 16:16:58.131845,2026-04-05 16:17:04.840819,0 days 00:00:06.708974,426,1,115.1,156.1,0.01,COMPLETE
4519,4519,0.825,2026-04-05 16:17:04.856691,2026-04-05 16:17:10.106487,0 days 00:00:05.249796,390,1,116.1,153.0,0.01,COMPLETE
4520,4520,0.6875,2026-04-05 16:17:10.122008,2026-04-05 16:17:16.863100,0 days 00:00:06.741092,371,2,116.3,151.0,0.05,COMPLETE
4521,4521,0.6875,2026-04-05 16:17:16.878460,2026-04-05 16:17:24.123847,0 days 00:00:07.245387,315,1,115.8,156.4,0.34,COMPLETE
4522,4522,0.6875,2026-04-05 16:17:24.135395,2026-04-05 16:17:30.853262,0 days 00:00:06.717867,287,1,117.1,154.2,0.02,COMPLETE
4523,4523,0.6875,2026-04-05 16:17:30.868463,2026-04-05 16:17:38.470452,0 days 00:00:07.601989,275,2,126.4,151.1,1.22,COMPLETE
4524,4524,0.6875,2026-04-05 16:17:38.484860,2026-04-05 16:17:45.792507,0 days 00:00:07.307647,448,1,118.9,152.8,0.35000000000000003,COMPLETE
4525,4525,0.6875,2026-04-05 16:17:45.807706,2026-04-05 16:17:53.015525,0 days 00:00:07.207819,404,1,115.6,158.8,0.37,COMPLETE
4526,4526,0.825,2026-04-05 16:17:53.030447,2026-04-05 16:18:27.394245,0 days 00:00:34.363798,417,2,120.7,155.7,0.16,COMPLETE
4527,4527,0.6875,2026-04-05 16:18:27.408577,2026-04-05 16:18:34.392921,0 days 00:00:06.984344,443,1,116.9,155.7,0.28,COMPLETE
4528,4528,0.6875,2026-04-05 16:18:34.403973,2026-04-05 16:18:41.068845,0 days 00:00:06.664872,422,1,115.5,157.2,0.25,COMPLETE
4529,4529,0.6875,2026-04-05 16:18:41.084212,2026-04-05 16:18:47.762147,0 days 00:00:06.677935,442,1,117.2,158.4,0.05,COMPLETE
4530,4530,0.6875,2026-04-05 16:18:47.777121,2026-04-05 16:18:55.034114,0 days 00:00:07.256993,250,2,122.4,158.4,0.3,COMPLETE
4531,4531,0.825,2026-04-05 16:18:55.049733,2026-04-05 16:19:29.109958,0 days 00:00:34.060225,497,2,121.0,156.2,0.48,COMPLETE
4532,4532,0.6875,2026-04-05 16:19:29.125707,2026-04-05 16:19:36.548501,0 days 00:00:07.422794,408,1,114.9,155.1,0.0,COMPLETE
4533,4533,0.825,2026-04-05 16:19:36.563918,2026-04-05 16:20:10.816248,0 days 00:00:34.252330,386,1,120.3,155.6,0.08,COMPLETE
4534,4534,0.825,2026-04-05 16:20:10.831568,2026-04-05 16:20:44.860272,0 days 00:00:34.028704,381,1,118.1,154.5,0.24,COMPLETE
4535,4535,0.6875,2026-04-05 16:20:44.875223,2026-04-05 16:20:51.749414,0 days 00:00:06.874191,432,1,115.6,153.2,0.35000000000000003,COMPLETE
4536,4536,0.6875,2026-04-05 16:20:51.764578,2026-04-05 16:20:58.305716,0 days 00:00:06.541138,407,1,115.2,152.2,0.27,COMPLETE
4537,4537,0.6875,2026-04-05 16:20:58.320594,2026-04-05 16:21:05.326394,0 days 00:00:07.005800,316,1,113.1,153.9,0.01,COMPLETE
4538,4538,0.825,2026-04-05 16:21:05.337992,2026-04-05 16:21:18.947719,0 days 00:00:13.609727,410,1,117.9,154.2,0.0,COMPLETE
4539,4539,0.6875,2026-04-05 16:21:18.963327,2026-04-05 16:21:25.594613,0 days 00:00:06.631286,444,1,117.4,154.5,0.32,COMPLETE
4540,4540,0.6875,2026-04-05 16:21:25.609543,2026-04-05 16:21:32.114510,0 days 00:00:06.504967,403,1,117.5,153.8,0.0,COMPLETE
4541,4541,0.825,2026-04-05 16:21:32.129790,2026-04-05 16:22:06.020742,0 days 00:00:33.890952,350,2,118.6,153.2,0.06,COMPLETE
4542,4542,0.6875,2026-04-05 16:22:06.036046,2026-04-05 16:22:13.053960,0 days 00:00:07.017914,402,1,114.1,154.4,0.31,COMPLETE
4543,4543,0.6875,2026-04-05 16:22:13.068910,2026-04-05 16:22:19.767860,0 days 00:00:06.698950,393,2,113.6,151.3,0.35000000000000003,COMPLETE
4544,4544,0.6875,2026-04-05 16:22:19.783015,2026-04-05 16:22:26.666400,0 days 00:00:06.883385,406,1,114.9,155.5,0.54,COMPLETE
4545,4545,0.6875,2026-04-05 16:22:26.678894,2026-04-05 16:22:33.681947,0 days 00:00:07.003053,347,1,116.5,157.9,0.38,COMPLETE
4546,4546,0.825,2026-04-05 16:22:33.697011,2026-04-05 16:23:07.698995,0 days 00:00:34.001984,497,1,117.1,155.4,0.21,COMPLETE
4547,4547,0.671875,2026-04-05 16:23:07.714774,2026-04-05 16:23:15.240530,0 days 00:00:07.525756,216,2,121.2,155.4,0.16,COMPLETE
4548,4548,0.825,2026-04-05 16:23:15.255417,2026-04-05 16:23:49.180596,0 days 00:00:33.925179,374,1,120.1,157.5,0.45,COMPLETE
4549,4549,0.6875,2026-04-05 16:23:49.197150,2026-04-05 16:23:56.571905,0 days 00:00:07.374755,313,1,116.8,152.8,0.29,COMPLETE
4550,4550,0.6875,2026-04-05 16:23:56.586455,2026-04-05 16:24:03.375844,0 days 00:00:06.789389,354,1,116.6,155.6,0.29,COMPLETE
4551,4551,0.825,2026-04-05 16:24:03.390391,2026-04-05 16:24:38.023072,0 days 00:00:34.632681,406,2,119.4,154.2,0.0,COMPLETE
4552,4552,0.825,2026-04-05 16:24:38.037755,2026-04-05 16:24:51.605025,0 days 00:00:13.567270,334,1,116.7,154.1,0.01,COMPLETE
4553,4553,0.6875,2026-04-05 16:24:51.620089,2026-04-05 16:24:58.454404,0 days 00:00:06.834315,303,2,116.1,151.7,1.82,COMPLETE
4554,4554,0.6875,2026-04-05 16:24:58.469358,2026-04-05 16:25:06.174962,0 days 00:00:07.705604,225,2,124.3,155.2,0.54,COMPLETE
4555,4555,0.825,2026-04-05 16:25:06.190148,2026-04-05 16:25:40.535608,0 days 00:00:34.345460,331,1,118.0,156.4,0.0,COMPLETE
4556,4556,0.6875,2026-04-05 16:25:40.550934,2026-04-05 16:25:47.453600,0 days 00:00:06.902666,440,1,116.9,153.8,0.58,COMPLETE
4557,4557,0.825,2026-04-05 16:25:47.469000,2026-04-05 16:26:22.249615,0 days 00:00:34.780615,463,1,116.2,156.3,0.04,COMPLETE
4558,4558,0.6875,2026-04-05 16:26:22.264667,2026-04-05 16:26:29.376074,0 days 00:00:07.111407,468,1,113.2,152.4,0.31,COMPLETE
4559,4559,0.825,2026-04-05 16:26:29.391472,2026-04-05 16:27:03.484271,0 days 00:00:34.092799,401,1,116.0,155.1,0.02,COMPLETE
4560,4560,0.825,2026-04-05 16:27:03.499191,2026-04-05 16:27:38.306479,0 days 00:00:34.807288,405,2,125.4,155.0,0.11,COMPLETE
4561,4561,0.6875,2026-04-05 16:27:38.321731,2026-04-05 16:27:45.641462,0 days 00:00:07.319731,352,2,116.9,156.7,0.29,COMPLETE
4562,4562,0.825,2026-04-05 16:27:45.652926,2026-04-05 16:28:19.762997,0 days 00:00:34.110071,498,1,119.2,155.6,0.03,COMPLETE
4563,4563,0.6875,2026-04-05 16:28:19.778090,2026-04-05 16:28:27.014621,0 days 00:00:07.236531,358,2,117.1,152.4,0.05,COMPLETE
4564,4564,0.6875,2026-04-05 16:28:27.029402,2026-04-05 16:28:33.982968,0 days 00:00:06.953566,337,1,114.0,156.2,0.32,COMPLETE
4565,4565,0.6875,2026-04-05 16:28:33.998159,2026-04-05 16:28:40.687122,0 days 00:00:06.688963,389,1,114.5,154.0,0.0,COMPLETE
4566,4566,0.825,2026-04-05 16:28:40.702957,2026-04-05 16:29:14.804705,0 days 00:00:34.101748,450,1,117.5,156.1,0.51,COMPLETE
4567,4567,0.6875,2026-04-05 16:29:14.819842,2026-04-05 16:29:21.449857,0 days 00:00:06.630015,449,1,117.0,155.9,0.0,COMPLETE
4568,4568,0.6875,2026-04-05 16:29:21.465320,2026-04-05 16:29:28.410988,0 days 00:00:06.945668,367,1,116.2,153.9,0.25,COMPLETE
4569,4569,0.825,2026-04-05 16:29:28.425783,2026-04-05 16:30:02.680485,0 days 00:00:34.254702,430,1,121.8,153.7,0.31,COMPLETE
4570,4570,0.6875,2026-04-05 16:30:02.695575,2026-04-05 16:30:10.004704,0 days 00:00:07.309129,201,1,122.1,151.8,1.59,COMPLETE
4571,4571,0.6875,2026-04-05 16:30:10.019420,2026-04-05 16:30:17.264734,0 days 00:00:07.245314,338,2,115.5,153.7,0.02,COMPLETE
4572,4572,0.6875,2026-04-05 16:30:17.276851,2026-04-05 16:30:24.696303,0 days 00:00:07.419452,432,1,123.8,155.6,0.59,COMPLETE
4573,4573,0.640625,2026-04-05 16:30:24.711477,2026-04-05 16:30:32.303847,0 days 00:00:07.592370,366,3,116.1,153.5,0.07,COMPLETE
4574,4574,0.6875,2026-04-05 16:30:32.320136,2026-04-05 16:30:39.444246,0 days 00:00:07.124110,410,1,122.2,154.7,0.29,COMPLETE
4575,4575,0.6875,2026-04-05 16:30:39.459591,2026-04-05 16:30:46.491759,0 days 00:00:07.032168,390,1,116.6,155.2,0.52,COMPLETE
4576,4576,0.825,2026-04-05 16:30:46.507293,2026-04-05 16:31:20.512881,0 days 00:00:34.005588,354,1,118.8,152.9,0.0,COMPLETE
4577,4577,0.825,2026-04-05 16:31:20.528017,2026-04-05 16:31:54.562353,0 days 00:00:34.034336,426,1,116.5,154.4,0.02,COMPLETE
4578,4578,0.6875,2026-04-05 16:31:54.577907,2026-04-05 16:32:01.315718,0 days 00:00:06.737811,404,1,114.7,153.9,0.34,COMPLETE
4579,4579,0.6875,2026-04-05 16:32:01.330006,2026-04-05 16:32:08.100207,0 days 00:00:06.770201,375,3,113.5,151.5,0.04,COMPLETE
4580,4580,0.6875,2026-04-05 16:32:08.115129,2026-04-05 16:32:14.936606,0 days 00:00:06.821477,457,1,114.7,155.1,0.31,COMPLETE
4581,4581,0.6875,2026-04-05 16:32:14.947607,2026-04-05 16:32:21.476746,0 days 00:00:06.529139,442,1,115.7,155.8,0.27,COMPLETE
4582,4582,0.6875,2026-04-05 16:32:21.492407,2026-04-05 16:32:28.151613,0 days 00:00:06.659206,366,1,115.7,155.6,0.02,COMPLETE
4583,4583,0.6875,2026-04-05 16:32:28.166244,2026-04-05 16:32:34.820209,0 days 00:00:06.653965,394,1,116.8,154.1,0.28,COMPLETE
4584,4584,0.6875,2026-04-05 16:32:34.834877,2026-04-05 16:32:41.983351,0 days 00:00:07.148474,442,1,119.5,159.7,0.22,COMPLETE
4585,4585,0.825,2026-04-05 16:32:41.998311,2026-04-05 16:33:16.218504,0 days 00:00:34.220193,393,1,118.3,155.7,0.36,COMPLETE
4586,4586,0.6875,2026-04-05 16:33:16.233047,2026-04-05 16:33:23.213775,0 days 00:00:06.980728,491,1,117.7,151.6,0.2,COMPLETE
4587,4587,0.6875,2026-04-05 16:33:23.228887,2026-04-05 16:33:29.945157,0 days 00:00:06.716270,349,1,117.2,151.2,0.19,COMPLETE
4588,4588,0.825,2026-04-05 16:33:29.960415,2026-04-05 16:34:04.351325,0 days 00:00:34.390910,411,1,118.6,156.0,0.28,COMPLETE
4589,4589,0.6875,2026-04-05 16:34:04.366344,2026-04-05 16:34:12.257784,0 days 00:00:07.891440,228,2,125.2,152.4,0.27,COMPLETE
4590,4590,0.6875,2026-04-05 16:34:12.268907,2026-04-05 16:34:19.597845,0 days 00:00:07.328938,432,1,117.5,150.4,0.01,COMPLETE
4591,4591,0.6875,2026-04-05 16:34:19.612767,2026-04-05 16:34:26.757164,0 days 00:00:07.144397,394,2,114.9,156.2,0.01,COMPLETE
4592,4592,0.6875,2026-04-05 16:34:26.772505,2026-04-05 16:34:33.684126,0 days 00:00:06.911621,420,1,114.1,151.8,0.0,COMPLETE
4593,4593,0.6875,2026-04-05 16:34:33.699729,2026-04-05 16:34:40.830980,0 days 00:00:07.131251,411,1,115.7,157.8,0.25,COMPLETE
4594,4594,0.825,2026-04-05 16:34:40.846506,2026-04-05 16:35:15.004966,0 days 00:00:34.158460,431,1,117.9,154.7,0.25,COMPLETE
4595,4595,0.6875,2026-04-05 16:35:15.019931,2026-04-05 16:35:22.231326,0 days 00:00:07.211395,319,1,114.4,154.3,0.48,COMPLETE
4596,4596,0.6875,2026-04-05 16:35:22.242239,2026-04-05 16:35:28.879507,0 days 00:00:06.637268,440,2,115.8,155.3,0.0,COMPLETE
4597,4597,0.6875,2026-04-05 16:35:28.895015,2026-04-05 16:35:35.382676,0 days 00:00:06.487661,384,1,115.6,155.3,0.35000000000000003,COMPLETE
4598,4598,0.6875,2026-04-05 16:35:35.395788,2026-04-05 16:35:41.963573,0 days 00:00:06.567785,393,1,116.3,154.4,0.32,COMPLETE
4599,4599,0.6875,2026-04-05 16:35:41.979381,2026-04-05 16:35:48.716663,0 days 00:00:06.737282,251,1,116.5,153.8,0.79,COMPLETE
4600,4600,0.6875,2026-04-05 16:35:48.731832,2026-04-05 16:35:55.259334,0 days 00:00:06.527502,447,1,117.4,154.1,0.35000000000000003,COMPLETE
4601,4601,0.825,2026-04-05 16:35:55.274815,2026-04-05 16:36:29.742731,0 days 00:00:34.467916,492,1,123.0,157.3,0.5700000000000001,COMPLETE
4602,4602,0.6875,2026-04-05 16:36:29.757779,2026-04-05 16:36:36.972601,0 days 00:00:07.214822,367,1,127.0,158.9,1.47,COMPLETE
4603,4603,0.6875,2026-04-05 16:36:36.987265,2026-04-05 16:36:45.196389,0 days 00:00:08.209124,366,1,113.2,155.0,0.04,COMPLETE
4604,4604,0.6875,2026-04-05 16:36:45.212432,2026-04-05 16:36:52.993569,0 days 00:00:07.781137,459,2,124.1,155.9,0.36,COMPLETE
4605,4605,0.6875,2026-04-05 16:36:53.008875,2026-04-05 16:37:00.753560,0 days 00:00:07.744685,372,1,115.3,153.1,0.62,COMPLETE
4606,4606,0.825,2026-04-05 16:37:00.767454,2026-04-05 16:37:34.781288,0 days 00:00:34.013834,492,1,116.3,154.2,0.01,COMPLETE
4607,4607,0.6875,2026-04-05 16:37:34.796540,2026-04-05 16:37:42.025927,0 days 00:00:07.229387,358,1,114.8,156.6,0.2,COMPLETE
4608,4608,0.825,2026-04-05 16:37:42.037492,2026-04-05 16:38:16.233714,0 days 00:00:34.196222,401,2,118.9,157.2,0.46,COMPLETE
4609,4609,0.6875,2026-04-05 16:38:16.249784,2026-04-05 16:38:23.281286,0 days 00:00:07.031502,426,1,114.3,155.4,0.02,COMPLETE
4610,4610,0.6875,2026-04-05 16:38:23.295019,2026-04-05 16:38:30.112980,0 days 00:00:06.817961,463,1,116.6,153.7,0.0,COMPLETE
4611,4611,0.825,2026-04-05 16:38:30.124104,2026-04-05 16:38:35.015021,0 days 00:00:04.890917,438,1,116.0,153.6,0.28,COMPLETE
4612,4612,0.6875,2026-04-05 16:38:35.029836,2026-04-05 16:38:41.838422,0 days 00:00:06.808586,442,1,114.8,156.8,0.36,COMPLETE
4613,4613,0.825,2026-04-05 16:38:41.851565,2026-04-05 16:39:15.887708,0 days 00:00:34.036143,455,1,118.0,154.8,0.27,COMPLETE
4614,4614,0.825,2026-04-05 16:39:15.899985,2026-04-05 16:39:49.962420,0 days 00:00:34.062435,366,1,116.7,154.7,0.03,COMPLETE
4615,4615,0.6875,2026-04-05 16:39:49.977942,2026-04-05 16:39:57.462965,0 days 00:00:07.485023,424,2,124.2,158.2,0.43,COMPLETE
4616,4616,0.6875,2026-04-05 16:39:57.478159,2026-04-05 16:40:05.039939,0 days 00:00:07.561780,354,2,117.4,154.4,0.0,COMPLETE
4617,4617,0.825,2026-04-05 16:40:05.055362,2026-04-05 16:40:39.097427,0 days 00:00:34.042065,392,1,117.7,156.2,0.04,COMPLETE
4618,4618,0.825,2026-04-05 16:40:39.109656,2026-04-05 16:41:35.408505,0 days 00:00:56.298849,498,1,124.4,153.1,0.1,COMPLETE
4619,4619,0.825,2026-04-05 16:41:35.423582,2026-04-05 16:42:09.471462,0 days 00:00:34.047880,439,2,122.8,154.8,0.29,COMPLETE
4620,4620,0.6875,2026-04-05 16:42:09.486324,2026-04-05 16:42:16.978100,0 days 00:00:07.491776,381,1,115.4,156.8,0.28,COMPLETE
4621,4621,0.6875,2026-04-05 16:42:16.992870,2026-04-05 16:42:23.694532,0 days 00:00:06.701662,334,1,116.1,154.5,0.35000000000000003,COMPLETE
4622,4622,0.825,2026-04-05 16:42:23.705748,2026-04-05 16:42:57.867797,0 days 00:00:34.162049,377,1,118.0,155.6,0.39,COMPLETE
4623,4623,0.6875,2026-04-05 16:42:57.881552,2026-04-05 16:43:04.736437,0 days 00:00:06.854885,499,1,116.9,158.4,0.11,COMPLETE
4624,4624,0.6875,2026-04-05 16:43:04.751529,2026-04-05 16:43:11.776798,0 days 00:00:07.025269,497,1,113.4,154.3,0.0,COMPLETE
4625,4625,0.825,2026-04-05 16:43:11.792106,2026-04-05 16:43:45.973804,0 days 00:00:34.181698,500,2,118.0,155.3,0.04,COMPLETE
4626,4626,0.825,2026-04-05 16:43:45.987531,2026-04-05 16:44:20.282632,0 days 00:00:34.295101,424,1,122.1,155.7,0.3,COMPLETE
4627,4627,0.825,2026-04-05 16:44:20.292993,2026-04-05 16:44:25.687618,0 days 00:00:05.394625,498,1,116.8,155.1,0.0,COMPLETE
4628,4628,0.6875,2026-04-05 16:44:25.703460,2026-04-05 16:44:32.633037,0 days 00:00:06.929577,423,1,116.1,153.9,0.32,COMPLETE
4629,4629,0.6875,2026-04-05 16:44:32.644133,2026-04-05 16:44:39.382903,0 days 00:00:06.738770,408,1,117.7,156.9,0.62,COMPLETE
4630,4630,0.6875,2026-04-05 16:44:39.399251,2026-04-05 16:44:46.127528,0 days 00:00:06.728277,445,1,115.3,154.8,0.02,COMPLETE
4631,4631,0.6875,2026-04-05 16:44:46.142541,2026-04-05 16:44:52.957575,0 days 00:00:06.815034,390,1,116.5,152.2,0.46,COMPLETE
4632,4632,0.825,2026-04-05 16:44:52.972505,2026-04-05 16:44:58.220090,0 days 00:00:05.247585,459,1,117.0,156.2,0.27,COMPLETE
4633,4633,0.6875,2026-04-05 16:44:58.235155,2026-04-05 16:45:05.955511,0 days 00:00:07.720356,280,2,125.3,155.4,0.05,COMPLETE
4634,4634,0.6875,2026-04-05 16:45:05.970922,2026-04-05 16:45:13.550780,0 days 00:00:07.579858,384,1,116.1,157.3,0.27,COMPLETE
4635,4635,0.825,2026-04-05 16:45:13.565336,2026-04-05 16:45:47.587064,0 days 00:00:34.021728,393,1,116.9,154.4,0.01,COMPLETE
4636,4636,0.6875,2026-04-05 16:45:47.601936,2026-04-05 16:45:54.440132,0 days 00:00:06.838196,456,1,117.2,156.2,0.6,COMPLETE
4637,4637,0.825,2026-04-05 16:45:54.451447,2026-04-05 16:46:28.555507,0 days 00:00:34.104060,452,1,117.5,153.1,0.28,COMPLETE
4638,4638,0.6875,2026-04-05 16:46:28.571007,2026-04-05 16:46:35.691612,0 days 00:00:07.120605,323,1,114.7,152.2,0.4,COMPLETE
4639,4639,0.6875,2026-04-05 16:46:35.706389,2026-04-05 16:46:42.446211,0 days 00:00:06.739822,374,1,113.6,155.3,0.55,COMPLETE
4640,4640,0.6875,2026-04-05 16:46:42.456305,2026-04-05 16:46:49.169548,0 days 00:00:06.713243,411,1,113.0,157.5,0.02,COMPLETE
4641,4641,0.825,2026-04-05 16:46:49.184691,2026-04-05 16:47:23.578868,0 days 00:00:34.394177,447,1,119.6,154.9,0.01,COMPLETE
4642,4642,0.825,2026-04-05 16:47:23.593738,2026-04-05 16:47:57.609374,0 days 00:00:34.015636,433,1,122.7,154.6,0.03,COMPLETE
4643,4643,0.6875,2026-04-05 16:47:57.624658,2026-04-05 16:48:05.081725,0 days 00:00:07.457067,297,2,116.6,154.0,0.63,COMPLETE
4644,4644,0.6875,2026-04-05 16:48:05.096765,2026-04-05 16:48:12.575966,0 days 00:00:07.479201,334,3,125.5,154.3,1.16,COMPLETE
4645,4645,0.6875,2026-04-05 16:48:12.591209,2026-04-05 16:48:19.888798,0 days 00:00:07.297589,367,2,117.9,154.2,0.38,COMPLETE
4646,4646,0.825,2026-04-05 16:48:19.903365,2026-04-05 16:48:54.419002,0 days 00:00:34.515637,342,1,118.3,154.5,0.0,COMPLETE
4647,4647,0.6875,2026-04-05 16:48:54.434665,2026-04-05 16:49:01.353507,0 days 00:00:06.918842,407,3,115.9,152.3,0.01,COMPLETE
4648,4648,0.6875,2026-04-05 16:49:01.364751,2026-04-05 16:49:07.943658,0 days 00:00:06.578907,394,1,115.1,153.7,0.24,COMPLETE
4649,4649,0.825,2026-04-05 16:49:07.959069,2026-04-05 16:49:42.076494,0 days 00:00:34.117425,433,1,117.9,155.9,0.0,COMPLETE
4650,4650,0.825,2026-04-05 16:49:42.092002,2026-04-05 16:50:15.873073,0 days 00:00:33.781071,375,1,119.0,155.6,0.02,COMPLETE
4651,4651,0.6875,2026-04-05 16:50:15.888278,2026-04-05 16:50:22.779510,0 days 00:00:06.891232,417,1,116.1,153.0,0.01,COMPLETE
4652,4652,0.825,2026-04-05 16:50:22.791789,2026-04-05 16:50:56.829529,0 days 00:00:34.037740,394,1,119.0,154.3,0.49,COMPLETE
4653,4653,0.0,2026-04-05 16:50:56.844397,2026-04-05 16:51:03.742679,0 days 00:00:06.898282,392,1,116.6,154.0,0.22,COMPLETE
4654,4654,0.6875,2026-04-05 16:51:03.757937,2026-04-05 16:51:10.549262,0 days 00:00:06.791325,452,1,115.2,151.5,0.43,COMPLETE
4655,4655,0.6875,2026-04-05 16:51:10.563749,2026-04-05 16:51:17.574994,0 days 00:00:07.011245,369,1,118.1,151.2,0.0,COMPLETE
4656,4656,0.6875,2026-04-05 16:51:17.590213,2026-04-05 16:51:24.269557,0 days 00:00:06.679344,408,1,115.8,152.0,0.21,COMPLETE
4657,4657,0.6875,2026-04-05 16:51:24.284621,2026-04-05 16:51:31.647365,0 days 00:00:07.362744,291,3,120.4,156.0,0.58,COMPLETE
4658,4658,0.6875,2026-04-05 16:51:31.662294,2026-04-05 16:51:38.489537,0 days 00:00:06.827243,380,1,117.7,153.2,0.49,COMPLETE
4659,4659,0.6875,2026-04-05 16:51:38.504677,2026-04-05 16:51:45.276462,0 days 00:00:06.771785,396,1,115.0,153.1,0.59,COMPLETE
4660,4660,0.6875,2026-04-05 16:51:45.292059,2026-04-05 16:51:52.081255,0 days 00:00:06.789196,372,1,117.4,151.9,0.32,COMPLETE
4661,4661,0.6875,2026-04-05 16:51:52.097356,2026-04-05 16:51:58.841276,0 days 00:00:06.743920,323,1,117.9,155.1,0.73,COMPLETE
4662,4662,0.6875,2026-04-05 16:51:58.854423,2026-04-05 16:52:05.661262,0 days 00:00:06.806839,362,1,115.5,152.1,0.14,COMPLETE
4663,4663,0.6875,2026-04-05 16:52:05.676742,2026-04-05 16:52:12.238540,0 days 00:00:06.561798,354,1,116.1,153.1,0.25,COMPLETE
4664,4664,0.6875,2026-04-05 16:52:12.253503,2026-04-05 16:52:18.968971,0 days 00:00:06.715468,443,1,114.2,154.4,0.55,COMPLETE
4665,4665,0.6875,2026-04-05 16:52:18.984701,2026-04-05 16:52:25.742501,0 days 00:00:06.757800,405,1,117.0,152.5,0.38,COMPLETE
4666,4666,0.6875,2026-04-05 16:52:25.758268,2026-04-05 16:52:32.484097,0 days 00:00:06.725829,486,2,114.9,153.6,0.02,COMPLETE
4667,4667,0.825,2026-04-05 16:52:32.497758,2026-04-05 16:52:38.433318,0 days 00:00:05.935560,260,2,122.5,155.1,0.03,COMPLETE
4668,4668,0.6875,2026-04-05 16:52:38.447716,2026-04-05 16:52:45.647171,0 days 00:00:07.199455,206,2,126.4,156.2,1.61,COMPLETE
4669,4669,0.825,2026-04-05 16:52:45.658650,2026-04-05 16:53:20.442494,0 days 00:00:34.783844,430,1,118.2,152.8,0.04,COMPLETE
4670,4670,0.6875,2026-04-05 16:53:20.454386,2026-04-05 16:53:27.365639,0 days 00:00:06.911253,497,2,115.1,155.3,0.05,COMPLETE
4671,4671,0.6875,2026-04-05 16:53:27.380262,2026-04-05 16:53:34.326510,0 days 00:00:06.946248,420,1,113.9,153.4,0.25,COMPLETE
4672,4672,0.6875,2026-04-05 16:53:34.341415,2026-04-05 16:53:42.077192,0 days 00:00:07.735777,190,3,119.6,156.7,1.47,COMPLETE
4673,4673,0.6875,2026-04-05 16:53:42.092219,2026-04-05 16:53:49.207562,0 days 00:00:07.115343,409,2,117.6,151.1,0.05,COMPLETE
4674,4674,0.825,2026-04-05 16:53:49.222220,2026-04-05 16:53:56.763205,0 days 00:00:07.540985,328,1,115.6,154.7,0.0,COMPLETE
4675,4675,0.6875,2026-04-05 16:53:56.778447,2026-04-05 16:54:03.266929,0 days 00:00:06.488482,391,1,115.0,153.7,0.01,COMPLETE
4676,4676,0.6875,2026-04-05 16:54:03.282818,2026-04-05 16:54:09.691453,0 days 00:00:06.408635,354,1,115.8,153.9,0.31,COMPLETE
4677,4677,0.0,2026-04-05 16:54:09.706522,2026-04-05 16:54:16.103008,0 days 00:00:06.396486,384,1,116.5,153.4,0.0,COMPLETE
4678,4678,0.6875,2026-04-05 16:54:16.118498,2026-04-05 16:54:22.532066,0 days 00:00:06.413568,377,2,116.1,154.3,0.0,COMPLETE
4679,4679,0.6875,2026-04-05 16:54:22.546952,2026-04-05 16:54:29.183567,0 days 00:00:06.636615,500,2,116.4,157.6,0.09,COMPLETE
4680,4680,0.6875,2026-04-05 16:54:29.198582,2026-04-05 16:54:36.362152,0 days 00:00:07.163570,285,1,116.2,151.6,0.32,COMPLETE
4681,4681,0.6875,2026-04-05 16:54:36.376443,2026-04-05 16:54:43.015252,0 days 00:00:06.638809,387,1,117.1,154.2,0.03,COMPLETE
4682,4682,0.6875,2026-04-05 16:54:43.028981,2026-04-05 16:54:49.589726,0 days 00:00:06.560745,371,1,116.4,151.9,0.07,COMPLETE
4683,4683,0.6875,2026-04-05 16:54:49.606975,2026-04-05 16:54:56.339979,0 days 00:00:06.733004,308,1,114.7,152.4,0.17,COMPLETE
4684,4684,0.6875,2026-04-05 16:54:56.355496,2026-04-05 16:55:03.023142,0 days 00:00:06.667646,354,1,117.0,154.1,0.2,COMPLETE
4685,4685,0.6875,2026-04-05 16:55:03.038458,2026-04-05 16:55:09.608214,0 days 00:00:06.569756,333,1,115.6,152.6,0.63,COMPLETE
4686,4686,0.825,2026-04-05 16:55:09.624359,2026-04-05 16:55:43.564981,0 days 00:00:33.940622,436,1,117.4,153.1,0.01,COMPLETE
4687,4687,0.6875,2026-04-05 16:55:43.579756,2026-04-05 16:55:50.423586,0 days 00:00:06.843830,372,1,118.1,152.7,0.41000000000000003,COMPLETE
4688,4688,0.6875,2026-04-05 16:55:50.438785,2026-04-05 16:55:56.924365,0 days 00:00:06.485580,364,1,117.6,152.4,0.14,COMPLETE
4689,4689,0.825,2026-04-05 16:55:56.939257,2026-04-05 16:56:30.899675,0 days 00:00:33.960418,371,1,119.3,153.3,0.24,COMPLETE
4690,4690,0.6875,2026-04-05 16:56:30.915431,2026-04-05 16:56:37.966786,0 days 00:00:07.051355,367,1,115.3,151.1,0.25,COMPLETE
4691,4691,0.6875,2026-04-05 16:56:37.981950,2026-04-05 16:56:44.550641,0 days 00:00:06.568691,404,1,114.2,151.6,0.0,COMPLETE
4692,4692,0.6875,2026-04-05 16:56:44.566563,2026-04-05 16:56:51.501706,0 days 00:00:06.935143,336,1,117.1,152.8,0.04,COMPLETE
4693,4693,0.6875,2026-04-05 16:56:51.513865,2026-04-05 16:56:58.011981,0 days 00:00:06.498116,372,1,117.4,152.2,0.03,COMPLETE
4694,4694,0.6875,2026-04-05 16:56:58.026787,2026-04-05 16:57:04.901965,0 days 00:00:06.875178,410,1,113.2,150.7,0.37,COMPLETE
4695,4695,0.6875,2026-04-05 16:57:04.917194,2026-04-05 16:57:11.717689,0 days 00:00:06.800495,416,1,116.8,151.8,0.1,COMPLETE
4696,4696,0.6875,2026-04-05 16:57:11.733235,2026-04-05 16:57:18.407974,0 days 00:00:06.674739,375,1,117.1,153.9,0.25,COMPLETE
4697,4697,0.6875,2026-04-05 16:57:18.422656,2026-04-05 16:57:25.054317,0 days 00:00:06.631661,343,1,116.1,152.5,0.31,COMPLETE
4698,4698,0.6875,2026-04-05 16:57:25.069003,2026-04-05 16:57:32.176131,0 days 00:00:07.107128,397,2,121.3,155.4,0.5,COMPLETE
4699,4699,0.6875,2026-04-05 16:57:32.190987,2026-04-05 16:57:39.496857,0 days 00:00:07.305870,364,1,115.8,150.7,0.0,COMPLETE
4700,4700,0.6875,2026-04-05 16:57:39.511950,2026-04-05 16:57:46.234339,0 days 00:00:06.722389,425,1,118.0,151.0,0.32,COMPLETE
4701,4701,0.6875,2026-04-05 16:57:46.249729,2026-04-05 16:57:53.287342,0 days 00:00:07.037613,413,1,113.0,153.4,0.06,COMPLETE
4702,4702,0.6875,2026-04-05 16:57:53.303024,2026-04-05 16:58:00.308549,0 days 00:00:07.005525,271,2,116.3,153.0,0.09,COMPLETE
4703,4703,0.6875,2026-04-05 16:58:00.324504,2026-04-05 16:58:06.887454,0 days 00:00:06.562950,499,1,115.1,153.0,0.25,COMPLETE
4704,4704,0.6875,2026-04-05 16:58:06.903451,2026-04-05 16:58:13.620447,0 days 00:00:06.716996,376,1,114.6,153.1,0.05,COMPLETE
4705,4705,0.6875,2026-04-05 16:58:13.633998,2026-04-05 16:58:20.221006,0 days 00:00:06.587008,405,1,115.8,153.7,0.03,COMPLETE
4706,4706,0.6875,2026-04-05 16:58:20.236442,2026-04-05 16:58:26.782106,0 days 00:00:06.545664,385,1,115.7,152.7,0.24,COMPLETE
4707,4707,0.6875,2026-04-05 16:58:26.794197,2026-04-05 16:58:33.383314,0 days 00:00:06.589117,361,1,114.1,152.8,0.09,COMPLETE
4708,4708,0.6875,2026-04-05 16:58:33.397973,2026-04-05 16:58:40.152637,0 days 00:00:06.754664,481,1,116.4,151.6,0.0,COMPLETE
4709,4709,0.6875,2026-04-05 16:58:40.168250,2026-04-05 16:58:47.063130,0 days 00:00:06.894880,389,1,117.2,153.3,0.13,COMPLETE
4710,4710,0.6875,2026-04-05 16:58:47.079241,2026-04-05 16:58:53.696656,0 days 00:00:06.617415,386,1,115.7,153.2,0.01,COMPLETE
4711,4711,0.6875,2026-04-05 16:58:53.711576,2026-04-05 16:59:00.597805,0 days 00:00:06.886229,322,1,117.3,152.5,0.37,COMPLETE
4712,4712,0.6875,2026-04-05 16:59:00.613908,2026-04-05 16:59:07.251984,0 days 00:00:06.638076,358,1,116.1,153.9,0.33,COMPLETE
4713,4713,0.6875,2026-04-05 16:59:07.263276,2026-04-05 16:59:13.798607,0 days 00:00:06.535331,385,2,116.5,152.8,0.02,COMPLETE
4714,4714,0.825,2026-04-05 16:59:13.811322,2026-04-05 16:59:47.773383,0 days 00:00:33.962061,437,1,118.1,154.0,0.0,COMPLETE
4715,4715,0.6875,2026-04-05 16:59:47.788543,2026-04-05 16:59:54.785905,0 days 00:00:06.997362,450,1,113.6,153.6,0.0,COMPLETE
4716,4716,0.6875,2026-04-05 16:59:54.800717,2026-04-05 17:00:01.768423,0 days 00:00:06.967706,318,1,116.9,153.9,0.18,COMPLETE
4717,4717,0.6875,2026-04-05 17:00:01.784166,2026-04-05 17:00:08.325945,0 days 00:00:06.541779,423,1,116.0,153.3,0.01,COMPLETE
4718,4718,0.825,2026-04-05 17:00:08.341565,2026-04-05 17:00:21.843966,0 days 00:00:13.502401,324,1,117.0,152.6,0.03,COMPLETE
4719,4719,0.825,2026-04-05 17:00:21.859407,2026-04-05 17:00:26.857864,0 days 00:00:04.998457,408,2,116.9,153.4,0.04,COMPLETE
4720,4720,0.825,2026-04-05 17:00:26.872902,2026-04-05 17:01:00.999008,0 days 00:00:34.126106,328,1,118.6,153.0,0.15,COMPLETE
4721,4721,0.6875,2026-04-05 17:01:01.013453,2026-04-05 17:01:08.169590,0 days 00:00:07.156137,357,2,113.6,151.9,0.07,COMPLETE
4722,4722,0.6875,2026-04-05 17:01:08.184875,2026-04-05 17:01:15.380856,0 days 00:00:07.195981,311,1,120.3,151.6,1.31,COMPLETE
4723,4723,0.6875,2026-04-05 17:01:15.396279,2026-04-05 17:01:22.448347,0 days 00:00:07.052068,359,2,115.3,154.1,0.47000000000000003,COMPLETE
4724,4724,0.6875,2026-04-05 17:01:22.464052,2026-04-05 17:01:28.989460,0 days 00:00:06.525408,346,1,114.8,153.5,0.27,COMPLETE
4725,4725,0.6875,2026-04-05 17:01:29.004690,2026-04-05 17:01:36.017391,0 days 00:00:07.012701,265,1,116.4,150.4,1.55,COMPLETE
4726,4726,0.6875,2026-04-05 17:01:36.032167,2026-04-05 17:01:42.878951,0 days 00:00:06.846784,399,2,114.4,153.7,0.03,COMPLETE
4727,4727,0.825,2026-04-05 17:01:42.894668,2026-04-05 17:02:17.295822,0 days 00:00:34.401154,389,1,120.7,154.9,0.5700000000000001,COMPLETE
4728,4728,0.6875,2026-04-05 17:02:17.306959,2026-04-05 17:02:24.446917,0 days 00:00:07.139958,436,1,116.0,153.3,0.0,COMPLETE
4729,4729,0.6875,2026-04-05 17:02:24.462319,2026-04-05 17:02:32.616057,0 days 00:00:08.153738,150,3,122.6,148.6,1.72,COMPLETE
4730,4730,0.6875,2026-04-05 17:02:32.631538,2026-04-05 17:02:39.874698,0 days 00:00:07.243160,395,1,117.5,153.2,0.32,COMPLETE
4731,4731,0.6875,2026-04-05 17:02:39.887000,2026-04-05 17:02:46.442067,0 days 00:00:06.555067,392,1,118.6,152.7,0.47000000000000003,COMPLETE
4732,4732,0.6875,2026-04-05 17:02:46.458268,2026-04-05 17:02:53.449053,0 days 00:00:06.990785,337,2,115.3,153.9,0.0,COMPLETE
4733,4733,0.825,2026-04-05 17:02:53.464346,2026-04-05 17:03:27.916383,0 days 00:00:34.452037,428,1,121.2,152.9,0.08,COMPLETE
4734,4734,0.6875,2026-04-05 17:03:27.929150,2026-04-05 17:03:35.183626,0 days 00:00:07.254476,498,1,116.4,156.4,0.34,COMPLETE
4735,4735,0.6875,2026-04-05 17:03:35.198837,2026-04-05 17:03:42.162220,0 days 00:00:06.963383,332,1,114.6,154.0,0.3,COMPLETE
4736,4736,0.6875,2026-04-05 17:03:42.177122,2026-04-05 17:03:49.852370,0 days 00:00:07.675248,164,2,113.0,148.1,1.94,COMPLETE
4737,4737,0.6875,2026-04-05 17:03:49.868079,2026-04-05 17:03:57.063816,0 days 00:00:07.195737,332,1,116.2,153.6,0.03,COMPLETE
4738,4738,0.6875,2026-04-05 17:03:57.079154,2026-04-05 17:04:03.738556,0 days 00:00:06.659402,411,1,114.8,154.5,0.28,COMPLETE
4739,4739,0.825,2026-04-05 17:04:03.754260,2026-04-05 17:05:00.450082,0 days 00:00:56.695822,466,2,124.7,154.5,0.16,COMPLETE
4740,4740,0.825,2026-04-05 17:05:00.465808,2026-04-05 17:05:34.930105,0 days 00:00:34.464297,417,1,119.3,153.2,0.0,COMPLETE
4741,4741,0.825,2026-04-05 17:05:34.944948,2026-04-05 17:05:39.919495,0 days 00:00:04.974547,398,1,119.2,154.1,0.27,COMPLETE
4742,4742,0.6875,2026-04-05 17:05:39.931692,2026-04-05 17:05:47.082236,0 days 00:00:07.150544,302,1,115.1,155.0,0.0,COMPLETE
4743,4743,0.6875,2026-04-05 17:05:47.097989,2026-04-05 17:05:53.974384,0 days 00:00:06.876395,436,1,118.1,151.7,0.03,COMPLETE
4744,4744,0.6875,2026-04-05 17:05:53.989644,2026-04-05 17:06:00.768054,0 days 00:00:06.778410,423,1,119.4,153.9,0.78,COMPLETE
4745,4745,0.825,2026-04-05 17:06:00.783794,2026-04-05 17:06:05.803874,0 days 00:00:05.020080,416,1,118.2,153.2,0.37,COMPLETE
4746,4746,0.6875,2026-04-05 17:06:05.819163,2026-04-05 17:06:13.333654,0 days 00:00:07.514491,492,2,124.9,158.1,0.45,COMPLETE
4747,4747,0.6875,2026-04-05 17:06:13.348958,2026-04-05 17:06:20.687891,0 days 00:00:07.338933,324,1,118.8,158.7,0.39,COMPLETE
4748,4748,0.6875,2026-04-05 17:06:20.703115,2026-04-05 17:06:28.903766,0 days 00:00:08.200651,164,1,123.9,149.4,0.8,COMPLETE
4749,4749,0.6875,2026-04-05 17:06:28.918898,2026-04-05 17:06:36.388697,0 days 00:00:07.469799,462,2,123.1,159.8,0.5700000000000001,COMPLETE
4750,4750,0.6875,2026-04-05 17:06:36.403739,2026-04-05 17:06:43.735324,0 days 00:00:07.331585,348,1,117.9,154.6,0.37,COMPLETE
4751,4751,0.6875,2026-04-05 17:06:43.750866,2026-04-05 17:06:50.522691,0 days 00:00:06.771825,388,2,113.4,155.3,0.26,COMPLETE
4752,4752,0.671875,2026-04-05 17:06:50.533842,2026-04-05 17:06:57.337862,0 days 00:00:06.804020,406,1,116.1,151.4,0.02,COMPLETE
4753,4753,0.6875,2026-04-05 17:06:57.353862,2026-04-05 17:07:04.137474,0 days 00:00:06.783612,350,1,116.8,156.2,0.0,COMPLETE
4754,4754,0.825,2026-04-05 17:07:04.153388,2026-04-05 17:07:38.294725,0 days 00:00:34.141337,349,1,118.0,153.8,0.03,COMPLETE
4755,4755,0.6875,2026-04-05 17:07:38.310176,2026-04-05 17:07:45.031149,0 days 00:00:06.720973,335,1,116.5,154.3,0.51,COMPLETE
4756,4756,0.6875,2026-04-05 17:07:45.046420,2026-04-05 17:07:51.953645,0 days 00:00:06.907225,288,1,116.5,156.2,0.01,COMPLETE
4757,4757,0.6875,2026-04-05 17:07:51.968684,2026-04-05 17:07:58.730312,0 days 00:00:06.761628,388,2,117.6,152.8,0.08,COMPLETE
4758,4758,0.6875,2026-04-05 17:07:58.745316,2026-04-05 17:08:05.466694,0 days 00:00:06.721378,451,1,119.6,154.0,0.35000000000000003,COMPLETE
4759,4759,0.825,2026-04-05 17:08:05.482212,2026-04-05 17:08:39.501467,0 days 00:00:34.019255,489,2,122.0,156.8,0.23,COMPLETE
4760,4760,0.825,2026-04-05 17:08:39.517117,2026-04-05 17:09:13.266409,0 days 00:00:33.749292,498,2,122.3,156.8,0.43,COMPLETE
4761,4761,0.6875,2026-04-05 17:09:13.282804,2026-04-05 17:09:20.793952,0 days 00:00:07.511148,403,1,117.5,152.4,0.22,COMPLETE
4762,4762,0.825,2026-04-05 17:09:20.809240,2026-04-05 17:09:54.735601,0 days 00:00:33.926361,413,2,118.3,154.6,0.44,COMPLETE
4763,4763,0.6875,2026-04-05 17:09:54.751297,2026-04-05 17:10:02.462328,0 days 00:00:07.711031,285,3,113.7,148.1,0.6,COMPLETE
4764,4764,0.825,2026-04-05 17:10:02.477488,2026-04-05 17:10:37.775475,0 days 00:00:35.297987,460,1,123.6,157.2,0.29,COMPLETE
4765,4765,0.6875,2026-04-05 17:10:37.791821,2026-04-05 17:10:45.253202,0 days 00:00:07.461381,349,1,119.2,154.0,0.23,COMPLETE
4766,4766,0.6875,2026-04-05 17:10:45.264701,2026-04-05 17:10:52.807997,0 days 00:00:07.543296,251,1,125.0,158.3,1.34,COMPLETE
4767,4767,0.6875,2026-04-05 17:10:52.824003,2026-04-05 17:10:59.828676,0 days 00:00:07.004673,293,3,122.2,153.9,0.2,COMPLETE
4768,4768,0.6875,2026-04-05 17:10:59.843809,2026-04-05 17:11:07.241271,0 days 00:00:07.397462,357,1,114.1,152.9,0.02,COMPLETE
4769,4769,0.825,2026-04-05 17:11:07.256492,2026-04-05 17:11:41.542740,0 days 00:00:34.286248,386,1,118.8,155.1,0.03,COMPLETE
4770,4770,0.825,2026-04-05 17:11:41.557511,2026-04-05 17:12:37.685618,0 days 00:00:56.128107,444,2,124.9,154.9,0.51,COMPLETE
4771,4771,0.6875,2026-04-05 17:12:37.701340,2026-04-05 17:12:45.474100,0 days 00:00:07.772760,397,1,114.9,155.0,0.2,COMPLETE
4772,4772,0.6875,2026-04-05 17:12:45.486134,2026-04-05 17:12:51.902914,0 days 00:00:06.416780,453,1,115.2,154.9,0.3,COMPLETE
4773,4773,0.6875,2026-04-05 17:12:51.917985,2026-04-05 17:12:58.715416,0 days 00:00:06.797431,409,1,113.7,152.4,0.46,COMPLETE
4774,4774,0.6875,2026-04-05 17:12:58.726876,2026-04-05 17:13:05.524880,0 days 00:00:06.798004,461,1,115.8,153.9,0.0,COMPLETE
4775,4775,0.6875,2026-04-05 17:13:05.539930,2026-04-05 17:13:12.207784,0 days 00:00:06.667854,497,2,114.4,155.3,0.01,COMPLETE
4776,4776,0.6875,2026-04-05 17:13:12.224334,2026-04-05 17:13:19.395840,0 days 00:00:07.171506,379,1,116.9,151.6,0.02,COMPLETE
4777,4777,0.6875,2026-04-05 17:13:19.411205,2026-04-05 17:13:26.031722,0 days 00:00:06.620517,395,1,116.1,153.2,0.29,COMPLETE
4778,4778,0.6875,2026-04-05 17:13:26.046832,2026-04-05 17:13:32.679283,0 days 00:00:06.632451,432,1,116.7,154.6,0.35000000000000003,COMPLETE
4779,4779,0.6875,2026-04-05 17:13:32.694266,2026-04-05 17:13:39.532074,0 days 00:00:06.837808,368,1,117.6,154.0,0.71,COMPLETE
4780,4780,0.6875,2026-04-05 17:13:39.547379,2026-04-05 17:13:46.200385,0 days 00:00:06.653006,347,1,115.9,153.1,0.0,COMPLETE
4781,4781,0.6875,2026-04-05 17:13:46.213524,2026-04-05 17:13:53.474246,0 days 00:00:07.260722,426,1,113.3,159.9,0.66,COMPLETE
4782,4782,0.825,2026-04-05 17:13:53.489725,2026-04-05 17:14:28.411687,0 days 00:00:34.921962,494,1,122.3,155.3,0.15,COMPLETE
4783,4783,0.6875,2026-04-05 17:14:28.427111,2026-04-05 17:14:35.641259,0 days 00:00:07.214148,237,2,121.4,155.3,0.58,COMPLETE
4784,4784,0.6875,2026-04-05 17:14:35.657344,2026-04-05 17:14:42.790094,0 days 00:00:07.132750,341,1,115.0,154.5,0.16,COMPLETE
4785,4785,0.6875,2026-04-05 17:14:42.805570,2026-04-05 17:14:49.377209,0 days 00:00:06.571639,462,1,115.7,155.4,0.01,COMPLETE
4786,4786,0.6875,2026-04-05 17:14:49.392146,2026-04-05 17:14:56.447460,0 days 00:00:07.055314,346,2,116.1,151.7,0.48,COMPLETE
4787,4787,0.6875,2026-04-05 17:14:56.463380,2026-04-05 17:15:03.893400,0 days 00:00:07.430020,316,2,123.9,154.5,0.5,COMPLETE
4788,4788,0.6875,2026-04-05 17:15:03.908427,2026-04-05 17:15:11.015505,0 days 00:00:07.107078,333,2,117.7,154.8,0.36,COMPLETE
4789,4789,0.6875,2026-04-05 17:15:11.027149,2026-04-05 17:15:17.765353,0 days 00:00:06.738204,497,1,114.7,153.3,0.0,COMPLETE
4790,4790,0.825,2026-04-05 17:15:17.779998,2026-04-05 17:15:51.853623,0 days 00:00:34.073625,402,1,116.2,154.2,0.19,COMPLETE
4791,4791,0.6875,2026-04-05 17:15:51.868659,2026-04-05 17:15:58.424999,0 days 00:00:06.556340,369,1,116.2,153.6,0.04,COMPLETE
4792,4792,0.6875,2026-04-05 17:15:58.436874,2026-04-05 17:16:05.091089,0 days 00:00:06.654215,367,1,115.3,155.2,0.03,COMPLETE
4793,4793,0.6875,2026-04-05 17:16:05.107211,2026-04-05 17:16:11.770551,0 days 00:00:06.663340,405,1,117.4,155.0,0.0,COMPLETE
4794,4794,0.6875,2026-04-05 17:16:11.786548,2026-04-05 17:16:18.479776,0 days 00:00:06.693228,373,1,115.3,154.5,0.3,COMPLETE
4795,4795,0.6875,2026-04-05 17:16:18.495530,2026-04-05 17:16:25.644766,0 days 00:00:07.149236,407,1,121.6,154.0,0.5700000000000001,COMPLETE
4796,4796,0.6875,2026-04-05 17:16:25.660106,2026-04-05 17:16:32.762476,0 days 00:00:07.102370,428,1,117.0,157.4,0.02,COMPLETE
4797,4797,0.825,2026-04-05 17:16:32.777795,2026-04-05 17:17:06.620951,0 days 00:00:33.843156,391,2,117.8,156.6,0.25,COMPLETE
4798,4798,0.6875,2026-04-05 17:17:06.637000,2026-04-05 17:17:13.709921,0 days 00:00:07.072921,428,1,116.5,152.4,0.01,COMPLETE
4799,4799,0.6875,2026-04-05 17:17:13.725892,2026-04-05 17:17:20.462494,0 days 00:00:06.736602,460,1,113.5,151.3,0.01,COMPLETE
4800,4800,0.6875,2026-04-05 17:17:20.477273,2026-04-05 17:17:28.140336,0 days 00:00:07.663063,307,2,113.0,160.0,0.08,COMPLETE
4801,4801,0.6875,2026-04-05 17:17:28.156147,2026-04-05 17:17:35.229777,0 days 00:00:07.073630,390,1,116.4,155.3,0.5700000000000001,COMPLETE
4802,4802,0.825,2026-04-05 17:17:35.244541,2026-04-05 17:18:09.599779,0 days 00:00:34.355238,418,2,123.2,156.5,0.54,COMPLETE
4803,4803,0.825,2026-04-05 17:18:09.613323,2026-04-05 17:18:43.909884,0 days 00:00:34.296561,415,1,118.3,154.3,0.23,COMPLETE
4804,4804,0.6875,2026-04-05 17:18:43.924891,2026-04-05 17:18:50.887789,0 days 00:00:06.962898,412,1,115.6,154.5,0.03,COMPLETE
4805,4805,0.6875,2026-04-05 17:18:50.903278,2026-04-05 17:18:57.524433,0 days 00:00:06.621155,384,1,114.0,154.1,0.54,COMPLETE
4806,4806,0.6875,2026-04-05 17:18:57.539723,2026-04-05 17:19:04.066743,0 days 00:00:06.527020,422,1,114.5,153.2,0.32,COMPLETE
4807,4807,0.6875,2026-04-05 17:19:04.081940,2026-04-05 17:19:10.883550,0 days 00:00:06.801610,415,1,114.4,157.0,0.0,COMPLETE
4808,4808,0.6875,2026-04-05 17:19:10.897445,2026-04-05 17:19:17.633526,0 days 00:00:06.736081,422,2,117.2,155.6,0.01,COMPLETE
4809,4809,0.825,2026-04-05 17:19:17.648668,2026-04-05 17:19:52.001082,0 days 00:00:34.352414,435,2,122.8,154.8,0.22,COMPLETE
4810,4810,0.825,2026-04-05 17:19:52.016268,2026-04-05 17:20:26.316060,0 days 00:00:34.299792,252,2,119.7,156.9,0.01,COMPLETE
4811,4811,0.6875,2026-04-05 17:20:26.332012,2026-04-05 17:20:33.068360,0 days 00:00:06.736348,393,2,118.2,153.4,0.34,COMPLETE
4812,4812,0.6875,2026-04-05 17:20:33.081408,2026-04-05 17:20:39.829574,0 days 00:00:06.748166,311,1,116.8,154.3,0.37,COMPLETE
4813,4813,0.825,2026-04-05 17:20:39.844186,2026-04-05 17:21:13.916036,0 days 00:00:34.071850,335,1,118.2,156.2,0.55,COMPLETE
4814,4814,0.6875,2026-04-05 17:21:13.931711,2026-04-05 17:21:20.861848,0 days 00:00:06.930137,447,1,118.5,153.6,0.28,COMPLETE
4815,4815,0.825,2026-04-05 17:21:20.876872,2026-04-05 17:21:54.898581,0 days 00:00:34.021709,494,2,120.3,156.6,0.09,COMPLETE
4816,4816,0.6875,2026-04-05 17:21:54.914744,2026-04-05 17:22:02.162607,0 days 00:00:07.247863,382,1,116.8,154.5,0.32,COMPLETE
4817,4817,0.6875,2026-04-05 17:22:02.177866,2026-04-05 17:22:09.643917,0 days 00:00:07.466051,224,2,123.5,156.4,0.36,COMPLETE
4818,4818,0.6875,2026-04-05 17:22:09.659202,2026-04-05 17:22:16.489821,0 days 00:00:06.830619,448,2,120.2,154.4,0.32,COMPLETE
4819,4819,0.825,2026-04-05 17:22:16.505079,2026-04-05 17:22:50.687463,0 days 00:00:34.182384,492,2,123.5,156.7,0.73,COMPLETE
4820,4820,0.6875,2026-04-05 17:22:50.703171,2026-04-05 17:22:58.223268,0 days 00:00:07.520097,500,2,116.2,154.5,0.0,COMPLETE
4821,4821,0.6875,2026-04-05 17:22:58.475629,2026-04-05 17:23:06.113256,0 days 00:00:07.637627,481,1,126.4,154.3,0.22,COMPLETE
4822,4822,0.6875,2026-04-05 17:23:06.128717,2026-04-05 17:23:13.935662,0 days 00:00:07.806945,466,1,115.8,157.6,0.04,COMPLETE
4823,4823,0.6875,2026-04-05 17:23:13.951056,2026-04-05 17:23:20.895907,0 days 00:00:06.944851,336,1,115.4,154.6,0.02,COMPLETE
4824,4824,0.825,2026-04-05 17:23:20.911050,2026-04-05 17:23:55.202753,0 days 00:00:34.291703,436,2,119.1,156.6,0.01,COMPLETE
4825,4825,0.825,2026-04-05 17:23:55.229330,2026-04-05 17:24:29.505279,0 days 00:00:34.275949,368,1,118.9,154.5,0.02,COMPLETE
4826,4826,0.825,2026-04-05 17:24:29.520503,2026-04-05 17:24:36.677253,0 days 00:00:07.156750,383,1,116.6,155.1,0.01,COMPLETE
4827,4827,0.825,2026-04-05 17:24:36.692894,2026-04-05 17:25:10.702435,0 days 00:00:34.009541,452,2,119.6,154.0,0.02,COMPLETE
4828,4828,0.6875,2026-04-05 17:25:10.714708,2026-04-05 17:25:17.872017,0 days 00:00:07.157309,382,1,115.9,155.7,0.34,COMPLETE
4829,4829,0.6875,2026-04-05 17:25:17.888041,2026-04-05 17:25:24.641308,0 days 00:00:06.753267,426,1,115.3,152.9,0.37,COMPLETE
4830,4830,0.6875,2026-04-05 17:25:24.657016,2026-04-05 17:25:32.662441,0 days 00:00:08.005425,332,2,125.7,156.6,1.16,COMPLETE
4831,4831,0.825,2026-04-05 17:25:32.677912,2026-04-05 17:26:06.773261,0 days 00:00:34.095349,472,1,125.1,153.3,0.49,COMPLETE
4832,4832,0.6875,2026-04-05 17:26:06.789153,2026-04-05 17:26:14.109342,0 days 00:00:07.320189,256,2,123.4,154.8,0.38,COMPLETE
4833,4833,0.6875,2026-04-05 17:26:14.124582,2026-04-05 17:26:21.437096,0 days 00:00:07.312514,416,1,116.0,155.8,0.46,COMPLETE
4834,4834,0.825,2026-04-05 17:26:21.450783,2026-04-05 17:26:56.206675,0 days 00:00:34.755892,414,1,123.5,153.5,0.21,COMPLETE
4835,4835,0.6875,2026-04-05 17:26:56.221999,2026-04-05 17:27:03.466383,0 days 00:00:07.244384,438,1,116.2,151.8,0.41000000000000003,COMPLETE
4836,4836,0.6875,2026-04-05 17:27:03.481759,2026-04-05 17:27:10.124916,0 days 00:00:06.643157,450,1,116.8,154.4,0.24,COMPLETE
4837,4837,0.825,2026-04-05 17:27:10.137162,2026-04-05 17:27:44.056376,0 days 00:00:33.919214,396,1,118.2,156.7,0.0,COMPLETE
4838,4838,0.825,2026-04-05 17:27:44.072510,2026-04-05 17:28:18.098529,0 days 00:00:34.026019,414,1,121.2,156.5,0.6,COMPLETE
4839,4839,0.6875,2026-04-05 17:28:18.114727,2026-04-05 17:28:24.809580,0 days 00:00:06.694853,364,2,118.3,155.1,0.77,COMPLETE
4840,4840,0.6875,2026-04-05 17:28:24.824821,2026-04-05 17:28:31.404206,0 days 00:00:06.579385,394,1,116.2,155.1,0.0,COMPLETE
4841,4841,0.825,2026-04-05 17:28:31.419366,2026-04-05 17:29:05.200495,0 days 00:00:33.781129,434,1,116.7,154.7,0.0,COMPLETE
4842,4842,0.6875,2026-04-05 17:29:05.215966,2026-04-05 17:29:12.489395,0 days 00:00:07.273429,353,1,115.1,151.2,0.47000000000000003,COMPLETE
4843,4843,0.6875,2026-04-05 17:29:12.504718,2026-04-05 17:29:18.991415,0 days 00:00:06.486697,467,1,115.5,150.9,0.3,COMPLETE
4844,4844,0.825,2026-04-05 17:29:19.006940,2026-04-05 17:29:53.105148,0 days 00:00:34.098208,498,1,117.0,154.1,0.23,COMPLETE
4845,4845,0.6875,2026-04-05 17:29:53.120566,2026-04-05 17:30:00.146054,0 days 00:00:07.025488,365,1,117.7,155.4,0.38,COMPLETE
4846,4846,0.6875,2026-04-05 17:30:00.160443,2026-04-05 17:30:06.869798,0 days 00:00:06.709355,420,1,114.6,155.5,0.0,COMPLETE
4847,4847,0.6875,2026-04-05 17:30:06.885257,2026-04-05 17:30:13.381881,0 days 00:00:06.496624,428,1,114.5,155.2,0.0,COMPLETE
4848,4848,0.6875,2026-04-05 17:30:13.397307,2026-04-05 17:30:20.195145,0 days 00:00:06.797838,447,1,116.2,152.9,0.25,COMPLETE
4849,4849,0.6875,2026-04-05 17:30:20.211195,2026-04-05 17:30:27.218133,0 days 00:00:07.006938,416,1,121.3,153.7,0.01,COMPLETE
4850,4850,0.6875,2026-04-05 17:30:27.233999,2026-04-05 17:30:34.284202,0 days 00:00:07.050203,411,2,115.9,151.8,0.03,COMPLETE
4851,4851,0.825,2026-04-05 17:30:34.295740,2026-04-05 17:30:39.431867,0 days 00:00:05.136127,361,1,117.1,154.8,0.0,COMPLETE
4852,4852,0.6875,2026-04-05 17:30:39.447528,2026-04-05 17:30:46.010158,0 days 00:00:06.562630,400,2,117.2,155.1,0.29,COMPLETE
4853,4853,0.6875,2026-04-05 17:30:46.021921,2026-04-05 17:30:52.751991,0 days 00:00:06.730070,388,2,114.1,154.7,0.04,COMPLETE
4854,4854,0.6875,2026-04-05 17:30:52.766545,2026-04-05 17:31:00.309690,0 days 00:00:07.543145,407,1,123.1,154.1,0.64,COMPLETE
4855,4855,0.825,2026-04-05 17:31:00.326120,2026-04-05 17:31:34.737128,0 days 00:00:34.411008,419,1,117.6,153.0,0.0,COMPLETE
4856,4856,0.6875,2026-04-05 17:31:34.749640,2026-04-05 17:31:41.673302,0 days 00:00:06.923662,477,1,115.6,156.2,0.39,COMPLETE
4857,4857,0.6875,2026-04-05 17:31:41.688554,2026-04-05 17:31:48.334349,0 days 00:00:06.645795,497,1,114.3,157.3,0.01,COMPLETE
4858,4858,0.6875,2026-04-05 17:31:48.349707,2026-04-05 17:31:55.737472,0 days 00:00:07.387765,385,1,117.4,151.6,0.01,COMPLETE
4859,4859,0.6875,2026-04-05 17:31:55.752395,2026-04-05 17:32:02.607655,0 days 00:00:06.855260,407,1,113.9,153.4,0.04,COMPLETE
4860,4860,0.825,2026-04-05 17:32:02.623260,2026-04-05 17:32:37.433152,0 days 00:00:34.809892,412,1,123.1,155.1,0.39,COMPLETE
4861,4861,0.825,2026-04-05 17:32:37.449164,2026-04-05 17:33:11.475036,0 days 00:00:34.025872,377,1,119.5,156.0,0.5700000000000001,COMPLETE
4862,4862,0.825,2026-04-05 17:33:11.489881,2026-04-05 17:33:45.272581,0 days 00:00:33.782700,444,1,118.6,155.9,0.33,COMPLETE
4863,4863,0.6875,2026-04-05 17:33:45.284108,2026-04-05 17:33:52.114434,0 days 00:00:06.830326,441,1,116.1,155.5,0.27,COMPLETE
4864,4864,0.6875,2026-04-05 17:33:52.129532,2026-04-05 17:33:58.808369,0 days 00:00:06.678837,396,1,115.8,153.7,0.37,COMPLETE
4865,4865,0.6875,2026-04-05 17:33:58.821790,2026-04-05 17:34:05.369302,0 days 00:00:06.547512,383,1,116.7,154.4,0.25,COMPLETE
4866,4866,0.6875,2026-04-05 17:34:05.384363,2026-04-05 17:34:12.150251,0 days 00:00:06.765888,412,1,117.6,157.1,0.42,COMPLETE
4867,4867,0.825,2026-04-05 17:34:12.165301,2026-04-05 17:34:46.458368,0 days 00:00:34.293067,342,1,119.3,155.3,0.3,COMPLETE
4868,4868,0.825,2026-04-05 17:34:46.469481,2026-04-05 17:35:20.510520,0 days 00:00:34.041039,414,1,118.5,152.8,0.3,COMPLETE
4869,4869,0.825,2026-04-05 17:35:20.525572,2026-04-05 17:35:54.791734,0 days 00:00:34.266162,465,2,123.4,154.3,0.29,COMPLETE
4870,4870,0.6875,2026-04-05 17:35:54.807017,2026-04-05 17:36:01.804471,0 days 00:00:06.997454,414,3,127.0,152.2,1.85,COMPLETE
4871,4871,0.6875,2026-04-05 17:36:01.819156,2026-04-05 17:36:09.570982,0 days 00:00:07.751826,385,1,114.4,151.8,0.26,COMPLETE
4872,4872,0.6875,2026-04-05 17:36:09.583844,2026-04-05 17:36:16.516670,0 days 00:00:06.932826,363,2,117.6,153.5,0.0,COMPLETE
4873,4873,0.6875,2026-04-05 17:36:16.531657,2026-04-05 17:36:23.262562,0 days 00:00:06.730905,388,2,115.0,153.4,0.32,COMPLETE
4874,4874,0.6875,2026-04-05 17:36:23.278351,2026-04-05 17:36:30.064926,0 days 00:00:06.786575,395,1,117.6,152.9,0.01,COMPLETE
4875,4875,0.671875,2026-04-05 17:36:30.079819,2026-04-05 17:36:36.628098,0 days 00:00:06.548279,468,2,117.5,152.0,0.0,COMPLETE
4876,4876,0.6875,2026-04-05 17:36:36.643403,2026-04-05 17:36:43.311407,0 days 00:00:06.668004,443,1,116.6,153.7,0.58,COMPLETE
4877,4877,0.6875,2026-04-05 17:36:43.326733,2026-04-05 17:36:49.880611,0 days 00:00:06.553878,403,1,117.6,153.5,0.0,COMPLETE
4878,4878,0.825,2026-04-05 17:36:49.896592,2026-04-05 17:36:57.031631,0 days 00:00:07.135039,401,1,115.5,153.6,0.01,COMPLETE
4879,4879,0.6875,2026-04-05 17:36:57.046570,2026-04-05 17:37:04.186500,0 days 00:00:07.139930,383,1,120.2,154.3,0.31,COMPLETE
4880,4880,0.6875,2026-04-05 17:37:04.202719,2026-04-05 17:37:11.457875,0 days 00:00:07.255156,303,1,115.1,155.7,0.6,COMPLETE
4881,4881,0.6875,2026-04-05 17:37:11.473246,2026-04-05 17:37:18.786555,0 days 00:00:07.313309,462,1,116.6,148.2,0.11,COMPLETE
4882,4882,0.6875,2026-04-05 17:37:18.801962,2026-04-05 17:37:26.397584,0 days 00:00:07.595622,352,1,114.7,155.6,0.25,COMPLETE
4883,4883,0.825,2026-04-05 17:37:26.413426,2026-04-05 17:38:00.513447,0 days 00:00:34.100021,478,1,118.8,154.6,0.28,COMPLETE
4884,4884,0.6875,2026-04-05 17:38:00.528981,2026-04-05 17:38:07.406537,0 days 00:00:06.877556,498,1,115.8,156.4,0.24,COMPLETE
4885,4885,0.6875,2026-04-05 17:38:07.421581,2026-04-05 17:38:13.979458,0 days 00:00:06.557877,453,1,114.5,156.0,0.34,COMPLETE
4886,4886,0.6875,2026-04-05 17:38:13.994959,2026-04-05 17:38:21.360771,0 days 00:00:07.365812,335,1,118.3,151.6,0.29,COMPLETE
4887,4887,0.6875,2026-04-05 17:38:21.375954,2026-04-05 17:38:28.721569,0 days 00:00:07.345615,424,3,122.2,158.3,1.92,COMPLETE
4888,4888,0.6875,2026-04-05 17:38:28.737492,2026-04-05 17:38:35.937410,0 days 00:00:07.199918,457,2,116.3,156.2,0.27,COMPLETE
4889,4889,0.6875,2026-04-05 17:38:35.952912,2026-04-05 17:38:43.115267,0 days 00:00:07.162355,479,1,119.7,150.7,0.03,COMPLETE
4890,4890,0.6875,2026-04-05 17:38:43.130703,2026-04-05 17:38:50.170966,0 days 00:00:07.040263,333,1,118.1,153.1,0.63,COMPLETE
4891,4891,0.6875,2026-04-05 17:38:50.185863,2026-04-05 17:38:57.485261,0 days 00:00:07.299398,174,1,115.7,151.9,0.11,COMPLETE
4892,4892,0.6875,2026-04-05 17:38:57.500598,2026-04-05 17:39:04.014091,0 days 00:00:06.513493,397,1,115.4,152.6,0.0,COMPLETE
4893,4893,0.6875,2026-04-05 17:39:04.029532,2026-04-05 17:39:10.709660,0 days 00:00:06.680128,355,3,115.3,154.4,0.61,COMPLETE
4894,4894,0.6875,2026-04-05 17:39:10.722348,2026-04-05 17:39:18.449852,0 days 00:00:07.727504,245,2,124.0,151.4,0.63,COMPLETE
4895,4895,0.6875,2026-04-05 17:39:18.465952,2026-04-05 17:39:26.119107,0 days 00:00:07.653155,314,1,114.1,151.7,0.03,COMPLETE
4896,4896,0.6875,2026-04-05 17:39:26.134554,2026-04-05 17:39:32.889997,0 days 00:00:06.755443,451,1,115.7,153.6,0.32,COMPLETE
4897,4897,0.6875,2026-04-05 17:39:32.905641,2026-04-05 17:39:40.085435,0 days 00:00:07.179794,497,2,122.2,155.2,0.62,COMPLETE
4898,4898,0.6875,2026-04-05 17:39:40.100628,2026-04-05 17:39:47.697531,0 days 00:00:07.596903,333,2,115.5,151.3,0.03,COMPLETE
4899,4899,0.825,2026-04-05 17:39:47.712621,2026-04-05 17:40:01.431420,0 days 00:00:13.718799,428,1,116.6,156.4,0.01,COMPLETE
4900,4900,0.825,2026-04-05 17:40:01.446826,2026-04-05 17:40:08.502487,0 days 00:00:07.055661,470,1,115.6,155.2,0.0,COMPLETE
4901,4901,0.6875,2026-04-05 17:40:08.517936,2026-04-05 17:40:15.186579,0 days 00:00:06.668643,414,2,116.8,153.2,0.01,COMPLETE
4902,4902,0.6875,2026-04-05 17:40:15.202289,2026-04-05 17:40:22.538502,0 days 00:00:07.336213,218,2,122.0,152.2,0.38,COMPLETE
4903,4903,0.6875,2026-04-05 17:40:22.550664,2026-04-05 17:40:29.969570,0 days 00:00:07.418906,323,3,115.3,159.2,0.13,COMPLETE
4904,4904,0.825,2026-04-05 17:40:29.985100,2026-04-05 17:41:04.043912,0 days 00:00:34.058812,379,3,118.5,157.3,0.12,COMPLETE
4905,4905,0.6875,2026-04-05 17:41:04.058904,2026-04-05 17:41:11.054948,0 days 00:00:06.996044,427,1,114.9,155.0,0.28,COMPLETE
4906,4906,0.6875,2026-04-05 17:41:11.067558,2026-04-05 17:41:18.100694,0 days 00:00:07.033136,430,3,120.0,157.0,1.25,COMPLETE
4907,4907,0.825,2026-04-05 17:41:18.116045,2026-04-05 17:41:52.202082,0 days 00:00:34.086037,491,2,122.2,155.3,0.29,COMPLETE
4908,4908,0.6875,2026-04-05 17:41:52.219702,2026-04-05 17:41:59.968170,0 days 00:00:07.748468,368,1,115.4,159.8,0.03,COMPLETE
4909,4909,0.671875,2026-04-05 17:41:59.983691,2026-04-05 17:42:07.410686,0 days 00:00:07.426995,495,2,121.7,154.2,0.28,COMPLETE
4910,4910,0.6875,2026-04-05 17:42:07.425994,2026-04-05 17:42:14.803832,0 days 00:00:07.377838,385,1,115.9,152.6,0.0,COMPLETE
4911,4911,0.6875,2026-04-05 17:42:14.819502,2026-04-05 17:42:21.552811,0 days 00:00:06.733309,486,3,113.2,152.4,1.33,COMPLETE
4912,4912,0.6875,2026-04-05 17:42:21.568656,2026-04-05 17:42:29.687069,0 days 00:00:08.118413,238,3,121.7,159.8,0.09,COMPLETE
4913,4913,0.6875,2026-04-05 17:42:29.702108,2026-04-05 17:42:37.109348,0 days 00:00:07.407240,426,1,113.1,156.0,0.4,COMPLETE
4914,4914,0.6875,2026-04-05 17:42:37.124883,2026-04-05 17:42:43.992685,0 days 00:00:06.867802,459,1,117.4,153.4,0.24,COMPLETE
4915,4915,0.825,2026-04-05 17:42:44.009370,2026-04-05 17:43:18.195821,0 days 00:00:34.186451,422,1,119.0,156.6,0.25,COMPLETE
4916,4916,0.825,2026-04-05 17:43:18.211082,2026-04-05 17:43:52.239755,0 days 00:00:34.028673,409,1,116.9,154.3,0.01,COMPLETE
4917,4917,0.6875,2026-04-05 17:43:52.255368,2026-04-05 17:43:59.084986,0 days 00:00:06.829618,411,1,115.1,153.3,0.0,COMPLETE
4918,4918,0.6875,2026-04-05 17:43:59.096553,2026-04-05 17:44:06.384873,0 days 00:00:07.288320,342,1,118.0,157.8,0.34,COMPLETE
4919,4919,0.825,2026-04-05 17:44:06.400996,2026-04-05 17:44:40.631937,0 days 00:00:34.230941,386,1,120.0,153.3,0.0,COMPLETE
4920,4920,0.6875,2026-04-05 17:44:40.646952,2026-04-05 17:44:47.729569,0 days 00:00:07.082617,361,1,115.3,155.1,0.22,COMPLETE
4921,4921,0.6875,2026-04-05 17:44:47.742551,2026-04-05 17:44:54.280509,0 days 00:00:06.537958,422,1,114.8,155.8,0.23,COMPLETE
4922,4922,0.6875,2026-04-05 17:44:54.295396,2026-04-05 17:45:00.838023,0 days 00:00:06.542627,482,3,115.6,155.1,0.49,COMPLETE
4923,4923,0.6875,2026-04-05 17:45:00.853629,2026-04-05 17:45:07.764464,0 days 00:00:06.910835,378,1,113.6,154.9,0.03,COMPLETE
4924,4924,0.6875,2026-04-05 17:45:07.779307,2026-04-05 17:45:14.692833,0 days 00:00:06.913526,431,1,118.0,153.7,0.58,COMPLETE
4925,4925,0.825,2026-04-05 17:45:14.708012,2026-04-05 17:45:22.130356,0 days 00:00:07.422344,356,1,115.5,154.6,0.0,COMPLETE
4926,4926,0.825,2026-04-05 17:45:22.141866,2026-04-05 17:45:56.143785,0 days 00:00:34.001919,345,1,118.8,152.9,0.01,COMPLETE
4927,4927,0.6875,2026-04-05 17:45:56.159885,2026-04-05 17:46:03.122595,0 days 00:00:06.962710,440,1,114.9,153.4,0.21,COMPLETE
4928,4928,0.825,2026-04-05 17:46:03.138242,2026-04-05 17:46:37.367345,0 days 00:00:34.229103,468,1,118.5,156.4,0.23,COMPLETE
4929,4929,0.6875,2026-04-05 17:46:37.382746,2026-04-05 17:46:44.444219,0 days 00:00:07.061473,377,1,117.0,155.6,0.29,COMPLETE
4930,4930,0.6875,2026-04-05 17:46:44.460251,2026-04-05 17:46:51.091422,0 days 00:00:06.631171,392,1,117.1,153.8,0.48,COMPLETE
4931,4931,0.6875,2026-04-05 17:46:51.107108,2026-04-05 17:46:57.691995,0 days 00:00:06.584887,422,1,117.6,155.0,0.01,COMPLETE
4932,4932,0.825,2026-04-05 17:46:57.706421,2026-04-05 17:47:31.892191,0 days 00:00:34.185770,327,1,118.2,156.0,0.18,COMPLETE
4933,4933,0.6875,2026-04-05 17:47:31.907121,2026-04-05 17:47:38.932077,0 days 00:00:07.024956,489,2,118.6,158.9,0.54,COMPLETE
4934,4934,0.6875,2026-04-05 17:47:38.947891,2026-04-05 17:47:46.446749,0 days 00:00:07.498858,413,1,113.0,154.3,0.36,COMPLETE
4935,4935,0.825,2026-04-05 17:47:46.458753,2026-04-05 17:48:21.293083,0 days 00:00:34.834330,427,1,121.7,156.7,0.32,COMPLETE
4936,4936,0.0,2026-04-05 17:48:21.309545,2026-04-05 17:48:41.508086,0 days 00:00:20.198541,445,1,115.3,154.0,0.02,COMPLETE
4937,4937,0.6875,2026-04-05 17:48:41.524080,2026-04-05 17:48:48.110400,0 days 00:00:06.586320,463,1,114.2,152.2,0.14,COMPLETE
4938,4938,0.6875,2026-04-05 17:48:48.125853,2026-04-05 17:48:54.672413,0 days 00:00:06.546560,436,1,116.1,152.9,0.01,COMPLETE
4939,4939,0.6875,2026-04-05 17:48:54.688515,2026-04-05 17:49:01.155991,0 days 00:00:06.467476,470,1,116.1,154.3,0.23,COMPLETE
4940,4940,0.825,2026-04-05 17:49:01.171238,2026-04-05 17:49:08.161836,0 days 00:00:06.990598,465,1,115.3,153.3,0.07,COMPLETE
4941,4941,0.6875,2026-04-05 17:49:08.177388,2026-04-05 17:49:14.944445,0 days 00:00:06.767057,500,1,116.5,151.7,0.01,COMPLETE
4942,4942,0.6875,2026-04-05 17:49:14.959594,2026-04-05 17:49:21.654378,0 days 00:00:06.694784,463,1,116.7,153.7,0.09,COMPLETE
4943,4943,0.6875,2026-04-05 17:49:21.667583,2026-04-05 17:49:29.659401,0 days 00:00:07.991818,376,2,126.7,149.7,1.77,COMPLETE
4944,4944,0.6875,2026-04-05 17:49:29.674693,2026-04-05 17:49:37.648710,0 days 00:00:07.974017,447,1,114.5,151.8,0.18,COMPLETE
4945,4945,0.6875,2026-04-05 17:49:37.663868,2026-04-05 17:49:44.223444,0 days 00:00:06.559576,443,1,113.3,152.2,0.07,COMPLETE
4946,4946,0.6875,2026-04-05 17:49:44.239001,2026-04-05 17:49:51.245481,0 days 00:00:07.006480,485,1,116.3,156.3,0.12,COMPLETE
4947,4947,0.6875,2026-04-05 17:49:51.261748,2026-04-05 17:49:57.902553,0 days 00:00:06.640805,424,3,115.3,155.4,1.11,COMPLETE
4948,4948,0.6875,2026-04-05 17:49:57.917277,2026-04-05 17:50:04.624268,0 days 00:00:06.706991,487,1,114.5,152.6,0.28,COMPLETE
4949,4949,0.6875,2026-04-05 17:50:04.641132,2026-04-05 17:50:11.389290,0 days 00:00:06.748158,484,1,115.5,155.0,0.21,COMPLETE
4950,4950,0.6875,2026-04-05 17:50:11.402394,2026-04-05 17:50:18.364011,0 days 00:00:06.961617,400,2,114.0,156.7,0.0,COMPLETE
4951,4951,0.6875,2026-04-05 17:50:18.378758,2026-04-05 17:50:25.258705,0 days 00:00:06.879947,498,1,114.7,152.6,0.04,COMPLETE
4952,4952,0.825,2026-04-05 17:50:25.273838,2026-04-05 17:50:59.526517,0 days 00:00:34.252679,393,2,117.0,153.7,0.01,COMPLETE
4953,4953,0.825,2026-04-05 17:50:59.538759,2026-04-05 17:51:33.299656,0 days 00:00:33.760897,487,1,116.3,154.1,0.02,COMPLETE
4954,4954,0.6875,2026-04-05 17:51:33.314796,2026-04-05 17:51:40.936764,0 days 00:00:07.621968,495,2,127.0,156.3,0.14,COMPLETE
4955,4955,0.6875,2026-04-05 17:51:40.952146,2026-04-05 17:51:48.755994,0 days 00:00:07.803848,454,1,114.4,154.1,0.24,COMPLETE
4956,4956,0.6875,2026-04-05 17:51:48.771252,2026-04-05 17:51:55.254576,0 days 00:00:06.483324,444,1,114.7,153.0,0.04,COMPLETE
4957,4957,0.6875,2026-04-05 17:51:55.271014,2026-04-05 17:52:01.923405,0 days 00:00:06.652391,459,2,114.3,156.5,0.02,COMPLETE
4958,4958,0.6875,2026-04-05 17:52:01.939275,2026-04-05 17:52:08.790288,0 days 00:00:06.851013,434,3,118.8,154.3,1.72,COMPLETE
4959,4959,0.6875,2026-04-05 17:52:08.806551,2026-04-05 17:52:15.571990,0 days 00:00:06.765439,441,1,114.8,154.7,0.04,COMPLETE
4960,4960,0.6875,2026-04-05 17:52:15.587445,2026-04-05 17:52:21.988011,0 days 00:00:06.400566,434,1,114.4,155.1,0.21,COMPLETE
4961,4961,0.6875,2026-04-05 17:52:22.002185,2026-04-05 17:52:28.627676,0 days 00:00:06.625491,448,1,116.9,154.6,0.02,COMPLETE
4962,4962,0.6875,2026-04-05 17:52:28.643581,2026-04-05 17:52:36.855589,0 days 00:00:08.212008,169,2,125.8,149.6,1.84,COMPLETE
4963,4963,0.6875,2026-04-05 17:52:36.870867,2026-04-05 17:52:43.912719,0 days 00:00:07.041852,449,2,124.9,156.1,0.79,COMPLETE
4964,4964,0.6875,2026-04-05 17:52:43.928568,2026-04-05 17:52:51.488858,0 days 00:00:07.560290,434,1,114.2,154.6,0.11,COMPLETE
4965,4965,0.6875,2026-04-05 17:52:51.504826,2026-04-05 17:52:58.042012,0 days 00:00:06.537186,464,1,115.7,153.4,0.0,COMPLETE
4966,4966,0.6875,2026-04-05 17:52:58.054582,2026-04-05 17:53:04.488056,0 days 00:00:06.433474,457,1,115.7,154.2,0.29,COMPLETE
4967,4967,0.6875,2026-04-05 17:53:04.503391,2026-04-05 17:53:11.033561,0 days 00:00:06.530170,458,1,117.1,153.1,0.21,COMPLETE
4968,4968,0.6875,2026-04-05 17:53:11.047679,2026-04-05 17:53:17.743806,0 days 00:00:06.696127,477,1,114.3,154.1,0.44,COMPLETE
4969,4969,0.6875,2026-04-05 17:53:17.759245,2026-04-05 17:53:24.455375,0 days 00:00:06.696130,396,1,113.5,153.0,0.2,COMPLETE
4970,4970,0.6875,2026-04-05 17:53:24.473093,2026-04-05 17:53:31.319514,0 days 00:00:06.846421,453,1,118.4,151.8,0.03,COMPLETE
4971,4971,0.825,2026-04-05 17:53:31.334823,2026-04-05 17:54:05.384170,0 days 00:00:34.049347,489,1,116.6,152.8,0.4,COMPLETE
4972,4972,0.6875,2026-04-05 17:54:05.400117,2026-04-05 17:54:12.336292,0 days 00:00:06.936175,429,1,114.5,153.7,0.03,COMPLETE
4973,4973,0.6875,2026-04-05 17:54:12.351901,2026-04-05 17:54:19.069398,0 days 00:00:06.717497,471,1,113.9,155.8,0.0,COMPLETE
4974,4974,0.671875,2026-04-05 17:54:19.085350,2026-04-05 17:54:25.797700,0 days 00:00:06.712350,429,1,116.1,155.9,0.2,COMPLETE
4975,4975,0.6875,2026-04-05 17:54:25.813021,2026-04-05 17:54:32.804319,0 days 00:00:06.991298,300,1,116.9,153.6,0.0,COMPLETE
4976,4976,0.6875,2026-04-05 17:54:32.820380,2026-04-05 17:54:39.287906,0 days 00:00:06.467526,454,1,116.5,153.5,0.01,COMPLETE
4977,4977,0.825,2026-04-05 17:54:39.303572,2026-04-05 17:55:13.224973,0 days 00:00:33.921401,459,1,116.8,155.1,0.02,COMPLETE
4978,4978,0.6875,2026-04-05 17:55:13.243217,2026-04-05 17:55:20.175844,0 days 00:00:06.932627,404,1,114.5,154.1,0.0,COMPLETE
4979,4979,0.6875,2026-04-05 17:55:20.190591,2026-04-05 17:55:26.710637,0 days 00:00:06.520046,463,1,114.5,153.2,0.02,COMPLETE
4980,4980,0.6875,2026-04-05 17:55:26.731124,2026-04-05 17:55:34.096640,0 days 00:00:07.365516,381,1,117.1,159.1,0.0,COMPLETE
4981,4981,0.825,2026-04-05 17:55:34.111392,2026-04-05 17:56:08.256924,0 days 00:00:34.145532,494,1,119.5,154.6,0.66,COMPLETE
4982,4982,0.6875,2026-04-05 17:56:08.340522,2026-04-05 17:56:15.338146,0 days 00:00:06.997624,490,1,116.9,155.0,0.29,COMPLETE
4983,4983,0.825,2026-04-05 17:56:15.422135,2026-04-05 17:56:49.533800,0 days 00:00:34.111665,435,2,120.3,155.1,0.35000000000000003,COMPLETE
4984,4984,0.6875,2026-04-05 17:56:49.616532,2026-04-05 17:56:56.833722,0 days 00:00:07.217190,425,1,117.0,151.4,0.24,COMPLETE
4985,4985,0.671875,2026-04-05 17:56:56.927395,2026-04-05 17:57:03.969641,0 days 00:00:07.042246,432,1,115.3,154.6,0.23,COMPLETE
4986,4986,0.6875,2026-04-05 17:57:04.121504,2026-04-05 17:57:11.169490,0 days 00:00:07.047986,420,1,116.4,157.8,0.19,COMPLETE
4987,4987,0.6875,2026-04-05 17:57:11.290835,2026-04-05 17:57:18.326547,0 days 00:00:07.035712,363,1,114.3,156.9,0.05,COMPLETE
4988,4988,0.6875,2026-04-05 17:57:18.445568,2026-04-05 17:57:25.672689,0 days 00:00:07.227121,428,2,115.4,152.6,0.03,COMPLETE
4989,4989,0.6875,2026-04-05 17:57:25.860083,2026-04-05 17:57:34.240568,0 days 00:00:08.380485,288,3,122.8,148.4,1.49,COMPLETE
4990,4990,0.825,2026-04-05 17:57:34.377000,2026-04-05 17:57:42.292948,0 days 00:00:07.915948,461,1,122.1,153.9,0.38,COMPLETE
4991,4991,0.6875,2026-04-05 17:57:42.434581,2026-04-05 17:57:50.005737,0 days 00:00:07.571156,465,1,115.0,156.7,0.0,COMPLETE
4992,4992,0.6875,2026-04-05 17:57:50.158336,2026-04-05 17:57:57.142624,0 days 00:00:06.984288,413,2,114.9,154.5,0.03,COMPLETE
4993,4993,0.825,2026-04-05 17:57:57.300861,2026-04-05 17:58:31.803794,0 days 00:00:34.502933,490,1,116.7,155.0,0.0,COMPLETE
4994,4994,0.6875,2026-04-05 17:58:32.096324,2026-04-05 17:58:39.570506,0 days 00:00:07.474182,369,1,114.5,153.8,0.03,COMPLETE
4995,4995,0.6875,2026-04-05 17:58:39.841038,2026-04-05 17:58:47.127275,0 days 00:00:07.286237,435,2,114.6,155.7,0.0,COMPLETE
4996,4996,0.825,2026-04-05 17:58:47.373278,2026-04-05 17:59:21.965442,0 days 00:00:34.592164,486,2,117.3,156.1,0.04,COMPLETE
4997,4997,0.6875,2026-04-05 17:59:22.305623,2026-04-05 17:59:30.108277,0 days 00:00:07.802654,421,1,114.1,154.2,0.03,COMPLETE
4998,4998,0.6875,2026-04-05 17:59:30.420579,2026-04-05 17:59:37.979042,0 days 00:00:07.558463,494,2,116.2,152.7,0.01,COMPLETE
4999,4999,0.6875,2026-04-05 17:59:38.396507,2026-04-05 17:59:45.963149,0 days 00:00:07.566642,455,1,115.3,154.9,0.37,COMPLETE
5000,5000,0.6875,2026-04-05 17:59:46.340791,2026-04-05 17:59:53.801324,0 days 00:00:07.460533,454,1,114.8,153.8,0.02,COMPLETE
5001,5001,0.6875,2026-04-05 17:59:54.191623,2026-04-05 18:00:03.338899,0 days 00:00:09.147276,413,1,115.6,151.6,0.01,COMPLETE
5002,5002,0.6875,2026-04-05 18:00:03.648614,2026-04-05 18:00:11.290134,0 days 00:00:07.641520,308,3,113.3,151.2,0.9400000000000001,COMPLETE
5003,5003,0.6875,2026-04-05 18:00:11.593001,2026-04-05 18:00:20.871850,0 days 00:00:09.278849,449,1,117.0,156.3,0.26,COMPLETE
5004,5004,0.6875,2026-04-05 18:00:21.147898,2026-04-05 18:00:29.694596,0 days 00:00:08.546698,450,1,113.3,154.4,0.22,COMPLETE
5005,5005,0.6875,2026-04-05 18:00:30.202091,2026-04-05 18:00:37.494111,0 days 00:00:07.292020,392,1,113.3,156.1,0.02,COMPLETE
5006,5006,0.6875,2026-04-05 18:00:37.898427,2026-04-05 18:00:45.746556,0 days 00:00:07.848129,427,1,114.5,155.4,0.02,COMPLETE
5007,5007,0.6875,2026-04-05 18:00:46.159166,2026-04-05 18:00:54.037971,0 days 00:00:07.878805,442,1,115.5,158.7,0.0,COMPLETE
5008,5008,0.825,2026-04-05 18:00:54.592944,2026-04-05 18:01:31.177963,0 days 00:00:36.585019,447,2,124.0,155.3,0.35000000000000003,COMPLETE
5009,5009,0.825,2026-04-05 18:01:31.764377,2026-04-05 18:02:07.738477,0 days 00:00:35.974100,452,2,121.4,155.7,0.4,COMPLETE
5010,5010,0.6875,2026-04-05 18:02:08.261751,2026-04-05 18:02:17.925254,0 days 00:00:09.663503,453,1,113.0,153.9,0.0,COMPLETE
5011,5011,0.6875,2026-04-05 18:02:18.567737,2026-04-05 18:02:29.835090,0 days 00:00:11.267353,331,1,115.5,153.1,0.0,COMPLETE
5012,5012,0.825,2026-04-05 18:02:30.462370,2026-04-05 18:02:37.965073,0 days 00:00:07.502703,429,1,118.0,153.0,0.0,COMPLETE
5013,5013,0.6875,2026-04-05 18:02:38.644483,2026-04-05 18:02:49.417501,0 days 00:00:10.773018,394,1,117.0,152.9,0.31,COMPLETE
5014,5014,0.6875,2026-04-05 18:02:50.259368,2026-04-05 18:02:59.691659,0 days 00:00:09.432291,432,1,117.3,153.6,0.25,COMPLETE
5015,5015,0.6875,2026-04-05 18:03:00.489648,2026-04-05 18:03:10.271387,0 days 00:00:09.781739,377,1,114.6,153.0,0.28,COMPLETE
5016,5016,0.6875,2026-04-05 18:03:11.291947,2026-04-05 18:03:22.563744,0 days 00:00:11.271797,185,2,126.1,155.5,0.18,COMPLETE
5017,5017,0.6875,2026-04-05 18:03:23.500561,2026-04-05 18:03:34.552581,0 days 00:00:11.052020,343,2,115.4,154.5,0.33,COMPLETE
5018,5018,0.671875,2026-04-05 18:03:35.244897,2026-04-05 18:03:47.702913,0 days 00:00:12.458016,440,1,116.9,155.1,0.22,COMPLETE
5019,5019,0.6875,2026-04-05 18:03:48.226239,2026-04-05 18:03:58.508888,0 days 00:00:10.282649,385,1,115.4,156.1,0.02,COMPLETE
5020,5020,0.6875,2026-04-05 18:03:59.255407,2026-04-05 18:04:13.453941,0 days 00:00:14.198534,351,1,114.0,155.7,0.0,COMPLETE
5021,5021,0.6875,2026-04-05 18:04:14.633013,2026-04-05 18:04:26.407190,0 days 00:00:11.774177,495,2,113.8,153.9,0.04,COMPLETE
5022,5022,0.825,2026-04-05 18:04:27.082955,2026-04-05 18:05:07.563064,0 days 00:00:40.480109,500,2,124.9,153.7,0.46,COMPLETE
5023,5023,0.825,2026-04-05 18:05:09.977868,2026-04-05 18:06:05.062996,0 days 00:00:55.085128,425,1,118.0,156.4,0.23,COMPLETE
5024,5024,0.825,2026-04-05 18:06:07.334337,2026-04-05 18:06:48.515503,0 days 00:00:41.181166,456,1,116.2,154.1,0.27,COMPLETE
5025,5025,0.6875,2026-04-05 18:06:49.656280,2026-04-05 18:07:02.765852,0 days 00:00:13.109572,388,2,126.4,159.3,1.6,COMPLETE
5026,5026,0.825,2026-04-05 18:07:03.785600,2026-04-05 18:08:06.091557,0 days 00:01:02.305957,432,2,123.9,153.5,0.03,COMPLETE
5027,5027,0.6875,2026-04-05 18:08:06.908033,2026-04-05 18:08:20.264138,0 days 00:00:13.356105,159,1,114.2,153.6,0.91,COMPLETE
5028,5028,0.825,2026-04-05 18:08:22.899492,2026-04-05 18:09:04.133223,0 days 00:00:41.233731,485,1,118.7,157.2,0.13,COMPLETE
5029,5029,0.6875,2026-04-05 18:09:05.346215,2026-04-05 18:09:17.247161,0 days 00:00:11.900946,404,1,115.6,154.6,0.17,COMPLETE
5030,5030,0.6875,2026-04-05 18:09:18.349282,2026-04-05 18:09:30.389685,0 days 00:00:12.040403,406,1,117.2,154.5,0.05,COMPLETE
5031,5031,0.6875,2026-04-05 18:09:31.336362,2026-04-05 18:09:41.406281,0 days 00:00:10.069919,422,1,115.9,155.6,0.02,COMPLETE
5032,5032,0.6875,2026-04-05 18:09:42.453726,2026-04-05 18:09:53.176493,0 days 00:00:10.722767,437,2,115.8,155.0,0.0,COMPLETE
5033,5033,0.671875,2026-04-05 18:09:54.032465,2026-04-05 18:10:05.935543,0 days 00:00:11.903078,492,1,115.4,156.2,0.0,COMPLETE
5034,5034,0.825,2026-04-05 18:10:06.969018,2026-04-05 18:10:46.718442,0 days 00:00:39.749424,366,1,116.7,154.0,0.03,COMPLETE
5035,5035,0.6875,2026-04-05 18:10:49.163384,2026-04-05 18:11:02.515508,0 days 00:00:13.352124,476,1,115.1,154.1,0.27,COMPLETE
5036,5036,0.6875,2026-04-05 18:11:03.793717,2026-04-05 18:11:18.582318,0 days 00:00:14.788601,458,1,115.6,155.4,0.55,COMPLETE
5037,5037,0.825,2026-04-05 18:11:19.560445,2026-04-05 18:11:59.165308,0 days 00:00:39.604863,492,1,119.1,154.8,0.06,COMPLETE
5038,5038,0.825,2026-04-05 18:12:00.568219,2026-04-05 18:12:45.644341,0 days 00:00:45.076122,399,1,121.5,155.8,0.42,COMPLETE
5039,5039,0.6875,2026-04-05 18:12:48.753629,2026-04-05 18:13:10.810403,0 days 00:00:22.056774,464,2,114.9,156.5,0.43,COMPLETE
5040,5040,0.6875,2026-04-05 18:13:11.936254,2026-04-05 18:13:25.031204,0 days 00:00:13.094950,398,3,126.3,157.5,0.9,COMPLETE
5041,5041,0.6875,2026-04-05 18:13:25.739721,2026-04-05 18:13:39.644970,0 days 00:00:13.905249,487,1,114.8,158.5,0.51,COMPLETE
5042,5042,0.825,2026-04-05 18:13:41.003271,2026-04-05 18:14:25.325882,0 days 00:00:44.322611,384,1,120.1,155.0,0.22,COMPLETE
5043,5043,0.6875,2026-04-05 18:14:26.836289,2026-04-05 18:14:43.475002,0 days 00:00:16.638713,365,1,113.1,153.5,0.0,COMPLETE
5044,5044,0.671875,2026-04-05 18:14:45.768303,2026-04-05 18:15:02.669427,0 days 00:00:16.901124,438,1,116.5,155.7,0.25,COMPLETE
5045,5045,0.825,2026-04-05 18:15:03.929321,2026-04-05 18:15:23.190531,0 days 00:00:19.261210,276,2,124.9,154.0,0.37,COMPLETE
5046,5046,0.825,2026-04-05 18:15:24.490597,2026-04-05 18:16:09.089326,0 days 00:00:44.598729,475,1,118.1,152.8,0.04,COMPLETE
5047,5047,0.6875,2026-04-05 18:16:10.298542,2026-04-05 18:16:26.272071,0 days 00:00:15.973529,440,1,115.4,156.6,0.4,COMPLETE
5048,5048,0.825,2026-04-05 18:16:27.347282,2026-04-05 18:17:08.276208,0 days 00:00:40.928926,446,2,118.1,154.8,0.02,COMPLETE
5049,5049,0.6875,2026-04-05 18:17:09.788793,2026-04-05 18:17:32.254294,0 days 00:00:22.465501,476,1,118.3,157.8,0.34,COMPLETE
5050,5050,0.6875,2026-04-05 18:17:34.006601,2026-04-05 18:18:34.790656,0 days 00:01:00.784055,494,2,120.3,154.0,0.42,COMPLETE
5051,5051,0.825,2026-04-05 18:18:36.252819,2026-04-05 18:20:19.663263,0 days 00:01:43.410444,403,1,116.0,155.6,0.0,COMPLETE
5053,5053,0.825,2026-04-05 18:23:22.747919,2026-04-05 18:23:56.584042,0 days 00:00:33.836123,406,1,116.0,154.3,0.0,COMPLETE
5054,5054,0.825,2026-04-05 18:23:56.601637,2026-04-05 18:24:30.384370,0 days 00:00:33.782733,427,1,116.7,155.0,0.0,COMPLETE
5055,5055,0.6875,2026-04-05 18:24:30.399659,2026-04-05 18:24:37.264160,0 days 00:00:06.864501,382,2,118.6,159.4,0.34,COMPLETE
5056,5056,0.825,2026-04-05 18:24:37.281038,2026-04-05 18:25:11.591638,0 days 00:00:34.310600,408,1,122.6,156.2,0.06,COMPLETE
5057,5057,0.6875,2026-04-05 18:25:11.605621,2026-04-05 18:25:19.093074,0 days 00:00:07.487453,360,2,115.2,157.7,0.04,COMPLETE
5058,5058,0.6875,2026-04-05 18:25:19.103446,2026-04-05 18:25:25.953659,0 days 00:00:06.850213,453,1,114.8,153.5,0.54,COMPLETE
5059,5059,0.6875,2026-04-05 18:25:25.968511,2026-04-05 18:25:32.944858,0 days 00:00:06.976347,344,1,117.4,153.8,0.0,COMPLETE
5060,5060,0.6875,2026-04-05 18:25:32.959436,2026-04-05 18:25:39.628331,0 days 00:00:06.668895,391,1,117.2,155.8,0.01,COMPLETE
5061,5061,0.6875,2026-04-05 18:25:39.643334,2026-04-05 18:25:46.447127,0 days 00:00:06.803793,396,1,114.9,157.7,0.02,COMPLETE
5062,5062,0.6875,2026-04-05 18:25:46.461423,2026-04-05 18:25:53.264850,0 days 00:00:06.803427,466,1,117.6,155.2,0.0,COMPLETE
5063,5063,0.825,2026-04-05 18:25:53.278975,2026-04-05 18:26:27.639914,0 days 00:00:34.360939,375,2,121.0,157.0,0.4,COMPLETE
5064,5064,0.825,2026-04-05 18:26:27.654308,2026-04-05 18:27:01.662089,0 days 00:00:34.007781,457,1,119.3,154.7,0.0,COMPLETE
5065,5065,0.825,2026-04-05 18:27:01.676257,2026-04-05 18:27:35.717292,0 days 00:00:34.041035,394,1,121.3,155.2,0.26,COMPLETE
5066,5066,0.6875,2026-04-05 18:27:35.734323,2026-04-05 18:27:43.015249,0 days 00:00:07.280926,431,1,114.7,155.0,0.0,COMPLETE
5067,5067,0.825,2026-04-05 18:27:43.029711,2026-04-05 18:28:17.181901,0 days 00:00:34.152190,400,2,118.0,155.4,0.01,COMPLETE
5068,5068,0.6875,2026-04-05 18:28:17.196861,2026-04-05 18:28:24.232215,0 days 00:00:07.035354,400,1,114.3,152.7,0.24,COMPLETE
5069,5069,0.6875,2026-04-05 18:28:24.243755,2026-04-05 18:28:31.636031,0 days 00:00:07.392276,213,1,116.3,148.9,0.0,COMPLETE
5070,5070,0.825,2026-04-05 18:28:31.650495,2026-04-05 18:28:45.336055,0 days 00:00:13.685560,442,1,116.6,153.4,0.0,COMPLETE
5071,5071,0.825,2026-04-05 18:28:45.351588,2026-04-05 18:29:19.390009,0 days 00:00:34.038421,435,1,118.5,154.0,0.31,COMPLETE
5072,5072,0.6875,2026-04-05 18:29:19.405285,2026-04-05 18:29:26.108172,0 days 00:00:06.702887,439,2,117.2,153.7,0.0,COMPLETE
5073,5073,0.6875,2026-04-05 18:29:26.120710,2026-04-05 18:29:33.871576,0 days 00:00:07.750866,202,2,124.0,156.6,0.03,COMPLETE
5074,5074,0.671875,2026-04-05 18:29:33.887620,2026-04-05 18:29:41.429875,0 days 00:00:07.542255,438,1,115.6,152.6,0.02,COMPLETE
5075,5075,0.825,2026-04-05 18:29:41.442869,2026-04-05 18:30:15.962768,0 days 00:00:34.519899,432,1,119.5,157.6,0.01,COMPLETE
5076,5076,0.6875,2026-04-05 18:30:15.976936,2026-04-05 18:30:23.066930,0 days 00:00:07.089994,381,1,116.4,154.4,0.33,COMPLETE
5077,5077,0.6875,2026-04-05 18:30:23.081579,2026-04-05 18:30:29.666978,0 days 00:00:06.585399,391,1,116.2,153.1,0.01,COMPLETE
5078,5078,0.6875,2026-04-05 18:30:29.681411,2026-04-05 18:30:36.534447,0 days 00:00:06.853036,445,1,116.6,157.1,0.33,COMPLETE
5079,5079,0.825,2026-04-05 18:30:36.546672,2026-04-05 18:31:10.770523,0 days 00:00:34.223851,353,1,117.6,156.6,0.0,COMPLETE
5080,5080,0.6875,2026-04-05 18:31:10.786263,2026-04-05 18:31:17.781464,0 days 00:00:06.995201,364,2,115.5,154.6,0.2,COMPLETE
5081,5081,0.6875,2026-04-05 18:31:17.796870,2026-04-05 18:31:24.322214,0 days 00:00:06.525344,417,1,116.1,154.9,0.43,COMPLETE
5082,5082,0.6875,2026-04-05 18:31:24.333556,2026-04-05 18:31:30.960281,0 days 00:00:06.626725,400,1,116.9,153.4,0.27,COMPLETE
5083,5083,0.6875,2026-04-05 18:31:30.975331,2026-04-05 18:31:37.565780,0 days 00:00:06.590449,449,1,115.7,152.7,0.32,COMPLETE
5084,5084,0.6875,2026-04-05 18:31:37.579434,2026-04-05 18:31:44.312211,0 days 00:00:06.732777,498,2,115.4,155.2,0.28,COMPLETE
5085,5085,0.6875,2026-04-05 18:31:44.326807,2026-04-05 18:31:51.286809,0 days 00:00:06.960002,411,2,113.8,153.6,0.0,COMPLETE
5086,5086,0.6875,2026-04-05 18:31:51.299767,2026-04-05 18:31:57.938348,0 days 00:00:06.638581,500,1,115.9,153.1,0.36,COMPLETE
5087,5087,0.825,2026-04-05 18:31:57.953003,2026-04-05 18:32:31.898806,0 days 00:00:33.945803,448,1,117.2,155.9,0.0,COMPLETE
5088,5088,0.6875,2026-04-05 18:32:31.913945,2026-04-05 18:32:39.037374,0 days 00:00:07.123429,427,1,115.8,150.8,0.05,COMPLETE
5089,5089,0.825,2026-04-05 18:32:39.049349,2026-04-05 18:33:13.632378,0 days 00:00:34.583029,433,2,121.6,157.3,0.45,COMPLETE
5090,5090,0.825,2026-04-05 18:33:13.643679,2026-04-05 18:33:27.282432,0 days 00:00:13.638753,430,1,117.9,154.2,0.02,COMPLETE
5091,5091,0.6875,2026-04-05 18:33:27.295891,2026-04-05 18:33:34.268332,0 days 00:00:06.972441,468,1,114.5,156.6,0.01,COMPLETE
5092,5092,0.6875,2026-04-05 18:33:34.283665,2026-04-05 18:33:40.752885,0 days 00:00:06.469220,397,1,114.3,156.9,0.38,COMPLETE
5093,5093,0.6875,2026-04-05 18:33:40.768164,2026-04-05 18:33:47.472478,0 days 00:00:06.704314,411,1,114.9,153.8,0.0,COMPLETE
5094,5094,0.6875,2026-04-05 18:33:47.487584,2026-04-05 18:33:54.289352,0 days 00:00:06.801768,401,1,116.9,156.0,0.31,COMPLETE
5095,5095,0.825,2026-04-05 18:33:54.303909,2026-04-05 18:34:28.644024,0 days 00:00:34.340115,296,2,120.8,156.4,0.28,COMPLETE
5096,5096,0.6875,2026-04-05 18:34:28.658659,2026-04-05 18:34:35.559911,0 days 00:00:06.901252,432,1,117.3,158.3,0.0,COMPLETE
5097,5097,0.6875,2026-04-05 18:34:35.574826,2026-04-05 18:34:42.322055,0 days 00:00:06.747229,447,2,115.3,156.5,0.29,COMPLETE
5098,5098,0.6875,2026-04-05 18:34:42.336597,2026-04-05 18:34:49.295607,0 days 00:00:06.959010,363,1,114.1,154.7,0.26,COMPLETE
5099,5099,0.6875,2026-04-05 18:34:49.307124,2026-04-05 18:34:56.800382,0 days 00:00:07.493258,275,1,117.1,148.2,1.96,COMPLETE
5100,5100,0.825,2026-04-05 18:34:56.816031,2026-04-05 18:35:31.360312,0 days 00:00:34.544281,405,1,115.7,156.1,0.01,COMPLETE
5101,5101,0.6875,2026-04-05 18:35:31.375799,2026-04-05 18:35:38.580470,0 days 00:00:07.204671,406,3,121.9,155.4,1.62,COMPLETE
5102,5102,0.825,2026-04-05 18:35:38.591988,2026-04-05 18:36:12.597288,0 days 00:00:34.005300,441,1,124.4,155.1,0.4,COMPLETE
5103,5103,0.6875,2026-04-05 18:36:12.608202,2026-04-05 18:36:19.998373,0 days 00:00:07.390171,480,3,116.9,156.1,0.0,COMPLETE
5104,5104,0.6875,2026-04-05 18:36:20.012927,2026-04-05 18:36:26.988447,0 days 00:00:06.975520,361,1,115.0,154.7,0.0,COMPLETE
5105,5105,0.825,2026-04-05 18:36:27.003967,2026-04-05 18:37:01.231275,0 days 00:00:34.227308,427,1,119.6,155.2,0.01,COMPLETE
5106,5106,0.0,2026-04-05 18:37:01.246446,2026-04-05 18:37:08.044728,0 days 00:00:06.798282,391,1,117.2,154.5,0.01,COMPLETE
5107,5107,0.6875,2026-04-05 18:37:08.059432,2026-04-05 18:37:14.664626,0 days 00:00:06.605194,436,1,116.3,153.3,0.29,COMPLETE
5108,5108,0.6875,2026-04-05 18:37:14.679844,2026-04-05 18:37:21.614277,0 days 00:00:06.934433,336,1,117.9,154.5,0.23,COMPLETE
5109,5109,0.825,2026-04-05 18:37:21.629710,2026-04-05 18:37:55.489097,0 days 00:00:33.859387,316,1,119.3,155.0,0.01,COMPLETE
5110,5110,0.6875,2026-04-05 18:37:55.503019,2026-04-05 18:38:02.311950,0 days 00:00:06.808931,356,3,117.0,155.9,0.13,COMPLETE
5111,5111,0.825,2026-04-05 18:38:02.327678,2026-04-05 18:38:36.201525,0 days 00:00:33.873847,344,1,119.2,155.5,0.0,COMPLETE
5112,5112,0.6875,2026-04-05 18:38:36.216605,2026-04-05 18:38:43.086695,0 days 00:00:06.870090,388,2,116.6,154.7,0.35000000000000003,COMPLETE
5113,5113,0.825,2026-04-05 18:38:43.101937,2026-04-05 18:39:17.156079,0 days 00:00:34.054142,405,1,119.2,154.6,0.4,COMPLETE
5114,5114,0.6875,2026-04-05 18:39:17.171989,2026-04-05 18:39:24.612319,0 days 00:00:07.440330,233,3,122.0,155.0,0.3,COMPLETE
5115,5115,0.6875,2026-04-05 18:39:24.627785,2026-04-05 18:39:31.286428,0 days 00:00:06.658643,287,2,123.7,154.1,0.22,COMPLETE
5116,5116,0.6875,2026-04-05 18:39:31.302374,2026-04-05 18:39:38.556684,0 days 00:00:07.254310,453,1,116.8,152.0,0.21,COMPLETE
5117,5117,0.825,2026-04-05 18:39:38.571566,2026-04-05 18:40:12.709714,0 days 00:00:34.138148,426,1,117.8,156.8,0.0,COMPLETE
5118,5118,0.825,2026-04-05 18:40:12.725060,2026-04-05 18:40:46.740838,0 days 00:00:34.015778,452,1,117.9,155.3,0.24,COMPLETE
5119,5119,0.6875,2026-04-05 18:40:46.755288,2026-04-05 18:40:54.235531,0 days 00:00:07.480243,270,2,123.5,154.3,0.81,COMPLETE
5120,5120,0.825,2026-04-05 18:40:54.250758,2026-04-05 18:41:28.479521,0 days 00:00:34.228763,456,1,118.0,152.9,0.05,COMPLETE
5121,5121,0.6875,2026-04-05 18:41:28.494521,2026-04-05 18:41:35.570949,0 days 00:00:07.076428,368,1,116.2,151.9,0.03,COMPLETE
5122,5122,0.825,2026-04-05 18:41:35.585918,2026-04-05 18:42:09.696636,0 days 00:00:34.110718,384,1,120.4,153.1,0.02,COMPLETE
5123,5123,0.6875,2026-04-05 18:42:09.708348,2026-04-05 18:42:16.681792,0 days 00:00:06.973444,403,1,116.6,152.2,0.01,COMPLETE
5124,5124,0.6875,2026-04-05 18:42:16.697031,2026-04-05 18:42:24.240228,0 days 00:00:07.543197,446,2,125.6,154.4,0.8200000000000001,COMPLETE
5125,5125,0.671875,2026-04-05 18:42:24.255727,2026-04-05 18:42:31.610712,0 days 00:00:07.354985,421,2,118.0,152.4,0.05,COMPLETE
5126,5126,0.825,2026-04-05 18:42:31.624825,2026-04-05 18:43:05.503499,0 days 00:00:33.878674,495,1,118.1,153.5,0.07,COMPLETE
5127,5127,0.6875,2026-04-05 18:43:05.518602,2026-04-05 18:43:12.426012,0 days 00:00:06.907410,336,2,117.5,153.4,0.05,COMPLETE
5128,5128,0.6875,2026-04-05 18:43:12.441031,2026-04-05 18:43:19.413361,0 days 00:00:06.972330,400,2,122.6,154.8,0.46,COMPLETE
5129,5129,0.825,2026-04-05 18:43:19.428329,2026-04-05 18:43:53.641155,0 days 00:00:34.212826,378,1,117.9,153.8,0.18,COMPLETE
5130,5130,0.6875,2026-04-05 18:43:53.656552,2026-04-05 18:44:00.547845,0 days 00:00:06.891293,391,2,117.0,151.5,0.01,COMPLETE
5131,5131,0.6875,2026-04-05 18:44:00.562284,2026-04-05 18:44:07.975780,0 days 00:00:07.413496,428,3,118.9,159.7,0.78,COMPLETE
5132,5132,0.6875,2026-04-05 18:44:07.990865,2026-04-05 18:44:15.577019,0 days 00:00:07.586154,392,1,117.3,150.1,0.37,COMPLETE
5133,5133,0.825,2026-04-05 18:44:15.591263,2026-04-05 18:44:49.690985,0 days 00:00:34.099722,405,1,119.2,154.1,0.02,COMPLETE
5134,5134,0.6875,2026-04-05 18:44:49.706290,2026-04-05 18:44:56.572939,0 days 00:00:06.866649,368,1,117.4,155.4,0.04,COMPLETE
5135,5135,0.6875,2026-04-05 18:44:56.584899,2026-04-05 18:45:03.854194,0 days 00:00:07.269295,255,2,122.9,155.6,0.35000000000000003,COMPLETE
5136,5136,0.03125,2026-04-05 18:45:03.866667,2026-04-05 18:45:11.178055,0 days 00:00:07.311388,475,1,115.3,154.1,0.0,COMPLETE
5137,5137,0.6875,2026-04-05 18:45:11.190191,2026-04-05 18:45:18.166534,0 days 00:00:06.976343,374,2,117.9,153.3,0.03,COMPLETE
5138,5138,0.6875,2026-04-05 18:45:18.181188,2026-04-05 18:45:24.989691,0 days 00:00:06.808503,483,2,116.5,157.0,0.02,COMPLETE
5139,5139,0.6875,2026-04-05 18:45:25.004667,2026-04-05 18:45:32.018898,0 days 00:00:07.014231,437,1,120.8,153.6,0.41000000000000003,COMPLETE
5140,5140,0.6875,2026-04-05 18:45:32.033933,2026-04-05 18:45:39.314455,0 days 00:00:07.280522,481,1,113.5,155.2,0.0,COMPLETE
5141,5141,0.825,2026-04-05 18:45:39.329632,2026-04-05 18:46:13.451333,0 days 00:00:34.121701,412,1,117.7,154.8,0.0,COMPLETE
5142,5142,0.825,2026-04-05 18:46:13.465993,2026-04-05 18:46:47.484192,0 days 00:00:34.018199,478,1,118.6,156.6,0.02,COMPLETE
5143,5143,0.825,2026-04-05 18:46:47.500109,2026-04-05 18:47:21.758419,0 days 00:00:34.258310,408,1,117.8,155.1,0.32,COMPLETE
5144,5144,0.825,2026-04-05 18:47:21.770120,2026-04-05 18:47:56.111510,0 days 00:00:34.341390,438,2,122.6,156.4,0.05,COMPLETE
5145,5145,0.825,2026-04-05 18:47:56.126283,2026-04-05 18:48:30.099550,0 days 00:00:33.973267,374,2,119.3,155.5,0.04,COMPLETE
5146,5146,0.825,2026-04-05 18:48:30.113322,2026-04-05 18:49:04.187513,0 days 00:00:34.074191,408,1,121.5,153.3,0.27,COMPLETE
5147,5147,0.6875,2026-04-05 18:49:04.201665,2026-04-05 18:49:11.719623,0 days 00:00:07.517958,451,1,113.0,154.1,0.28,COMPLETE
5148,5148,0.6875,2026-04-05 18:49:11.734536,2026-04-05 18:49:18.726886,0 days 00:00:06.992350,309,1,116.2,154.9,0.01,COMPLETE
5149,5149,0.825,2026-04-05 18:49:18.741032,2026-04-05 18:49:52.794434,0 days 00:00:34.053402,379,1,119.8,154.9,0.05,COMPLETE
5150,5150,0.825,2026-04-05 18:49:52.808531,2026-04-05 18:50:26.866348,0 days 00:00:34.057817,500,2,123.6,155.8,0.47000000000000003,COMPLETE
5151,5151,0.825,2026-04-05 18:50:26.880002,2026-04-05 18:51:01.420833,0 days 00:00:34.540831,419,1,118.2,154.6,0.21,COMPLETE
5152,5152,0.825,2026-04-05 18:51:01.434655,2026-04-05 18:51:35.481409,0 days 00:00:34.046754,384,1,118.8,153.6,0.18,COMPLETE
5153,5153,0.6875,2026-04-05 18:51:35.495538,2026-04-05 18:51:42.446233,0 days 00:00:06.950695,400,2,115.3,153.4,0.28,COMPLETE
5154,5154,0.6875,2026-04-05 18:51:42.461541,2026-04-05 18:51:49.218852,0 days 00:00:06.757311,498,1,117.1,155.5,0.48,COMPLETE
5155,5155,0.6875,2026-04-05 18:51:49.233463,2026-04-05 18:51:56.248158,0 days 00:00:07.014695,342,1,118.3,152.4,0.05,COMPLETE
5156,5156,0.825,2026-04-05 18:51:56.259616,2026-04-05 18:52:30.247734,0 days 00:00:33.988118,423,1,117.1,154.5,0.0,COMPLETE
5157,5157,0.825,2026-04-05 18:52:30.261500,2026-04-05 18:53:04.049513,0 days 00:00:33.788013,407,1,117.8,153.5,0.0,COMPLETE
5158,5158,0.6875,2026-04-05 18:53:04.064695,2026-04-05 18:53:11.051774,0 days 00:00:06.987079,362,1,114.2,151.1,0.0,COMPLETE
5159,5159,0.825,2026-04-05 18:53:11.062467,2026-04-05 18:53:45.746073,0 days 00:00:34.683606,392,1,120.5,155.5,0.01,COMPLETE
5160,5160,0.6875,2026-04-05 18:53:45.759424,2026-04-05 18:53:53.050669,0 days 00:00:07.291245,306,2,117.0,152.3,0.01,COMPLETE
5161,5161,0.6875,2026-04-05 18:53:53.065291,2026-04-05 18:53:59.922201,0 days 00:00:06.856910,458,1,114.2,155.3,0.22,COMPLETE
5162,5162,0.825,2026-04-05 18:53:59.936056,2026-04-05 18:54:06.343337,0 days 00:00:06.407281,379,2,125.5,153.4,0.59,COMPLETE
5163,5163,0.6875,2026-04-05 18:54:06.357936,2026-04-05 18:54:13.248345,0 days 00:00:06.890409,393,1,122.4,154.2,0.19,COMPLETE
5164,5164,0.825,2026-04-05 18:54:13.263172,2026-04-05 18:54:47.738588,0 days 00:00:34.475416,393,1,116.5,154.1,0.03,COMPLETE
5165,5165,0.6875,2026-04-05 18:54:47.753700,2026-04-05 18:54:54.343302,0 days 00:00:06.589602,391,2,115.9,153.8,0.0,COMPLETE
5166,5166,0.825,2026-04-05 18:54:54.357712,2026-04-05 18:55:28.982951,0 days 00:00:34.625239,421,1,124.0,154.9,0.03,COMPLETE
5167,5167,0.825,2026-04-05 18:55:28.996736,2026-04-05 18:56:03.504378,0 days 00:00:34.507642,368,1,118.7,157.8,0.01,COMPLETE
5168,5168,0.6875,2026-04-05 18:56:03.518295,2026-04-05 18:56:10.716914,0 days 00:00:07.198619,455,1,115.8,152.6,0.24,COMPLETE
5169,5169,0.6875,2026-04-05 18:56:10.731309,2026-04-05 18:56:18.317369,0 days 00:00:07.586060,169,3,115.6,151.5,1.99,COMPLETE
5170,5170,0.6875,2026-04-05 18:56:18.332784,2026-04-05 18:56:25.073239,0 days 00:00:06.740455,344,1,115.8,148.4,0.45,COMPLETE
5171,5171,0.6875,2026-04-05 18:56:25.086663,2026-04-05 18:56:31.981336,0 days 00:00:06.894673,451,1,117.2,152.6,0.0,COMPLETE
5172,5172,0.825,2026-04-05 18:56:31.993528,2026-04-05 18:57:05.964792,0 days 00:00:33.971264,390,1,116.0,154.2,0.03,COMPLETE
5173,5173,0.825,2026-04-05 18:57:05.979265,2026-04-05 18:57:21.675074,0 days 00:00:15.695809,248,2,124.6,154.4,0.17,COMPLETE
5174,5174,0.6875,2026-04-05 18:57:21.689424,2026-04-05 18:57:29.323093,0 days 00:00:07.633669,455,1,115.9,156.5,0.0,COMPLETE
5175,5175,0.825,2026-04-05 18:57:29.336906,2026-04-05 18:58:03.570163,0 days 00:00:34.233257,433,2,119.9,155.9,0.58,COMPLETE
5176,5176,0.6875,2026-04-05 18:58:03.584759,2026-04-05 18:58:10.754877,0 days 00:00:07.170118,397,1,115.1,152.4,0.01,COMPLETE
5177,5177,0.6875,2026-04-05 18:58:10.769069,2026-04-05 18:58:17.340552,0 days 00:00:06.571483,394,1,116.3,152.3,0.22,COMPLETE
5178,5178,0.825,2026-04-05 18:58:17.355658,2026-04-05 18:58:51.724769,0 days 00:00:34.369111,442,1,120.5,155.6,0.24,COMPLETE
5179,5179,0.6875,2026-04-05 18:58:51.739516,2026-04-05 18:58:59.107453,0 days 00:00:07.367937,367,1,115.7,156.8,0.0,COMPLETE
5180,5180,0.6875,2026-04-05 18:58:59.121528,2026-04-05 18:59:05.793120,0 days 00:00:06.671592,413,1,115.4,154.7,0.01,COMPLETE
5181,5181,0.825,2026-04-05 18:59:05.807052,2026-04-05 18:59:39.829463,0 days 00:00:34.022411,430,1,119.0,153.6,0.23,COMPLETE
5182,5182,0.825,2026-04-05 18:59:39.843478,2026-04-05 19:00:13.623908,0 days 00:00:33.780430,391,1,118.8,152.9,0.01,COMPLETE
5183,5183,0.6875,2026-04-05 19:00:13.637780,2026-04-05 19:00:20.664458,0 days 00:00:07.026678,349,1,115.3,155.2,0.0,COMPLETE
5184,5184,0.6875,2026-04-05 19:00:20.675023,2026-04-05 19:00:27.318340,0 days 00:00:06.643317,442,1,116.9,154.2,0.3,COMPLETE
5185,5185,0.6875,2026-04-05 19:00:27.332632,2026-04-05 19:00:34.112395,0 days 00:00:06.779763,351,1,117.2,153.1,0.0,COMPLETE
5186,5186,0.825,2026-04-05 19:00:34.126806,2026-04-05 19:01:08.409478,0 days 00:00:34.282672,384,1,119.3,157.0,0.36,COMPLETE
5187,5187,0.6875,2026-04-05 19:01:08.420417,2026-04-05 19:01:15.416088,0 days 00:00:06.995671,421,1,115.8,155.1,0.02,COMPLETE
5188,5188,0.6875,2026-04-05 19:01:15.427332,2026-04-05 19:01:22.193138,0 days 00:00:06.765806,292,2,116.7,155.4,0.18,COMPLETE
5189,5189,0.6875,2026-04-05 19:01:22.208582,2026-04-05 19:01:29.046436,0 days 00:00:06.837854,490,2,113.5,157.5,0.02,COMPLETE
5190,5190,0.6875,2026-04-05 19:01:29.060891,2026-04-05 19:01:36.064039,0 days 00:00:07.003148,426,2,115.2,152.3,0.0,COMPLETE
5191,5191,0.6875,2026-04-05 19:01:36.078320,2026-04-05 19:01:44.088476,0 days 00:00:08.010156,253,2,124.3,158.4,0.42,COMPLETE
5192,5192,0.6875,2026-04-05 19:01:44.103619,2026-04-05 19:01:51.505821,0 days 00:00:07.402202,460,1,116.8,155.3,0.59,COMPLETE
5193,5193,0.6875,2026-04-05 19:01:51.520161,2026-04-05 19:01:58.292322,0 days 00:00:06.772161,450,1,114.7,157.1,0.29,COMPLETE
5194,5194,0.6875,2026-04-05 19:01:58.306748,2026-04-05 19:02:05.317644,0 days 00:00:07.010896,430,2,118.3,153.5,1.96,COMPLETE
5195,5195,0.6875,2026-04-05 19:02:05.339565,2026-04-05 19:02:12.055254,0 days 00:00:06.715689,475,2,116.9,155.7,0.01,COMPLETE
5196,5196,0.671875,2026-04-05 19:02:12.069557,2026-04-05 19:02:18.857558,0 days 00:00:06.788001,438,1,117.1,152.9,0.0,COMPLETE
5197,5197,0.6875,2026-04-05 19:02:18.869186,2026-04-05 19:02:25.963073,0 days 00:00:07.093887,263,2,121.2,153.0,0.7000000000000001,COMPLETE
5198,5198,0.825,2026-04-05 19:02:25.978450,2026-04-05 19:02:33.595326,0 days 00:00:07.616876,494,1,115.2,154.6,0.0,COMPLETE
5199,5199,0.825,2026-04-05 19:02:33.610551,2026-04-05 19:03:08.458999,0 days 00:00:34.848448,439,2,124.7,153.0,0.29,COMPLETE
5200,5200,0.6875,2026-04-05 19:03:08.474252,2026-04-05 19:03:16.383084,0 days 00:00:07.908832,310,3,115.3,158.8,0.97,COMPLETE
5201,5201,0.015625,2026-04-05 19:03:16.398107,2026-04-05 19:03:23.205481,0 days 00:00:06.807374,414,1,116.0,154.1,0.29,COMPLETE
5202,5202,0.825,2026-04-05 19:03:23.221645,2026-04-05 19:03:57.352388,0 days 00:00:34.130743,486,2,119.8,155.5,0.32,COMPLETE
5203,5203,0.6875,2026-04-05 19:03:57.367855,2026-04-05 19:04:04.513672,0 days 00:00:07.145817,410,1,117.9,157.9,0.27,COMPLETE
5204,5204,0.6875,2026-04-05 19:04:04.528620,2026-04-05 19:04:11.323781,0 days 00:00:06.795161,451,1,120.9,155.8,0.8300000000000001,COMPLETE
5205,5205,0.825,2026-04-05 19:04:11.339796,2026-04-05 19:04:45.730803,0 days 00:00:34.391007,382,1,116.3,155.0,0.0,COMPLETE
5206,5206,0.6875,2026-04-05 19:04:45.746042,2026-04-05 19:04:52.516759,0 days 00:00:06.770717,357,1,117.4,153.1,0.28,COMPLETE
5207,5207,0.6875,2026-04-05 19:04:52.531570,2026-04-05 19:04:59.092853,0 days 00:00:06.561283,417,1,118.4,153.9,0.29,COMPLETE
5208,5208,0.6875,2026-04-05 19:04:59.108996,2026-04-05 19:05:05.811842,0 days 00:00:06.702846,456,1,115.3,153.5,0.01,COMPLETE
5209,5209,0.825,2026-04-05 19:05:05.856007,2026-04-05 19:05:39.779781,0 days 00:00:33.923774,412,2,117.7,155.4,0.22,COMPLETE
5210,5210,0.6875,2026-04-05 19:05:39.795252,2026-04-05 19:05:46.538357,0 days 00:00:06.743105,376,1,118.1,154.2,0.22,COMPLETE
5211,5211,0.825,2026-04-05 19:05:46.553073,2026-04-05 19:06:20.465031,0 days 00:00:33.911958,347,1,117.6,155.8,0.02,COMPLETE
5212,5212,0.6875,2026-04-05 19:06:20.479574,2026-04-05 19:06:27.404484,0 days 00:00:06.924910,406,1,113.0,153.2,0.04,COMPLETE
5213,5213,0.825,2026-04-05 19:06:27.418700,2026-04-05 19:07:01.653226,0 days 00:00:34.234526,386,1,118.3,154.5,0.01,COMPLETE
5214,5214,0.671875,2026-04-05 19:07:01.668257,2026-04-05 19:07:08.450304,0 days 00:00:06.782047,452,1,116.3,155.4,0.36,COMPLETE
5215,5215,0.6875,2026-04-05 19:07:08.465378,2026-04-05 19:07:15.152737,0 days 00:00:06.687359,421,1,113.2,156.0,0.02,COMPLETE
5216,5216,0.825,2026-04-05 19:07:15.168028,2026-04-05 19:07:49.549273,0 days 00:00:34.381245,389,1,119.6,155.4,0.03,COMPLETE
5217,5217,0.6875,2026-04-05 19:07:49.565152,2026-04-05 19:07:56.400110,0 days 00:00:06.834958,495,1,116.4,153.9,0.32,COMPLETE
5218,5218,0.6875,2026-04-05 19:07:56.415079,2026-04-05 19:08:03.211199,0 days 00:00:06.796120,322,2,117.2,154.6,0.03,COMPLETE
5219,5219,0.825,2026-04-05 19:08:03.226571,2026-04-05 19:08:37.670556,0 days 00:00:34.443985,413,1,123.2,153.2,0.39,COMPLETE
5220,5220,0.6875,2026-04-05 19:08:37.686055,2026-04-05 19:08:45.297944,0 days 00:00:07.611889,354,2,115.2,156.1,0.1,COMPLETE
5221,5221,0.6875,2026-04-05 19:08:45.313696,2026-04-05 19:08:52.340482,0 days 00:00:07.026786,419,1,114.9,150.9,0.31,COMPLETE
5222,5222,0.6875,2026-04-05 19:08:52.355389,2026-04-05 19:08:59.693945,0 days 00:00:07.338556,479,1,117.4,158.3,0.58,COMPLETE
5223,5223,0.6875,2026-04-05 19:08:59.707960,2026-04-05 19:09:06.894686,0 days 00:00:07.186726,464,1,118.1,151.5,0.42,COMPLETE
5224,5224,0.6875,2026-04-05 19:09:06.910243,2026-04-05 19:09:13.968394,0 days 00:00:07.058151,319,1,114.5,153.3,0.01,COMPLETE
5225,5225,0.825,2026-04-05 19:09:13.983745,2026-04-05 19:09:48.079621,0 days 00:00:34.095876,371,1,118.0,153.4,0.02,COMPLETE
5226,5226,0.6875,2026-04-05 19:09:48.095560,2026-04-05 19:09:55.559349,0 days 00:00:07.463789,306,3,121.5,158.3,1.17,COMPLETE
5227,5227,0.6875,2026-04-05 19:09:55.570955,2026-04-05 19:10:02.515909,0 days 00:00:06.944954,459,2,116.8,157.4,0.42,COMPLETE
5228,5228,0.6875,2026-04-05 19:10:02.530750,2026-04-05 19:10:09.226197,0 days 00:00:06.695447,414,2,117.0,154.2,0.38,COMPLETE
5229,5229,0.825,2026-04-05 19:10:09.242074,2026-04-05 19:10:43.379972,0 days 00:00:34.137898,489,1,119.3,153.6,0.28,COMPLETE
5230,5230,0.6875,2026-04-05 19:10:43.392147,2026-04-05 19:10:50.808958,0 days 00:00:07.416811,409,1,124.3,154.8,0.86,COMPLETE
5231,5231,0.6875,2026-04-05 19:10:50.824301,2026-04-05 19:10:57.797699,0 days 00:00:06.973398,405,2,123.6,160.0,1.03,COMPLETE
5232,5232,0.6875,2026-04-05 19:10:57.812367,2026-04-05 19:11:05.263981,0 days 00:00:07.451614,451,1,117.0,154.9,0.27,COMPLETE
5233,5233,0.6875,2026-04-05 19:11:05.278892,2026-04-05 19:11:12.269822,0 days 00:00:06.990930,261,2,114.7,152.3,0.67,COMPLETE
5234,5234,0.825,2026-04-05 19:11:12.286001,2026-04-05 19:12:08.755654,0 days 00:00:56.469653,419,1,123.6,153.1,0.02,COMPLETE
5235,5235,0.6875,2026-04-05 19:12:08.771100,2026-04-05 19:12:16.273379,0 days 00:00:07.502279,438,1,116.2,156.0,0.2,COMPLETE
5236,5236,0.6875,2026-04-05 19:12:16.288505,2026-04-05 19:12:23.234215,0 days 00:00:06.945710,371,1,115.9,153.9,0.04,COMPLETE
5237,5237,0.825,2026-04-05 19:12:23.249153,2026-04-05 19:12:57.276842,0 days 00:00:34.027689,417,1,118.4,156.5,0.28,COMPLETE
5238,5238,0.6875,2026-04-05 19:12:57.292536,2026-04-05 19:13:04.877877,0 days 00:00:07.585341,269,2,123.9,152.2,0.2,COMPLETE
5239,5239,0.825,2026-04-05 19:13:04.893276,2026-04-05 19:13:18.993142,0 days 00:00:14.099866,441,1,115.4,151.5,0.01,COMPLETE
5240,5240,0.6875,2026-04-05 19:13:19.008703,2026-04-05 19:13:25.878462,0 days 00:00:06.869759,361,2,114.4,154.4,0.01,COMPLETE
5241,5241,0.825,2026-04-05 19:13:25.893379,2026-04-05 19:13:59.954192,0 days 00:00:34.060813,447,1,116.5,155.1,0.0,COMPLETE
5242,5242,0.6875,2026-04-05 19:13:59.969765,2026-04-05 19:14:07.000894,0 days 00:00:07.031129,401,1,118.3,151.2,0.02,COMPLETE
5243,5243,0.825,2026-04-05 19:14:07.011914,2026-04-05 19:14:40.931674,0 days 00:00:33.919760,450,2,119.1,154.4,0.04,COMPLETE
5244,5244,0.825,2026-04-05 19:14:40.946940,2026-04-05 19:15:14.997904,0 days 00:00:34.050964,460,1,116.7,154.2,0.01,COMPLETE
5245,5245,0.6875,2026-04-05 19:15:15.013306,2026-04-05 19:15:22.036037,0 days 00:00:07.022731,377,1,114.7,153.9,0.29,COMPLETE
5246,5246,0.6875,2026-04-05 19:15:22.047563,2026-04-05 19:15:28.578997,0 days 00:00:06.531434,445,1,114.8,155.0,0.25,COMPLETE
5247,5247,0.825,2026-04-05 19:15:28.594611,2026-04-05 19:16:02.610159,0 days 00:00:34.015548,499,1,116.2,156.1,0.03,COMPLETE
5248,5248,0.825,2026-04-05 19:16:02.624572,2026-04-05 19:16:36.642070,0 days 00:00:34.017498,441,2,115.9,154.6,0.02,COMPLETE
5249,5249,0.6875,2026-04-05 19:16:36.657515,2026-04-05 19:16:45.011286,0 days 00:00:08.353771,173,2,126.0,150.8,1.27,COMPLETE
5250,5250,0.6875,2026-04-05 19:16:45.024134,2026-04-05 19:16:51.828534,0 days 00:00:06.804400,371,2,124.1,155.6,0.39,COMPLETE
5251,5251,0.6875,2026-04-05 19:16:51.843418,2026-04-05 19:16:58.842035,0 days 00:00:06.998617,206,2,123.6,153.9,0.28,COMPLETE
5252,5252,0.6875,2026-04-05 19:16:58.857552,2026-04-05 19:17:06.139392,0 days 00:00:07.281840,419,1,115.0,152.2,0.36,COMPLETE
5253,5253,0.6875,2026-04-05 19:17:06.155062,2026-04-05 19:17:12.759920,0 days 00:00:06.604858,409,1,115.6,154.7,0.26,COMPLETE
5254,5254,0.6875,2026-04-05 19:17:12.774631,2026-04-05 19:17:19.366929,0 days 00:00:06.592298,409,1,116.7,157.7,0.24,COMPLETE
5255,5255,0.825,2026-04-05 19:17:19.382329,2026-04-05 19:17:53.454821,0 days 00:00:34.072492,498,1,120.7,157.3,0.66,COMPLETE
5256,5256,0.6875,2026-04-05 19:17:53.469830,2026-04-05 19:18:00.853218,0 days 00:00:07.383388,265,2,123.5,157.3,0.17,COMPLETE
5257,5257,0.6875,2026-04-05 19:18:00.870058,2026-04-05 19:18:07.541883,0 days 00:00:06.671825,434,2,122.9,155.1,0.62,COMPLETE
5258,5258,0.6875,2026-04-05 19:18:07.558148,2026-04-05 19:18:15.114307,0 days 00:00:07.556159,449,1,113.7,153.0,0.5,COMPLETE
5259,5259,0.6875,2026-04-05 19:18:15.129761,2026-04-05 19:18:22.136761,0 days 00:00:07.007000,347,1,115.5,155.2,0.0,COMPLETE
5260,5260,0.6875,2026-04-05 19:18:22.152297,2026-04-05 19:18:30.050416,0 days 00:00:07.898119,358,1,125.3,148.6,1.12,COMPLETE
5261,5261,0.825,2026-04-05 19:18:30.065501,2026-04-05 19:19:04.848990,0 days 00:00:34.783489,449,1,120.3,155.4,0.29,COMPLETE
5262,5262,0.6875,2026-04-05 19:19:04.864529,2026-04-05 19:19:12.357722,0 days 00:00:07.493193,208,1,117.1,156.9,1.57,COMPLETE
5263,5263,0.6875,2026-04-05 19:19:12.373277,2026-04-05 19:19:19.287271,0 days 00:00:06.913994,399,1,116.1,152.7,0.22,COMPLETE
5264,5264,0.825,2026-04-05 19:19:19.302768,2026-04-05 19:19:53.528625,0 days 00:00:34.225857,482,1,118.7,155.5,0.28,COMPLETE
5265,5265,0.6875,2026-04-05 19:19:53.542485,2026-04-05 19:20:01.065303,0 days 00:00:07.522818,296,3,113.2,157.7,1.47,COMPLETE
5266,5266,0.6875,2026-04-05 19:20:01.080218,2026-04-05 19:20:07.870986,0 days 00:00:06.790768,354,1,116.9,157.1,0.25,COMPLETE
5267,5267,0.6875,2026-04-05 19:20:07.886414,2026-04-05 19:20:14.850769,0 days 00:00:06.964355,408,1,117.0,152.2,0.0,COMPLETE
5268,5268,0.6875,2026-04-05 19:20:14.866228,2026-04-05 19:20:21.672335,0 days 00:00:06.806107,380,1,115.0,154.4,0.0,COMPLETE
5269,5269,0.825,2026-04-05 19:20:21.684708,2026-04-05 19:20:55.957223,0 days 00:00:34.272515,315,2,118.1,156.2,0.08,COMPLETE
5270,5270,0.6875,2026-04-05 19:20:55.973229,2026-04-05 19:21:02.952853,0 days 00:00:06.979624,444,1,114.6,153.9,0.0,COMPLETE
5271,5271,0.825,2026-04-05 19:21:02.968534,2026-04-05 19:21:37.164060,0 days 00:00:34.195526,438,1,118.4,155.6,0.01,COMPLETE
5272,5272,0.6875,2026-04-05 19:21:37.179676,2026-04-05 19:21:44.713012,0 days 00:00:07.533336,231,3,115.4,152.1,0.52,COMPLETE
5273,5273,0.6875,2026-04-05 19:21:44.730722,2026-04-05 19:21:52.499810,0 days 00:00:07.769088,459,1,126.0,155.7,0.68,COMPLETE
5274,5274,0.6875,2026-04-05 19:21:52.515499,2026-04-05 19:22:00.410870,0 days 00:00:07.895371,457,2,114.3,153.1,0.0,COMPLETE
5275,5275,0.6875,2026-04-05 19:22:00.426305,2026-04-05 19:22:07.496191,0 days 00:00:07.069886,481,1,120.0,152.6,0.66,COMPLETE
5276,5276,0.6875,2026-04-05 19:22:07.511119,2026-04-05 19:22:14.550703,0 days 00:00:07.039584,390,1,116.8,154.7,0.26,COMPLETE
5277,5277,0.6875,2026-04-05 19:22:14.566449,2026-04-05 19:22:21.024058,0 days 00:00:06.457609,396,2,117.4,154.3,0.27,COMPLETE
5278,5278,0.6875,2026-04-05 19:22:21.037387,2026-04-05 19:22:27.811701,0 days 00:00:06.774314,332,1,116.9,155.2,0.01,COMPLETE
5279,5279,0.6875,2026-04-05 19:22:27.826699,2026-04-05 19:22:35.121328,0 days 00:00:07.294629,206,1,121.7,152.6,0.88,COMPLETE
5280,5280,0.671875,2026-04-05 19:22:35.135883,2026-04-05 19:22:42.257366,0 days 00:00:07.121483,397,2,116.8,156.5,0.18,COMPLETE
5281,5281,0.6875,2026-04-05 19:22:42.272426,2026-04-05 19:22:49.091151,0 days 00:00:06.818725,374,2,116.5,152.5,0.0,COMPLETE
5282,5282,0.6875,2026-04-05 19:22:49.106760,2026-04-05 19:22:56.129608,0 days 00:00:07.022848,433,1,115.7,157.9,0.01,COMPLETE
5283,5283,0.6875,2026-04-05 19:22:56.144781,2026-04-05 19:23:03.532749,0 days 00:00:07.387968,365,1,118.9,152.5,0.27,COMPLETE
5284,5284,0.6875,2026-04-05 19:23:03.547894,2026-04-05 19:23:10.611866,0 days 00:00:07.063972,427,2,124.1,154.8,0.55,COMPLETE
5285,5285,0.6875,2026-04-05 19:23:10.623174,2026-04-05 19:23:18.200491,0 days 00:00:07.577317,481,1,114.2,155.1,0.34,COMPLETE
5286,5286,0.825,2026-04-05 19:23:18.211361,2026-04-05 19:23:23.282316,0 days 00:00:05.070955,436,1,115.4,154.3,0.01,COMPLETE
5287,5287,0.825,2026-04-05 19:23:23.297319,2026-04-05 19:23:57.459128,0 days 00:00:34.161809,438,1,117.1,156.4,0.01,COMPLETE
5288,5288,0.6875,2026-04-05 19:23:57.471590,2026-04-05 19:24:04.411835,0 days 00:00:06.940245,427,1,115.8,154.0,0.01,COMPLETE
5289,5289,0.6875,2026-04-05 19:24:04.427120,2026-04-05 19:24:11.755752,0 days 00:00:07.328632,302,3,114.3,148.7,1.8,COMPLETE
5290,5290,0.6875,2026-04-05 19:24:11.771201,2026-04-05 19:24:18.765791,0 days 00:00:06.994590,419,1,114.8,153.4,0.3,COMPLETE
5291,5291,0.6875,2026-04-05 19:24:18.781438,2026-04-05 19:24:25.346926,0 days 00:00:06.565488,453,2,115.4,154.5,0.01,COMPLETE
5292,5292,0.6875,2026-04-05 19:24:25.361298,2026-04-05 19:24:32.063150,0 days 00:00:06.701852,393,1,115.9,156.6,0.31,COMPLETE
5293,5293,0.825,2026-04-05 19:24:32.078112,2026-04-05 19:25:06.079611,0 days 00:00:34.001499,373,1,118.0,155.2,0.03,COMPLETE
5294,5294,0.6875,2026-04-05 19:25:06.095428,2026-04-05 19:25:12.984992,0 days 00:00:06.889564,244,2,121.1,155.9,0.29,COMPLETE
5295,5295,0.6875,2026-04-05 19:25:13.000372,2026-04-05 19:25:19.764656,0 days 00:00:06.764284,336,1,119.8,151.3,0.01,COMPLETE
5296,5296,0.6875,2026-04-05 19:25:19.780686,2026-04-05 19:25:26.451841,0 days 00:00:06.671155,431,2,120.6,154.1,0.5,COMPLETE
5297,5297,0.6875,2026-04-05 19:25:26.466712,2026-04-05 19:25:33.360723,0 days 00:00:06.894011,429,2,126.1,155.3,0.35000000000000003,COMPLETE
5298,5298,0.6875,2026-04-05 19:25:33.374057,2026-04-05 19:25:40.821600,0 days 00:00:07.447543,302,1,117.9,154.0,0.22,COMPLETE
5299,5299,0.6875,2026-04-05 19:25:40.836504,2026-04-05 19:25:47.254145,0 days 00:00:06.417641,427,1,117.1,154.8,0.26,COMPLETE
5300,5300,0.6875,2026-04-05 19:25:47.269548,2026-04-05 19:25:53.741401,0 days 00:00:06.471853,434,2,115.7,154.7,0.35000000000000003,COMPLETE
5301,5301,0.825,2026-04-05 19:25:53.756824,2026-04-05 19:26:28.244871,0 days 00:00:34.488047,446,1,123.5,156.7,0.38,COMPLETE
5302,5302,0.6875,2026-04-05 19:26:28.260068,2026-04-05 19:26:35.926653,0 days 00:00:07.666585,255,3,115.5,156.0,0.38,COMPLETE
5303,5303,0.825,2026-04-05 19:26:35.941406,2026-04-05 19:27:09.977903,0 days 00:00:34.036497,346,1,119.0,156.0,0.36,COMPLETE
5304,5304,0.6875,2026-04-05 19:27:09.989732,2026-04-05 19:27:16.826673,0 days 00:00:06.836941,390,1,121.4,154.8,0.32,COMPLETE
5305,5305,0.6875,2026-04-05 19:27:16.841678,2026-04-05 19:27:23.763977,0 days 00:00:06.922299,492,1,117.1,157.2,0.02,COMPLETE
5306,5306,0.671875,2026-04-05 19:27:23.779724,2026-04-05 19:27:30.741137,0 days 00:00:06.961413,499,2,120.5,153.6,0.07,COMPLETE
5307,5307,0.6875,2026-04-05 19:27:30.756787,2026-04-05 19:27:38.370783,0 days 00:00:07.613996,171,2,122.7,157.2,0.52,COMPLETE
5308,5308,0.6875,2026-04-05 19:27:38.385563,2026-04-05 19:27:45.589651,0 days 00:00:07.204088,326,2,117.4,153.1,0.33,COMPLETE
5309,5309,0.6875,2026-04-05 19:27:45.602336,2026-04-05 19:27:52.334857,0 days 00:00:06.732521,426,1,117.4,155.8,0.54,COMPLETE
5310,5310,0.6875,2026-04-05 19:27:52.350241,2026-04-05 19:27:59.856018,0 days 00:00:07.505777,174,3,114.5,160.0,0.0,COMPLETE
5311,5311,0.6875,2026-04-05 19:27:59.870758,2026-04-05 19:28:06.915269,0 days 00:00:07.044511,442,1,115.9,154.7,0.0,COMPLETE
5312,5312,0.6875,2026-04-05 19:28:06.930516,2026-04-05 19:28:13.694695,0 days 00:00:06.764179,500,1,113.3,152.6,0.05,COMPLETE
5313,5313,0.6875,2026-04-05 19:28:13.709539,2026-04-05 19:28:21.576865,0 days 00:00:07.867326,409,1,123.3,152.7,0.62,COMPLETE
5314,5314,0.825,2026-04-05 19:28:21.590083,2026-04-05 19:28:55.950854,0 days 00:00:34.360771,473,1,118.0,153.2,0.0,COMPLETE
5315,5315,0.6875,2026-04-05 19:28:55.967437,2026-04-05 19:29:03.168843,0 days 00:00:07.201406,402,1,115.7,155.8,0.34,COMPLETE
5316,5316,0.6875,2026-04-05 19:29:03.183691,2026-04-05 19:29:10.965599,0 days 00:00:07.781908,411,2,127.0,158.4,0.73,COMPLETE
5317,5317,0.6875,2026-04-05 19:29:10.978374,2026-04-05 19:29:18.794453,0 days 00:00:07.816079,433,3,121.5,148.3,1.37,COMPLETE
5318,5318,0.6875,2026-04-05 19:29:18.809465,2026-04-05 19:29:26.571249,0 days 00:00:07.761784,427,1,114.7,156.5,0.31,COMPLETE
5319,5319,0.6875,2026-04-05 19:29:26.586444,2026-04-05 19:29:33.833512,0 days 00:00:07.247068,334,1,116.4,151.4,0.26,COMPLETE
5320,5320,0.6875,2026-04-05 19:29:33.845140,2026-04-05 19:29:40.600868,0 days 00:00:06.755728,424,1,117.0,153.9,0.29,COMPLETE
5321,5321,0.825,2026-04-05 19:29:40.616050,2026-04-05 19:30:14.563663,0 days 00:00:33.947613,500,2,116.4,155.2,0.18,COMPLETE
5322,5322,0.6875,2026-04-05 19:30:14.578828,2026-04-05 19:30:21.458092,0 days 00:00:06.879264,455,1,117.1,152.5,0.35000000000000003,COMPLETE
5323,5323,0.825,2026-04-05 19:30:21.470386,2026-04-05 19:30:55.788848,0 days 00:00:34.318462,405,1,122.6,155.3,0.45,COMPLETE
5324,5324,0.6875,2026-04-05 19:30:55.803910,2026-04-05 19:31:03.336085,0 days 00:00:07.532175,489,1,114.0,154.1,0.26,COMPLETE
5325,5325,0.825,2026-04-05 19:31:03.351782,2026-04-05 19:31:37.488847,0 days 00:00:34.137065,394,1,116.0,154.0,0.01,COMPLETE
5326,5326,0.6875,2026-04-05 19:31:37.504191,2026-04-05 19:31:44.393676,0 days 00:00:06.889485,397,1,116.1,151.1,0.51,COMPLETE
5327,5327,0.6875,2026-04-05 19:31:44.408573,2026-04-05 19:31:51.800704,0 days 00:00:07.392131,372,1,121.2,157.6,0.01,COMPLETE
5328,5328,0.6875,2026-04-05 19:31:51.817205,2026-04-05 19:31:59.059133,0 days 00:00:07.241928,415,1,114.8,154.0,0.35000000000000003,COMPLETE
5329,5329,0.6875,2026-04-05 19:31:59.071697,2026-04-05 19:32:06.432662,0 days 00:00:07.360965,215,2,118.8,155.1,0.66,COMPLETE
5330,5330,0.825,2026-04-05 19:32:06.449752,2026-04-05 19:32:40.488913,0 days 00:00:34.039161,397,1,118.1,156.2,0.25,COMPLETE
5331,5331,0.825,2026-04-05 19:32:40.504197,2026-04-05 19:33:14.515429,0 days 00:00:34.011232,349,1,118.1,155.0,0.01,COMPLETE
5332,5332,0.6875,2026-04-05 19:33:14.530716,2026-04-05 19:33:21.823160,0 days 00:00:07.292444,354,3,113.7,159.8,0.75,COMPLETE
5333,5333,0.6875,2026-04-05 19:33:21.838516,2026-04-05 19:33:28.950519,0 days 00:00:07.112003,464,1,115.5,154.1,0.26,COMPLETE
5334,5334,0.6875,2026-04-05 19:33:28.965526,2026-04-05 19:33:35.561658,0 days 00:00:06.596132,469,1,116.4,155.3,0.28,COMPLETE
5335,5335,0.6875,2026-04-05 19:33:35.573761,2026-04-05 19:33:42.369960,0 days 00:00:06.796199,420,1,116.1,158.2,0.73,COMPLETE
5336,5336,0.6875,2026-04-05 19:33:42.385673,2026-04-05 19:33:49.459482,0 days 00:00:07.073809,384,1,115.7,152.6,0.26,COMPLETE
5337,5337,0.6875,2026-04-05 19:33:49.474891,2026-04-05 19:33:56.608887,0 days 00:00:07.133996,289,3,117.9,148.8,0.8,COMPLETE
5338,5338,0.6875,2026-04-05 19:33:56.624273,2026-04-05 19:34:03.779882,0 days 00:00:07.155609,500,1,115.7,154.6,0.3,COMPLETE
5339,5339,0.825,2026-04-05 19:34:03.795249,2026-04-05 19:34:37.988390,0 days 00:00:34.193141,386,1,117.5,155.9,0.01,COMPLETE
5340,5340,0.6875,2026-04-05 19:34:38.003577,2026-04-05 19:34:45.758152,0 days 00:00:07.754575,205,2,124.0,156.5,0.8300000000000001,COMPLETE
5341,5341,0.6875,2026-04-05 19:34:45.773655,2026-04-05 19:34:53.203361,0 days 00:00:07.429706,336,1,115.6,156.8,0.04,COMPLETE
5342,5342,0.825,2026-04-05 19:34:53.218908,2026-04-05 19:34:58.671948,0 days 00:00:05.453040,438,1,119.9,153.5,0.03,COMPLETE
5343,5343,0.825,2026-04-05 19:34:58.684643,2026-04-05 19:35:32.764242,0 days 00:00:34.079599,419,2,117.2,156.1,0.0,COMPLETE
5344,5344,0.6875,2026-04-05 19:35:32.778986,2026-04-05 19:35:39.655659,0 days 00:00:06.876673,368,1,117.0,153.3,0.01,COMPLETE
5345,5345,0.6875,2026-04-05 19:35:39.671288,2026-04-05 19:35:46.421055,0 days 00:00:06.749767,380,1,115.3,155.1,0.29,COMPLETE
5346,5346,0.6875,2026-04-05 19:35:46.434350,2026-04-05 19:35:52.877613,0 days 00:00:06.443263,393,1,115.1,155.4,0.0,COMPLETE
5347,5347,0.6875,2026-04-05 19:35:52.892634,2026-04-05 19:35:59.697768,0 days 00:00:06.805134,481,1,116.4,158.0,0.3,COMPLETE
5348,5348,0.825,2026-04-05 19:35:59.709067,2026-04-05 19:36:33.960646,0 days 00:00:34.251579,491,1,121.6,156.6,0.06,COMPLETE
5349,5349,0.825,2026-04-05 19:36:33.975566,2026-04-05 19:37:08.232238,0 days 00:00:34.256672,349,1,119.3,154.2,0.25,COMPLETE
5350,5350,0.825,2026-04-05 19:37:08.247824,2026-04-05 19:37:42.277213,0 days 00:00:34.029389,433,1,118.5,152.9,0.29,COMPLETE
5351,5351,0.825,2026-04-05 19:37:42.292756,2026-04-05 19:37:48.282045,0 days 00:00:05.989289,447,1,115.8,155.6,0.02,COMPLETE
5352,5352,0.6875,2026-04-05 19:37:48.292862,2026-04-05 19:37:54.893994,0 days 00:00:06.601132,427,2,116.8,157.4,0.0,COMPLETE
5353,5353,0.6875,2026-04-05 19:37:54.909709,2026-04-05 19:38:01.704270,0 days 00:00:06.794561,411,1,113.0,154.4,0.37,COMPLETE
5354,5354,0.6875,2026-04-05 19:38:01.716298,2026-04-05 19:38:08.448943,0 days 00:00:06.732645,346,1,113.8,152.9,0.31,COMPLETE
5355,5355,0.6875,2026-04-05 19:38:08.465201,2026-04-05 19:38:15.787786,0 days 00:00:07.322585,308,2,122.4,155.8,0.62,COMPLETE
5356,5356,0.825,2026-04-05 19:38:15.802952,2026-04-05 19:38:49.889824,0 days 00:00:34.086872,401,1,118.0,155.9,0.25,COMPLETE
5357,5357,0.6875,2026-04-05 19:38:49.905174,2026-04-05 19:38:57.652593,0 days 00:00:07.747419,300,3,126.3,157.9,0.06,COMPLETE
5358,5358,0.6875,2026-04-05 19:38:57.667645,2026-04-05 19:39:04.352233,0 days 00:00:06.684588,369,3,126.6,160.0,0.21,COMPLETE
5359,5359,0.825,2026-04-05 19:39:04.367641,2026-04-05 19:39:12.664008,0 days 00:00:08.296367,422,1,116.2,154.0,0.32,COMPLETE
5360,5360,0.825,2026-04-05 19:39:12.676757,2026-04-05 19:39:46.726510,0 days 00:00:34.049753,396,2,118.8,153.7,0.01,COMPLETE
5361,5361,0.6875,2026-04-05 19:39:46.743142,2026-04-05 19:39:53.949253,0 days 00:00:07.206111,454,1,113.1,156.3,0.25,COMPLETE
5362,5362,0.825,2026-04-05 19:39:53.964135,2026-04-05 19:40:29.432381,0 days 00:00:35.468246,339,1,116.7,151.0,0.03,COMPLETE
5363,5363,0.6875,2026-04-05 19:40:29.448367,2026-04-05 19:40:36.193820,0 days 00:00:06.745453,407,2,116.9,152.5,0.35000000000000003,COMPLETE
5364,5364,0.6875,2026-04-05 19:40:36.209248,2026-04-05 19:40:43.084836,0 days 00:00:06.875588,444,1,115.2,156.5,0.52,COMPLETE
5365,5365,0.6875,2026-04-05 19:40:43.100519,2026-04-05 19:40:49.673992,0 days 00:00:06.573473,459,1,115.2,155.2,0.01,COMPLETE
5366,5366,0.6875,2026-04-05 19:40:49.686483,2026-04-05 19:40:57.637961,0 days 00:00:07.951478,268,2,123.3,148.3,0.26,COMPLETE
5367,5367,0.6875,2026-04-05 19:40:57.654041,2026-04-05 19:41:04.968911,0 days 00:00:07.314870,384,1,117.6,153.0,0.0,COMPLETE
5368,5368,0.6875,2026-04-05 19:41:04.984950,2026-04-05 19:41:11.727551,0 days 00:00:06.742601,242,1,117.4,153.5,0.27,COMPLETE
5369,5369,0.825,2026-04-05 19:41:11.743415,2026-04-05 19:41:45.742431,0 days 00:00:33.999016,423,1,118.3,155.4,0.27,COMPLETE
5370,5370,0.6875,2026-04-05 19:41:45.759157,2026-04-05 19:41:52.821930,0 days 00:00:07.062773,413,2,113.4,154.4,0.27,COMPLETE
5371,5371,0.825,2026-04-05 19:41:52.834588,2026-04-05 19:42:06.281890,0 days 00:00:13.447302,368,2,116.5,153.8,0.0,COMPLETE
5372,5372,0.825,2026-04-05 19:42:06.297947,2026-04-05 19:42:40.793921,0 days 00:00:34.495974,490,2,122.6,155.8,0.81,COMPLETE
5373,5373,0.825,2026-04-05 19:42:40.809978,2026-04-05 19:43:14.861558,0 days 00:00:34.051580,466,1,119.0,154.3,0.01,COMPLETE
5374,5374,0.6875,2026-04-05 19:43:14.877141,2026-04-05 19:43:21.830763,0 days 00:00:06.953622,400,2,121.8,154.0,0.27,COMPLETE
5375,5375,0.6875,2026-04-05 19:43:21.846422,2026-04-05 19:43:30.054232,0 days 00:00:08.207810,163,1,113.5,157.1,1.47,COMPLETE
5376,5376,0.6875,2026-04-05 19:43:30.069586,2026-04-05 19:43:36.831597,0 days 00:00:06.762011,417,1,115.4,154.6,0.0,COMPLETE
5377,5377,0.6875,2026-04-05 19:43:36.847029,2026-04-05 19:43:43.757426,0 days 00:00:06.910397,379,1,120.1,153.6,0.54,COMPLETE
5378,5378,0.6875,2026-04-05 19:43:43.771133,2026-04-05 19:43:51.027229,0 days 00:00:07.256096,276,1,114.6,153.4,0.26,COMPLETE
5379,5379,0.6875,2026-04-05 19:43:51.042486,2026-04-05 19:43:57.757892,0 days 00:00:06.715406,410,1,115.8,156.4,0.31,COMPLETE
5380,5380,0.6875,2026-04-05 19:43:57.773489,2026-04-05 19:44:04.913280,0 days 00:00:07.139791,265,1,115.5,152.3,1.93,COMPLETE
5381,5381,0.6875,2026-04-05 19:44:04.928384,2026-04-05 19:44:11.778778,0 days 00:00:06.850394,424,1,114.2,153.3,0.0,COMPLETE
5382,5382,0.6875,2026-04-05 19:44:11.794350,2026-04-05 19:44:18.454677,0 days 00:00:06.660327,440,1,115.0,154.8,0.55,COMPLETE
5383,5383,0.6875,2026-04-05 19:44:18.470072,2026-04-05 19:44:25.222337,0 days 00:00:06.752265,406,1,117.2,157.1,0.02,COMPLETE
5384,5384,0.6875,2026-04-05 19:44:25.237163,2026-04-05 19:44:32.999247,0 days 00:00:07.762084,160,2,121.4,154.1,0.08,COMPLETE
5385,5385,0.6875,2026-04-05 19:44:33.011971,2026-04-05 19:44:39.848791,0 days 00:00:06.836820,407,1,117.4,152.9,0.3,COMPLETE
5386,5386,0.6875,2026-04-05 19:44:39.864629,2026-04-05 19:44:46.412879,0 days 00:00:06.548250,467,1,116.4,152.5,0.24,COMPLETE
5387,5387,0.825,2026-04-05 19:44:46.428460,2026-04-05 19:45:20.580817,0 days 00:00:34.152357,450,1,119.1,155.6,0.67,COMPLETE
5388,5388,0.6875,2026-04-05 19:45:20.593582,2026-04-05 19:45:27.409005,0 days 00:00:06.815423,433,1,121.3,154.3,0.49,COMPLETE
5389,5389,0.825,2026-04-05 19:45:27.423824,2026-04-05 19:46:01.516598,0 days 00:00:34.092774,491,2,124.2,153.8,0.3,COMPLETE
5390,5390,0.825,2026-04-05 19:46:01.533015,2026-04-05 19:46:35.574836,0 days 00:00:34.041821,497,2,120.6,155.8,0.28,COMPLETE
5391,5391,0.6875,2026-04-05 19:46:35.590284,2026-04-05 19:46:42.978208,0 days 00:00:07.387924,211,2,123.0,154.4,0.0,COMPLETE
5392,5392,0.6875,2026-04-05 19:46:42.993723,2026-04-05 19:46:50.410088,0 days 00:00:07.416365,361,1,114.7,152.3,0.29,COMPLETE
5393,5393,0.6875,2026-04-05 19:46:50.425975,2026-04-05 19:46:57.260820,0 days 00:00:06.834845,361,1,116.9,155.5,0.37,COMPLETE
5394,5394,0.6875,2026-04-05 19:46:57.274082,2026-04-05 19:47:03.983129,0 days 00:00:06.709047,451,1,115.7,153.5,0.0,COMPLETE
5395,5395,0.6875,2026-04-05 19:47:03.998573,2026-04-05 19:47:10.826726,0 days 00:00:06.828153,426,1,116.1,157.4,0.21,COMPLETE
5396,5396,0.6875,2026-04-05 19:47:10.839903,2026-04-05 19:47:17.518372,0 days 00:00:06.678469,381,2,115.6,155.3,0.32,COMPLETE
5397,5397,0.6875,2026-04-05 19:47:17.534375,2026-04-05 19:47:24.068973,0 days 00:00:06.534598,346,1,116.6,155.6,0.26,COMPLETE
5398,5398,0.6875,2026-04-05 19:47:24.083659,2026-04-05 19:47:30.780568,0 days 00:00:06.696909,448,1,115.4,157.5,0.0,COMPLETE
5399,5399,0.6875,2026-04-05 19:47:30.797142,2026-04-05 19:47:39.226025,0 days 00:00:08.428883,325,1,126.4,149.0,1.97,COMPLETE
5400,5400,0.825,2026-04-05 19:47:39.241632,2026-04-05 19:48:14.096502,0 days 00:00:34.854870,394,1,118.2,155.4,0.21,COMPLETE
5401,5401,0.6875,2026-04-05 19:48:14.111733,2026-04-05 19:48:21.098876,0 days 00:00:06.987143,423,1,114.7,152.5,0.02,COMPLETE
5402,5402,0.6875,2026-04-05 19:48:21.113622,2026-04-05 19:48:27.846616,0 days 00:00:06.732994,405,2,116.2,150.7,0.28,COMPLETE
5403,5403,0.6875,2026-04-05 19:48:27.862433,2026-04-05 19:48:35.382127,0 days 00:00:07.519694,337,1,123.3,148.2,1.52,COMPLETE
5404,5404,0.6875,2026-04-05 19:48:35.399633,2026-04-05 19:48:43.235375,0 days 00:00:07.835742,420,1,114.7,155.8,0.22,COMPLETE
5405,5405,0.6875,2026-04-05 19:48:43.250814,2026-04-05 19:48:50.072311,0 days 00:00:06.821497,382,1,116.4,152.1,0.0,COMPLETE
5406,5406,0.6875,2026-04-05 19:48:50.087506,2026-04-05 19:48:57.232590,0 days 00:00:07.145084,371,1,113.2,157.6,0.35000000000000003,COMPLETE
5407,5407,0.6875,2026-04-05 19:48:57.247756,2026-04-05 19:49:04.429784,0 days 00:00:07.182028,317,1,116.2,154.0,0.29,COMPLETE
5408,5408,0.825,2026-04-05 19:49:04.445428,2026-04-05 19:49:24.039058,0 days 00:00:19.593630,379,1,116.4,153.5,0.23,COMPLETE
5409,5409,0.6875,2026-04-05 19:49:24.054610,2026-04-05 19:49:31.440695,0 days 00:00:07.386085,495,2,123.5,154.1,0.44,COMPLETE
5410,5410,0.6875,2026-04-05 19:49:31.456079,2026-04-05 19:49:39.330061,0 days 00:00:07.873982,379,1,113.2,155.4,0.27,COMPLETE
5411,5411,0.825,2026-04-05 19:49:39.345368,2026-04-05 19:50:13.643293,0 days 00:00:34.297925,462,1,117.3,156.6,0.18,COMPLETE
5412,5412,0.6875,2026-04-05 19:50:13.658570,2026-04-05 19:50:20.750514,0 days 00:00:07.091944,429,1,117.2,151.6,0.64,COMPLETE
5413,5413,0.6875,2026-04-05 19:50:20.765771,2026-04-05 19:50:27.390644,0 days 00:00:06.624873,405,1,117.2,153.2,0.0,COMPLETE
5414,5414,0.6875,2026-04-05 19:50:27.406374,2026-04-05 19:50:34.034931,0 days 00:00:06.628557,369,2,115.4,153.1,0.31,COMPLETE
5415,5415,0.825,2026-04-05 19:50:34.050477,2026-04-05 19:51:08.174536,0 days 00:00:34.124059,462,1,118.4,154.3,0.53,COMPLETE
5416,5416,0.6875,2026-04-05 19:51:08.189589,2026-04-05 19:51:15.015380,0 days 00:00:06.825791,422,2,115.6,155.4,0.36,COMPLETE
5417,5417,0.825,2026-04-05 19:51:15.031275,2026-04-05 19:51:28.507361,0 days 00:00:13.476086,447,1,117.9,154.2,0.0,COMPLETE
5418,5418,0.671875,2026-04-05 19:51:28.522779,2026-04-05 19:51:35.255094,0 days 00:00:06.732315,414,1,116.8,154.6,0.02,COMPLETE
5419,5419,0.015625,2026-04-05 19:51:35.268534,2026-04-05 19:51:41.848274,0 days 00:00:06.579740,384,1,115.4,154.8,0.01,COMPLETE
5420,5420,0.6875,2026-04-05 19:51:41.863621,2026-04-05 19:51:48.571639,0 days 00:00:06.708018,431,1,116.3,156.7,0.01,COMPLETE
5421,5421,0.6875,2026-04-05 19:51:48.583650,2026-04-05 19:51:55.193985,0 days 00:00:06.610335,437,2,117.4,155.6,0.3,COMPLETE
5422,5422,0.6875,2026-04-05 19:51:55.209810,2026-04-05 19:52:01.771820,0 days 00:00:06.562010,414,2,117.5,154.5,0.05,COMPLETE
5423,5423,0.825,2026-04-05 19:52:01.785997,2026-04-05 19:52:58.015943,0 days 00:00:56.229946,447,1,124.1,154.4,0.41000000000000003,COMPLETE
5424,5424,0.825,2026-04-05 19:52:58.031813,2026-04-05 19:53:32.588767,0 days 00:00:34.556954,338,2,119.6,155.8,0.3,COMPLETE
5425,5425,0.825,2026-04-05 19:53:32.604174,2026-04-05 19:54:07.348782,0 days 00:00:34.744608,428,1,119.9,157.1,0.52,COMPLETE
5426,5426,0.825,2026-04-05 19:54:07.364847,2026-04-05 19:54:41.420112,0 days 00:00:34.055265,422,1,116.7,155.2,0.25,COMPLETE
5427,5427,0.6875,2026-04-05 19:54:41.435300,2026-04-05 19:54:48.241435,0 days 00:00:06.806135,412,1,116.3,153.1,0.23,COMPLETE
5428,5428,0.6875,2026-04-05 19:54:48.256761,2026-04-05 19:54:55.003317,0 days 00:00:06.746556,419,1,113.3,154.8,0.0,COMPLETE
5429,5429,0.6875,2026-04-05 19:54:55.018710,2026-04-05 19:55:01.807917,0 days 00:00:06.789207,369,1,117.1,154.9,0.02,COMPLETE
5430,5430,0.825,2026-04-05 19:55:01.819984,2026-04-05 19:55:35.982593,0 days 00:00:34.162609,499,2,117.0,156.8,0.01,COMPLETE
5431,5431,0.825,2026-04-05 19:55:35.997906,2026-04-05 19:56:10.023896,0 days 00:00:34.025990,500,2,116.7,153.7,0.02,COMPLETE
5432,5432,0.6875,2026-04-05 19:56:10.039461,2026-04-05 19:56:16.983816,0 days 00:00:06.944355,500,2,121.9,154.2,0.55,COMPLETE
5433,5433,0.6875,2026-04-05 19:56:16.998885,2026-04-05 19:56:24.248558,0 days 00:00:07.249673,407,1,117.2,159.1,0.52,COMPLETE
5434,5434,0.6875,2026-04-05 19:56:24.263979,2026-04-05 19:56:31.131589,0 days 00:00:06.867610,368,1,119.5,154.1,0.39,COMPLETE
5435,5435,0.825,2026-04-05 19:56:31.146682,2026-04-05 19:57:05.283453,0 days 00:00:34.136771,498,1,118.5,156.4,0.31,COMPLETE
5436,5436,0.6875,2026-04-05 19:57:05.298947,2026-04-05 19:57:12.345975,0 days 00:00:07.047028,306,1,117.0,157.2,0.0,COMPLETE
5437,5437,0.6875,2026-04-05 19:57:12.360789,2026-04-05 19:57:19.087697,0 days 00:00:06.726908,439,3,114.9,158.2,1.11,COMPLETE
5438,5438,0.825,2026-04-05 19:57:19.103748,2026-04-05 19:57:53.442604,0 days 00:00:34.338856,454,1,116.7,154.0,0.23,COMPLETE
5439,5439,0.6875,2026-04-05 19:57:53.457972,2026-04-05 19:58:00.957290,0 days 00:00:07.499318,377,1,123.1,153.8,0.52,COMPLETE
5440,5440,0.825,2026-04-05 19:58:00.972100,2026-04-05 19:58:34.920633,0 days 00:00:33.948533,499,2,122.9,155.9,0.16,COMPLETE
5441,5441,0.825,2026-04-05 19:58:34.935727,2026-04-05 19:59:09.199407,0 days 00:00:34.263680,294,2,119.7,155.2,0.0,COMPLETE
5442,5442,0.6875,2026-04-05 19:59:09.215155,2026-04-05 19:59:16.270757,0 days 00:00:07.055602,340,1,116.4,152.7,0.0,COMPLETE
5443,5443,0.6875,2026-04-05 19:59:16.283259,2026-04-05 19:59:22.856339,0 days 00:00:06.573080,429,2,115.2,153.2,0.0,COMPLETE
5444,5444,0.825,2026-04-05 19:59:22.871762,2026-04-05 19:59:57.074502,0 days 00:00:34.202740,396,1,118.1,156.4,0.01,COMPLETE
5445,5445,0.825,2026-04-05 19:59:57.090333,2026-04-05 20:00:31.402235,0 days 00:00:34.311902,440,2,122.4,157.0,0.64,COMPLETE
5446,5446,0.6875,2026-04-05 20:00:31.417231,2026-04-05 20:00:38.826026,0 days 00:00:07.408795,389,1,115.7,157.4,0.02,COMPLETE
5447,5447,0.6875,2026-04-05 20:00:38.838508,2026-04-05 20:00:45.991671,0 days 00:00:07.153163,453,1,122.1,155.4,0.64,COMPLETE
5448,5448,0.825,2026-04-05 20:00:46.007563,2026-04-05 20:01:20.268644,0 days 00:00:34.261081,332,1,118.3,155.1,0.28,COMPLETE
5449,5449,0.6875,2026-04-05 20:01:20.284839,2026-04-05 20:01:26.958338,0 days 00:00:06.673499,500,1,117.9,153.9,0.34,COMPLETE
5450,5450,0.6875,2026-04-05 20:01:26.972262,2026-04-05 20:01:33.820010,0 days 00:00:06.847748,405,1,117.5,155.4,0.02,COMPLETE
5451,5451,0.6875,2026-04-05 20:01:33.835335,2026-04-05 20:01:40.348956,0 days 00:00:06.513621,430,1,117.2,154.7,0.0,COMPLETE
5452,5452,0.6875,2026-04-05 20:01:40.360229,2026-04-05 20:01:47.103900,0 days 00:00:06.743671,364,1,116.6,154.2,0.26,COMPLETE
5453,5453,0.6875,2026-04-05 20:01:47.119605,2026-04-05 20:01:53.751841,0 days 00:00:06.632236,426,1,114.8,153.4,0.29,COMPLETE
5454,5454,0.6875,2026-04-05 20:01:53.767292,2026-04-05 20:02:00.548860,0 days 00:00:06.781568,342,1,115.0,152.5,0.0,COMPLETE
5455,5455,0.6875,2026-04-05 20:02:00.564069,2026-04-05 20:02:07.353123,0 days 00:00:06.789054,496,2,117.0,150.9,1.41,COMPLETE
5456,5456,0.6875,2026-04-05 20:02:07.366452,2026-04-05 20:02:14.980868,0 days 00:00:07.614416,180,2,120.8,152.7,1.9000000000000001,COMPLETE
5457,5457,0.6875,2026-04-05 20:02:14.992338,2026-04-05 20:02:22.439496,0 days 00:00:07.447158,441,2,113.1,156.0,0.31,COMPLETE
5458,5458,0.825,2026-04-05 20:02:22.454915,2026-04-05 20:02:56.784350,0 days 00:00:34.329435,396,1,118.5,153.5,0.01,COMPLETE
5459,5459,0.825,2026-04-05 20:02:56.799939,2026-04-05 20:03:10.189569,0 days 00:00:13.389630,381,1,116.5,154.0,0.0,COMPLETE
5460,5460,0.6875,2026-04-05 20:03:10.205197,2026-04-05 20:03:16.985714,0 days 00:00:06.780517,400,1,115.0,155.2,0.26,COMPLETE
5461,5461,0.6875,2026-04-05 20:03:17.000916,2026-04-05 20:03:23.424695,0 days 00:00:06.423779,445,1,114.9,155.3,0.28,COMPLETE
5462,5462,0.825,2026-04-05 20:03:23.440939,2026-04-05 20:03:57.980791,0 days 00:00:34.539852,382,2,122.4,154.7,0.07,COMPLETE
5463,5463,0.825,2026-04-05 20:03:57.996168,2026-04-05 20:04:31.798017,0 days 00:00:33.801849,402,1,122.6,154.6,0.03,COMPLETE
5464,5464,0.6875,2026-04-05 20:04:31.810942,2026-04-05 20:04:39.020565,0 days 00:00:07.209623,184,2,123.1,153.9,0.6,COMPLETE
5465,5465,0.015625,2026-04-05 20:04:39.035530,2026-04-05 20:04:46.256343,0 days 00:00:07.220813,462,1,116.8,156.1,0.03,COMPLETE
5466,5466,0.6875,2026-04-05 20:04:46.271692,2026-04-05 20:04:53.419279,0 days 00:00:07.147587,376,1,120.9,154.1,0.0,COMPLETE
5467,5467,0.6875,2026-04-05 20:04:53.434909,2026-04-05 20:05:00.797407,0 days 00:00:07.362498,406,1,113.2,156.2,0.0,COMPLETE
5468,5468,0.825,2026-04-05 20:05:00.814608,2026-04-05 20:05:35.279076,0 days 00:00:34.464468,456,2,118.4,156.0,0.48,COMPLETE
5469,5469,0.825,2026-04-05 20:05:35.294330,2026-04-05 20:06:09.053608,0 days 00:00:33.759278,500,1,117.9,155.7,0.11,COMPLETE
5470,5470,0.825,2026-04-05 20:06:09.068043,2026-04-05 20:06:43.077643,0 days 00:00:34.009600,300,1,117.1,155.7,0.02,COMPLETE
5471,5471,0.6875,2026-04-05 20:06:43.093986,2026-04-05 20:06:50.565413,0 days 00:00:07.471427,427,2,125.2,157.0,0.26,COMPLETE
5472,5472,0.6875,2026-04-05 20:06:50.581018,2026-04-05 20:06:58.331923,0 days 00:00:07.750905,420,1,115.3,152.9,0.28,COMPLETE
5473,5473,0.6875,2026-04-05 20:06:58.344087,2026-04-05 20:07:06.124838,0 days 00:00:07.780751,286,3,124.5,154.1,0.47000000000000003,COMPLETE
5474,5474,0.6875,2026-04-05 20:07:06.140378,2026-04-05 20:07:12.983343,0 days 00:00:06.842965,264,3,122.5,157.1,1.93,COMPLETE
5475,5475,0.825,2026-04-05 20:07:12.998647,2026-04-05 20:07:47.136591,0 days 00:00:34.137944,454,2,122.8,155.2,0.41000000000000003,COMPLETE
5476,5476,0.6875,2026-04-05 20:07:47.151607,2026-04-05 20:07:54.307915,0 days 00:00:07.156308,500,1,115.8,153.2,0.04,COMPLETE
5477,5477,0.6875,2026-04-05 20:07:54.323720,2026-04-05 20:08:00.904383,0 days 00:00:06.580663,452,1,113.4,153.5,0.0,COMPLETE
5478,5478,0.6875,2026-04-05 20:08:00.920147,2026-04-05 20:08:07.763923,0 days 00:00:06.843776,304,1,113.5,155.9,0.0,COMPLETE
5479,5479,0.6875,2026-04-05 20:08:07.777894,2026-04-05 20:08:14.385200,0 days 00:00:06.607306,420,2,114.9,157.5,0.34,COMPLETE
5480,5480,0.6875,2026-04-05 20:08:14.401302,2026-04-05 20:08:21.014709,0 days 00:00:06.613407,438,1,114.8,155.0,0.0,COMPLETE
5481,5481,0.825,2026-04-05 20:08:21.030528,2026-04-05 20:08:55.185283,0 days 00:00:34.154755,445,1,118.3,156.0,0.37,COMPLETE
5482,5482,0.825,2026-04-05 20:08:55.200850,2026-04-05 20:09:29.261803,0 days 00:00:34.060953,438,2,120.7,156.3,0.33,COMPLETE
5483,5483,0.825,2026-04-05 20:09:29.277421,2026-04-05 20:10:03.293342,0 days 00:00:34.015921,398,1,118.7,155.0,0.3,COMPLETE
5484,5484,0.6875,2026-04-05 20:10:03.309522,2026-04-05 20:10:10.631873,0 days 00:00:07.322351,303,2,123.8,155.6,0.1,COMPLETE
5485,5485,0.6875,2026-04-05 20:10:10.647463,2026-04-05 20:10:17.851862,0 days 00:00:07.204399,456,1,117.0,154.7,0.34,COMPLETE
5486,5486,0.825,2026-04-05 20:10:17.867534,2026-04-05 20:10:52.420292,0 days 00:00:34.552758,381,2,122.8,157.1,0.1,COMPLETE
5487,5487,0.6875,2026-04-05 20:10:52.435780,2026-04-05 20:10:59.698837,0 days 00:00:07.263057,346,1,118.6,153.2,0.26,COMPLETE
5488,5488,0.6875,2026-04-05 20:10:59.714371,2026-04-05 20:11:06.381355,0 days 00:00:06.666984,482,2,120.3,154.5,0.71,COMPLETE
5489,5489,0.6875,2026-04-05 20:11:06.397246,2026-04-05 20:11:13.526069,0 days 00:00:07.128823,442,2,114.2,154.9,0.32,COMPLETE
5490,5490,0.6875,2026-04-05 20:11:13.537906,2026-04-05 20:11:20.098732,0 days 00:00:06.560826,428,1,114.8,156.0,0.02,COMPLETE
5491,5491,0.6875,2026-04-05 20:11:20.114614,2026-04-05 20:11:26.780632,0 days 00:00:06.666018,414,1,116.6,154.8,0.27,COMPLETE
5492,5492,0.6875,2026-04-05 20:11:26.795187,2026-04-05 20:11:33.402229,0 days 00:00:06.607042,435,2,115.0,154.7,0.0,COMPLETE
5493,5493,0.825,2026-04-05 20:11:33.417575,2026-04-05 20:12:07.950552,0 days 00:00:34.532977,431,1,121.6,155.1,0.2,COMPLETE
5494,5494,0.6875,2026-04-05 20:12:07.966376,2026-04-05 20:12:15.380053,0 days 00:00:07.413677,395,1,114.8,153.5,0.01,COMPLETE
5495,5495,0.6875,2026-04-05 20:12:15.395306,2026-04-05 20:12:23.269050,0 days 00:00:07.873744,284,2,124.6,155.7,0.61,COMPLETE
5496,5496,0.6875,2026-04-05 20:12:23.285068,2026-04-05 20:12:30.657408,0 days 00:00:07.372340,441,1,116.3,156.5,0.36,COMPLETE
5497,5497,0.6875,2026-04-05 20:12:30.673118,2026-04-05 20:12:37.406628,0 days 00:00:06.733510,384,1,116.2,154.0,0.54,COMPLETE
5498,5498,0.825,2026-04-05 20:12:37.419847,2026-04-05 20:13:11.431856,0 days 00:00:34.012009,482,1,118.0,154.4,0.01,COMPLETE
5499,5499,0.6875,2026-04-05 20:13:11.446911,2026-04-05 20:13:18.179083,0 days 00:00:06.732172,424,1,117.3,153.0,0.53,COMPLETE
5500,5500,0.825,2026-04-05 20:13:18.194722,2026-04-05 20:13:52.163027,0 days 00:00:33.968305,395,1,119.3,155.7,0.64,COMPLETE
5501,5501,0.825,2026-04-05 20:13:52.178705,2026-04-05 20:14:26.223997,0 days 00:00:34.045292,494,2,120.6,157.4,0.6,COMPLETE
5502,5502,0.6875,2026-04-05 20:14:26.238329,2026-04-05 20:14:33.457937,0 days 00:00:07.219608,486,1,114.3,156.1,0.27,COMPLETE
5503,5503,0.6875,2026-04-05 20:14:33.473175,2026-04-05 20:14:40.585899,0 days 00:00:07.112724,472,1,114.7,150.0,0.05,COMPLETE
5504,5504,0.6875,2026-04-05 20:14:40.601260,2026-04-05 20:14:47.209640,0 days 00:00:06.608380,477,1,114.6,151.5,0.49,COMPLETE
5505,5505,0.6875,2026-04-05 20:14:47.222892,2026-04-05 20:14:54.889188,0 days 00:00:07.666296,397,1,119.8,158.0,0.25,COMPLETE
5506,5506,0.6875,2026-04-05 20:14:54.905750,2026-04-05 20:15:02.167972,0 days 00:00:07.262222,326,2,116.2,154.0,0.35000000000000003,COMPLETE
5507,5507,0.6875,2026-04-05 20:15:02.180604,2026-04-05 20:15:09.219022,0 days 00:00:07.038418,467,1,121.3,153.9,1.8800000000000001,COMPLETE
5508,5508,0.6875,2026-04-05 20:15:09.234637,2026-04-05 20:15:16.077511,0 days 00:00:06.842874,442,1,117.9,152.4,0.27,COMPLETE
5509,5509,0.671875,2026-04-05 20:15:16.092850,2026-04-05 20:15:23.105426,0 days 00:00:07.012576,348,2,116.5,155.7,0.18,COMPLETE
5510,5510,0.6875,2026-04-05 20:15:23.120872,2026-04-05 20:15:30.126761,0 days 00:00:07.005889,434,1,113.2,151.9,0.31,COMPLETE
5511,5511,0.6875,2026-04-05 20:15:30.142353,2026-04-05 20:15:37.070627,0 days 00:00:06.928274,407,1,115.6,156.3,0.24,COMPLETE
5512,5512,0.825,2026-04-05 20:15:37.086496,2026-04-05 20:16:11.150965,0 days 00:00:34.064469,439,1,119.2,155.6,0.03,COMPLETE
5513,5513,0.6875,2026-04-05 20:16:11.166212,2026-04-05 20:16:18.338928,0 days 00:00:07.172716,337,1,115.5,157.0,0.33,COMPLETE
5514,5514,0.6875,2026-04-05 20:16:18.354423,2026-04-05 20:16:24.969982,0 days 00:00:06.615559,334,1,116.7,155.9,0.27,COMPLETE
5515,5515,0.6875,2026-04-05 20:16:24.985280,2026-04-05 20:16:31.979804,0 days 00:00:06.994524,443,2,121.6,153.8,0.35000000000000003,COMPLETE
5516,5516,0.6875,2026-04-05 20:16:31.996160,2026-04-05 20:16:39.294491,0 days 00:00:07.298331,424,1,114.7,156.8,0.0,COMPLETE
5517,5517,0.6875,2026-04-05 20:16:39.308117,2026-04-05 20:16:46.514373,0 days 00:00:07.206256,500,2,120.1,152.6,0.8,COMPLETE
5518,5518,0.825,2026-04-05 20:16:46.528297,2026-04-05 20:17:20.535027,0 days 00:00:34.006730,455,1,117.9,155.4,0.25,COMPLETE
5519,5519,0.6875,2026-04-05 20:17:20.551076,2026-04-05 20:17:27.803350,0 days 00:00:07.252274,382,1,115.4,152.2,0.32,COMPLETE
5520,5520,0.825,2026-04-05 20:17:27.815826,2026-04-05 20:18:01.995930,0 days 00:00:34.180104,423,1,118.3,156.3,0.0,COMPLETE
5521,5521,0.825,2026-04-05 20:18:02.011674,2026-04-05 20:18:36.306216,0 days 00:00:34.294542,445,1,121.8,152.4,0.02,COMPLETE
5522,5522,0.6875,2026-04-05 20:18:36.321725,2026-04-05 20:18:43.331290,0 days 00:00:07.009565,410,1,118.1,154.0,0.29,COMPLETE
5523,5523,0.825,2026-04-05 20:18:43.343831,2026-04-05 20:19:17.253499,0 days 00:00:33.909668,500,2,119.0,154.6,0.02,COMPLETE
5524,5524,0.6875,2026-04-05 20:19:17.265739,2026-04-05 20:19:24.241731,0 days 00:00:06.975992,493,2,116.6,155.7,0.34,COMPLETE
5525,5525,0.6875,2026-04-05 20:19:24.257481,2026-04-05 20:19:31.022882,0 days 00:00:06.765401,496,1,114.4,153.9,0.0,COMPLETE
5526,5526,0.6875,2026-04-05 20:19:31.037916,2026-04-05 20:19:38.227091,0 days 00:00:07.189175,387,1,117.6,157.4,0.23,COMPLETE
5527,5527,0.6875,2026-04-05 20:19:38.243195,2026-04-05 20:19:45.195397,0 days 00:00:06.952202,389,1,114.5,153.7,0.32,COMPLETE
5528,5528,0.6875,2026-04-05 20:19:45.211249,2026-04-05 20:19:51.950235,0 days 00:00:06.738986,323,1,115.3,153.9,0.26,COMPLETE
5529,5529,0.6875,2026-04-05 20:19:51.965520,2026-04-05 20:19:59.124825,0 days 00:00:07.159305,467,1,119.5,158.8,0.01,COMPLETE
5530,5530,0.6875,2026-04-05 20:19:59.140504,2026-04-05 20:20:06.165099,0 days 00:00:07.024595,423,2,117.5,153.7,0.22,COMPLETE
5531,5531,0.6875,2026-04-05 20:20:06.177359,2026-04-05 20:20:13.906923,0 days 00:00:07.729564,250,2,126.7,153.4,0.56,COMPLETE
5532,5532,0.6875,2026-04-05 20:20:13.922364,2026-04-05 20:20:21.500235,0 days 00:00:07.577871,376,1,117.0,153.1,0.01,COMPLETE
5533,5533,0.6875,2026-04-05 20:20:21.515763,2026-04-05 20:20:28.292277,0 days 00:00:06.776514,390,1,116.0,156.5,0.0,COMPLETE
5534,5534,0.6875,2026-04-05 20:20:28.303539,2026-04-05 20:20:35.800736,0 days 00:00:07.497197,486,2,125.1,156.3,0.59,COMPLETE
5535,5535,0.6875,2026-04-05 20:20:35.817869,2026-04-05 20:20:43.507332,0 days 00:00:07.689463,464,1,114.8,153.4,0.23,COMPLETE
5536,5536,0.825,2026-04-05 20:20:43.522624,2026-04-05 20:21:18.083231,0 days 00:00:34.560607,395,2,119.0,156.8,0.84,COMPLETE
5537,5537,0.6875,2026-04-05 20:21:18.095875,2026-04-05 20:21:25.098751,0 days 00:00:07.002876,353,1,116.6,153.4,0.26,COMPLETE
5538,5538,0.825,2026-04-05 20:21:25.113699,2026-04-05 20:21:38.402867,0 days 00:00:13.289168,388,1,117.5,153.6,0.0,COMPLETE
5539,5539,0.6875,2026-04-05 20:21:38.419362,2026-04-05 20:21:46.540784,0 days 00:00:08.121422,178,1,126.6,153.1,1.04,COMPLETE
5540,5540,0.6875,2026-04-05 20:21:46.555986,2026-04-05 20:21:53.883529,0 days 00:00:07.327543,342,2,117.8,150.2,0.15,COMPLETE
5541,5541,0.825,2026-04-05 20:21:53.898929,2026-04-05 20:22:28.238571,0 days 00:00:34.339642,378,1,117.6,155.9,0.32,COMPLETE
5542,5542,0.6875,2026-04-05 20:22:28.254444,2026-04-05 20:22:35.426535,0 days 00:00:07.172091,451,2,123.5,156.3,1.1400000000000001,COMPLETE
5543,5543,0.6875,2026-04-05 20:22:35.442054,2026-04-05 20:22:42.808948,0 days 00:00:07.366894,385,1,117.4,151.4,0.3,COMPLETE
5544,5544,0.825,2026-04-05 20:22:42.824582,2026-04-05 20:23:16.882319,0 days 00:00:34.057737,444,1,119.9,152.9,0.29,COMPLETE
5545,5545,0.6875,2026-04-05 20:23:16.898170,2026-04-05 20:23:23.901093,0 days 00:00:07.002923,459,1,116.4,154.3,0.54,COMPLETE
5546,5546,0.825,2026-04-05 20:23:23.916657,2026-04-05 20:23:58.115519,0 days 00:00:34.198862,346,1,119.1,156.3,0.26,COMPLETE
5547,5547,0.825,2026-04-05 20:23:58.127809,2026-04-05 20:24:03.239486,0 days 00:00:05.111677,349,1,117.1,153.8,0.0,COMPLETE
5548,5548,0.6875,2026-04-05 20:24:03.254721,2026-04-05 20:24:09.947913,0 days 00:00:06.693192,358,1,115.7,153.1,0.02,COMPLETE
5549,5549,0.6875,2026-04-05 20:24:09.959913,2026-04-05 20:24:16.560535,0 days 00:00:06.600622,411,1,114.4,154.0,0.0,COMPLETE
5550,5550,0.6875,2026-04-05 20:24:16.576116,2026-04-05 20:24:23.260013,0 days 00:00:06.683897,498,1,116.3,154.8,0.26,COMPLETE
5551,5551,0.825,2026-04-05 20:24:23.272456,2026-04-05 20:24:43.158135,0 days 00:00:19.885679,455,1,116.3,152.0,0.03,COMPLETE
5552,5552,0.825,2026-04-05 20:24:43.173639,2026-04-05 20:25:17.487018,0 days 00:00:34.313379,422,1,120.3,155.7,0.45,COMPLETE
5553,5553,0.825,2026-04-05 20:25:17.502752,2026-04-05 20:25:51.550029,0 days 00:00:34.047277,390,1,122.7,154.5,0.32,COMPLETE
5554,5554,0.6875,2026-04-05 20:25:51.565841,2026-04-05 20:25:58.978334,0 days 00:00:07.412493,468,2,113.5,153.3,0.35000000000000003,COMPLETE
5555,5555,0.825,2026-04-05 20:25:58.992437,2026-04-05 20:26:04.475303,0 days 00:00:05.482866,376,3,117.0,155.0,0.02,COMPLETE
5556,5556,0.6875,2026-04-05 20:26:04.490648,2026-04-05 20:26:11.117470,0 days 00:00:06.626822,430,1,116.2,153.3,0.02,COMPLETE
5557,5557,0.671875,2026-04-05 20:26:11.130420,2026-04-05 20:26:17.755661,0 days 00:00:06.625241,466,1,115.8,155.9,0.0,COMPLETE
5558,5558,0.6875,2026-04-05 20:26:17.771971,2026-04-05 20:26:25.758875,0 days 00:00:07.986904,317,3,125.6,148.5,0.96,COMPLETE
5559,5559,0.6875,2026-04-05 20:26:25.771743,2026-04-05 20:26:33.507550,0 days 00:00:07.735807,374,1,115.3,155.2,0.27,COMPLETE
5560,5560,0.6875,2026-04-05 20:26:33.523427,2026-04-05 20:26:40.232539,0 days 00:00:06.709112,413,2,113.3,151.6,0.26,COMPLETE
5561,5561,0.6875,2026-04-05 20:26:40.245244,2026-04-05 20:26:47.594364,0 days 00:00:07.349120,237,2,120.4,153.7,0.47000000000000003,COMPLETE
5562,5562,0.6875,2026-04-05 20:26:47.606510,2026-04-05 20:26:54.213569,0 days 00:00:06.607059,485,1,123.2,152.2,0.4,COMPLETE
5563,5563,0.6875,2026-04-05 20:26:54.226117,2026-04-05 20:27:01.806091,0 days 00:00:07.579974,368,2,114.4,155.9,0.0,COMPLETE
5564,5564,0.6875,2026-04-05 20:27:01.818600,2026-04-05 20:27:08.440734,0 days 00:00:06.622134,425,1,117.0,155.6,0.5700000000000001,COMPLETE
5565,5565,0.6875,2026-04-05 20:27:08.456615,2026-04-05 20:27:15.058418,0 days 00:00:06.601803,428,1,115.4,154.1,0.31,COMPLETE
5566,5566,0.825,2026-04-05 20:27:15.071427,2026-04-05 20:27:49.515064,0 days 00:00:34.443637,497,1,120.3,155.8,0.47000000000000003,COMPLETE
5567,5567,0.825,2026-04-05 20:27:49.530424,2026-04-05 20:28:23.560319,0 days 00:00:34.029895,433,2,117.7,156.3,0.33,COMPLETE
5568,5568,0.6875,2026-04-05 20:28:23.575856,2026-04-05 20:28:30.486961,0 days 00:00:06.911105,255,1,116.2,156.8,0.45,COMPLETE
5569,5569,0.825,2026-04-05 20:28:30.502534,2026-04-05 20:28:37.773438,0 days 00:00:07.270904,369,2,116.9,154.4,0.27,COMPLETE
5570,5570,0.6875,2026-04-05 20:28:37.789336,2026-04-05 20:28:44.657522,0 days 00:00:06.868186,376,1,114.9,154.3,0.36,COMPLETE
5571,5571,0.6875,2026-04-05 20:28:44.673073,2026-04-05 20:28:51.228586,0 days 00:00:06.555513,351,2,114.4,153.5,0.01,COMPLETE
5572,5572,0.6875,2026-04-05 20:28:51.241351,2026-04-05 20:28:58.739530,0 days 00:00:07.498179,285,2,121.5,154.9,0.42,COMPLETE
5573,5573,0.6875,2026-04-05 20:28:58.755160,2026-04-05 20:29:06.014174,0 days 00:00:07.259014,379,1,114.5,153.1,0.01,COMPLETE
5574,5574,0.6875,2026-04-05 20:29:06.029663,2026-04-05 20:29:12.628965,0 days 00:00:06.599302,460,1,115.9,152.7,0.25,COMPLETE
5575,5575,0.6875,2026-04-05 20:29:12.644207,2026-04-05 20:29:19.631088,0 days 00:00:06.986881,356,1,115.6,155.2,0.01,COMPLETE
5576,5576,0.6875,2026-04-05 20:29:19.647112,2026-04-05 20:29:26.327093,0 days 00:00:06.679981,423,3,114.6,153.4,0.0,COMPLETE
5577,5577,0.825,2026-04-05 20:29:26.342242,2026-04-05 20:30:00.839709,0 days 00:00:34.497467,323,1,119.0,154.5,0.0,COMPLETE
5578,5578,0.825,2026-04-05 20:30:00.855477,2026-04-05 20:30:35.155148,0 days 00:00:34.299671,409,1,123.2,156.1,0.72,COMPLETE
5579,5579,0.825,2026-04-05 20:30:35.170383,2026-04-05 20:31:09.702809,0 days 00:00:34.532426,404,1,116.0,154.7,0.33,COMPLETE
5580,5580,0.6875,2026-04-05 20:31:09.718897,2026-04-05 20:31:16.638148,0 days 00:00:06.919251,334,1,116.6,155.9,0.0,COMPLETE
5581,5581,0.825,2026-04-05 20:31:16.653399,2026-04-05 20:31:30.159064,0 days 00:00:13.505665,498,1,120.9,154.0,0.21,COMPLETE
5582,5582,0.6875,2026-04-05 20:31:30.175186,2026-04-05 20:31:37.773662,0 days 00:00:07.598476,307,1,113.9,154.5,0.33,COMPLETE
5583,5583,0.6875,2026-04-05 20:31:37.786658,2026-04-05 20:31:45.351759,0 days 00:00:07.565101,323,2,123.4,153.2,0.46,COMPLETE
5584,5584,0.6875,2026-04-05 20:31:45.367722,2026-04-05 20:31:53.025868,0 days 00:00:07.658146,453,1,114.4,157.9,0.23,COMPLETE
5585,5585,0.6875,2026-04-05 20:31:53.040955,2026-04-05 20:31:59.737710,0 days 00:00:06.696755,431,1,117.5,157.2,0.32,COMPLETE
5586,5586,0.825,2026-04-05 20:31:59.753387,2026-04-05 20:32:06.967830,0 days 00:00:07.214443,379,1,116.9,154.4,0.26,COMPLETE
5587,5587,0.6875,2026-04-05 20:32:06.985172,2026-04-05 20:32:13.771785,0 days 00:00:06.786613,411,1,118.2,154.1,0.37,COMPLETE
5588,5588,0.825,2026-04-05 20:32:13.784584,2026-04-05 20:32:47.765902,0 days 00:00:33.981318,370,2,119.3,155.1,0.36,COMPLETE
5589,5589,0.6875,2026-04-05 20:32:47.782261,2026-04-05 20:32:54.684086,0 days 00:00:06.901825,381,1,116.1,154.6,0.0,COMPLETE
5590,5590,0.6875,2026-04-05 20:32:54.699655,2026-04-05 20:33:02.109997,0 days 00:00:07.410342,239,2,122.6,154.0,0.18,COMPLETE
5591,5591,0.825,2026-04-05 20:33:02.123982,2026-04-05 20:33:36.410489,0 days 00:00:34.286507,434,1,118.0,154.6,0.01,COMPLETE
5592,5592,0.6875,2026-04-05 20:33:36.426441,2026-04-05 20:33:43.067096,0 days 00:00:06.640655,444,1,117.1,155.6,0.29,COMPLETE
5593,5593,0.825,2026-04-05 20:33:43.083046,2026-04-05 20:34:17.110846,0 days 00:00:34.027800,399,1,117.8,155.1,0.0,COMPLETE
5594,5594,0.671875,2026-04-05 20:34:17.126347,2026-04-05 20:34:24.279346,0 days 00:00:07.152999,424,2,123.3,153.7,0.25,COMPLETE
5595,5595,0.6875,2026-04-05 20:34:24.295043,2026-04-05 20:34:31.348262,0 days 00:00:07.053219,256,2,125.5,155.7,0.26,COMPLETE
5596,5596,0.6875,2026-04-05 20:34:31.364006,2026-04-05 20:34:39.011637,0 days 00:00:07.647631,480,1,115.5,157.2,0.58,COMPLETE
5597,5597,0.6875,2026-04-05 20:34:39.024063,2026-04-05 20:34:46.390107,0 days 00:00:07.366044,405,1,121.6,157.8,0.59,COMPLETE
5598,5598,0.6875,2026-04-05 20:34:46.405728,2026-04-05 20:34:54.402246,0 days 00:00:07.996518,175,1,113.2,154.8,0.14,COMPLETE
5599,5599,0.6875,2026-04-05 20:34:54.418442,2026-04-05 20:35:01.202997,0 days 00:00:06.784555,479,1,115.9,153.6,0.0,COMPLETE
5600,5600,0.6875,2026-04-05 20:35:01.218549,2026-04-05 20:35:08.146875,0 days 00:00:06.928326,372,1,115.1,156.5,0.01,COMPLETE
5601,5601,0.671875,2026-04-05 20:35:08.159371,2026-04-05 20:35:15.294739,0 days 00:00:07.135368,393,1,118.8,151.5,0.28,COMPLETE
5602,5602,0.825,2026-04-05 20:35:15.307746,2026-04-05 20:35:49.781760,0 days 00:00:34.474014,426,3,118.3,157.3,0.59,COMPLETE
5603,5603,0.6875,2026-04-05 20:35:49.797711,2026-04-05 20:35:57.038029,0 days 00:00:07.240318,319,2,115.9,156.0,0.0,COMPLETE
5604,5604,0.6875,2026-04-05 20:35:57.053743,2026-04-05 20:36:03.546538,0 days 00:00:06.492795,433,1,116.0,155.2,0.29,COMPLETE
5605,5605,0.825,2026-04-05 20:36:03.558776,2026-04-05 20:36:37.642405,0 days 00:00:34.083629,409,2,118.1,153.2,0.01,COMPLETE
5606,5606,0.825,2026-04-05 20:36:37.657712,2026-04-05 20:37:11.961967,0 days 00:00:34.304255,493,1,122.7,154.9,0.37,COMPLETE
5607,5607,0.6875,2026-04-05 20:37:11.977418,2026-04-05 20:37:19.269930,0 days 00:00:07.292512,463,1,116.6,155.7,0.27,COMPLETE
5608,5608,0.6875,2026-04-05 20:37:19.285052,2026-04-05 20:37:25.992549,0 days 00:00:06.707497,429,2,116.3,152.6,0.0,COMPLETE
5609,5609,0.6875,2026-04-05 20:37:26.007979,2026-04-05 20:37:32.996696,0 days 00:00:06.988717,285,2,114.7,154.7,0.19,COMPLETE
5610,5610,0.825,2026-04-05 20:37:33.008063,2026-04-05 20:38:06.968112,0 days 00:00:33.960049,496,1,117.4,156.0,0.02,COMPLETE
5611,5611,0.6875,2026-04-05 20:38:06.985632,2026-04-05 20:38:13.576647,0 days 00:00:06.591015,465,2,117.6,155.2,0.0,COMPLETE
5612,5612,0.6875,2026-04-05 20:38:13.591632,2026-04-05 20:38:20.348373,0 days 00:00:06.756741,427,1,115.4,153.5,0.3,COMPLETE
5613,5613,0.6875,2026-04-05 20:38:20.363613,2026-04-05 20:38:26.794258,0 days 00:00:06.430645,446,1,115.7,153.6,0.23,COMPLETE
5614,5614,0.825,2026-04-05 20:38:26.806538,2026-04-05 20:39:01.015798,0 days 00:00:34.209260,360,1,116.3,154.5,0.0,COMPLETE
5615,5615,0.6875,2026-04-05 20:39:01.030993,2026-04-05 20:39:07.875060,0 days 00:00:06.844067,424,2,115.4,156.8,0.2,COMPLETE
5616,5616,0.6875,2026-04-05 20:39:07.891353,2026-04-05 20:39:14.439195,0 days 00:00:06.547842,435,1,116.4,157.1,0.0,COMPLETE
5617,5617,0.6875,2026-04-05 20:39:14.454824,2026-04-05 20:39:21.622750,0 days 00:00:07.167926,342,2,117.6,152.4,0.26,COMPLETE
5618,5618,0.6875,2026-04-05 20:39:21.639079,2026-04-05 20:39:28.162715,0 days 00:00:06.523636,423,1,117.9,153.4,0.28,COMPLETE
5619,5619,0.6875,2026-04-05 20:39:28.175114,2026-04-05 20:39:35.334759,0 days 00:00:07.159645,493,1,123.8,151.4,1.97,COMPLETE
5620,5620,0.6875,2026-04-05 20:39:35.350033,2026-04-05 20:39:43.134361,0 days 00:00:07.784328,379,1,116.3,156.8,0.22,COMPLETE
5621,5621,0.825,2026-04-05 20:39:43.151079,2026-04-05 20:40:17.298828,0 days 00:00:34.147749,411,1,118.2,155.4,0.31,COMPLETE
5622,5622,0.6875,2026-04-05 20:40:17.310751,2026-04-05 20:40:24.120952,0 days 00:00:06.810201,347,1,118.4,153.7,0.39,COMPLETE
5623,5623,0.6875,2026-04-05 20:40:24.135995,2026-04-05 20:40:30.825917,0 days 00:00:06.689922,412,1,114.9,151.5,0.0,COMPLETE
5624,5624,0.6875,2026-04-05 20:40:30.837844,2026-04-05 20:40:37.518555,0 days 00:00:06.680711,378,1,113.9,154.2,0.36,COMPLETE
5625,5625,0.6875,2026-04-05 20:40:37.533772,2026-04-05 20:40:44.053884,0 days 00:00:06.520112,495,2,114.7,155.8,0.0,COMPLETE
5626,5626,0.825,2026-04-05 20:40:44.069622,2026-04-05 20:41:18.719174,0 days 00:00:34.649552,459,2,122.5,153.2,0.28,COMPLETE
5627,5627,0.825,2026-04-05 20:41:18.734520,2026-04-05 20:41:53.032132,0 days 00:00:34.297612,407,1,120.2,156.6,0.18,COMPLETE
5628,5628,0.6875,2026-04-05 20:41:53.047630,2026-04-05 20:42:00.219586,0 days 00:00:07.171956,429,1,114.8,154.5,0.46,COMPLETE
5629,5629,0.6875,2026-04-05 20:42:00.234839,2026-04-05 20:42:06.675677,0 days 00:00:06.440838,448,1,114.9,154.9,0.28,COMPLETE
5630,5630,0.6875,2026-04-05 20:42:06.688849,2026-04-05 20:42:13.444774,0 days 00:00:06.755925,412,1,116.5,151.9,0.27,COMPLETE
5631,5631,0.6875,2026-04-05 20:42:13.460406,2026-04-05 20:42:20.206731,0 days 00:00:06.746325,369,1,113.3,153.4,0.0,COMPLETE
5632,5632,0.6875,2026-04-05 20:42:20.220504,2026-04-05 20:42:26.903116,0 days 00:00:06.682612,319,2,116.3,154.0,0.0,COMPLETE
5633,5633,0.6875,2026-04-05 20:42:26.918683,2026-04-05 20:42:34.068981,0 days 00:00:07.150298,463,3,114.1,148.1,0.03,COMPLETE
5634,5634,0.6875,2026-04-05 20:42:34.081692,2026-04-05 20:42:41.632303,0 days 00:00:07.550611,493,1,116.0,157.4,0.29,COMPLETE
5635,5635,0.825,2026-04-05 20:42:41.648635,2026-04-05 20:43:16.480217,0 days 00:00:34.831582,418,1,123.8,156.0,0.4,COMPLETE
5636,5636,0.6875,2026-04-05 20:43:16.495927,2026-04-05 20:43:23.380873,0 days 00:00:06.884946,370,1,121.5,153.9,0.39,COMPLETE
5637,5637,0.6875,2026-04-05 20:43:23.396501,2026-04-05 20:43:30.145504,0 days 00:00:06.749003,454,2,123.7,155.1,0.74,COMPLETE
5638,5638,0.825,2026-04-05 20:43:30.158585,2026-04-05 20:43:47.044647,0 days 00:00:16.886062,429,1,124.0,152.6,0.43,COMPLETE
5639,5639,0.6875,2026-04-05 20:43:47.060211,2026-04-05 20:43:54.682361,0 days 00:00:07.622150,350,1,116.7,157.4,0.55,COMPLETE
5640,5640,0.6875,2026-04-05 20:43:54.695521,2026-04-05 20:44:01.419769,0 days 00:00:06.724248,343,3,117.9,153.4,0.19,COMPLETE
5641,5641,0.6875,2026-04-05 20:44:01.435108,2026-04-05 20:44:08.201963,0 days 00:00:06.766855,408,1,113.4,152.5,0.0,COMPLETE
5642,5642,0.6875,2026-04-05 20:44:08.215049,2026-04-05 20:44:14.919279,0 days 00:00:06.704230,377,1,116.5,155.1,0.3,COMPLETE
5643,5643,0.6875,2026-04-05 20:44:14.935601,2026-04-05 20:44:21.439258,0 days 00:00:06.503657,417,2,115.0,154.4,0.01,COMPLETE
5644,5644,0.6875,2026-04-05 20:44:21.450567,2026-04-05 20:44:27.943753,0 days 00:00:06.493186,384,1,116.3,153.7,0.29,COMPLETE
5645,5645,0.825,2026-04-05 20:44:27.959164,2026-04-05 20:45:01.962759,0 days 00:00:34.003595,415,1,118.2,154.9,0.58,COMPLETE
5646,5646,0.6875,2026-04-05 20:45:01.977723,2026-04-05 20:45:08.929780,0 days 00:00:06.952057,465,1,114.7,156.2,0.29,COMPLETE
5647,5647,0.671875,2026-04-05 20:45:08.941779,2026-04-05 20:45:15.717042,0 days 00:00:06.775263,463,1,116.7,154.4,0.01,COMPLETE
5648,5648,0.6875,2026-04-05 20:45:15.732418,2026-04-05 20:45:22.500075,0 days 00:00:06.767657,481,1,114.0,154.6,0.0,COMPLETE
5649,5649,0.6875,2026-04-05 20:45:22.515218,2026-04-05 20:45:29.918627,0 days 00:00:07.403409,279,1,120.1,154.2,1.93,COMPLETE
5650,5650,0.6875,2026-04-05 20:45:29.934413,2026-04-05 20:45:36.693408,0 days 00:00:06.758995,441,2,121.9,153.7,0.6,COMPLETE
5651,5651,0.6875,2026-04-05 20:45:36.708308,2026-04-05 20:45:44.107422,0 days 00:00:07.399114,386,1,113.8,154.8,0.24,COMPLETE
5652,5652,0.6875,2026-04-05 20:45:44.119857,2026-04-05 20:45:51.330499,0 days 00:00:07.210642,404,1,114.1,148.0,1.0,COMPLETE
5653,5653,0.6875,2026-04-05 20:45:51.346147,2026-04-05 20:45:58.473899,0 days 00:00:07.127752,390,2,116.6,153.4,0.31,COMPLETE
5654,5654,0.6875,2026-04-05 20:45:58.486877,2026-04-05 20:46:05.291026,0 days 00:00:06.804149,440,2,115.7,157.2,0.02,COMPLETE
5655,5655,0.6875,2026-04-05 20:46:05.306554,2026-04-05 20:46:12.171814,0 days 00:00:06.865260,491,2,114.9,153.1,0.36,COMPLETE
5656,5656,0.825,2026-04-05 20:46:12.187980,2026-04-05 20:46:46.657122,0 days 00:00:34.469142,435,1,121.0,155.5,0.0,COMPLETE
5657,5657,0.6875,2026-04-05 20:46:46.672656,2026-04-05 20:46:53.621393,0 days 00:00:06.948737,428,1,115.8,156.9,0.0,COMPLETE
5658,5658,0.825,2026-04-05 20:46:53.636293,2026-04-05 20:47:27.908774,0 days 00:00:34.272481,346,1,119.7,156.5,0.03,COMPLETE
5659,5659,0.6875,2026-04-05 20:47:27.924915,2026-04-05 20:47:35.538040,0 days 00:00:07.613125,384,2,113.6,150.8,0.77,COMPLETE
5660,5660,0.6875,2026-04-05 20:47:35.553438,2026-04-05 20:47:42.695081,0 days 00:00:07.141643,328,1,116.4,154.2,0.0,COMPLETE
5661,5661,0.825,2026-04-05 20:47:42.708847,2026-04-05 20:47:47.753793,0 days 00:00:05.044946,387,1,115.7,156.1,0.01,COMPLETE
5662,5662,0.6875,2026-04-05 20:47:47.768869,2026-04-05 20:47:54.541528,0 days 00:00:06.772659,394,1,117.0,158.8,0.28,COMPLETE
5663,5663,0.6875,2026-04-05 20:47:54.558255,2026-04-05 20:48:01.745214,0 days 00:00:07.186959,413,2,115.0,152.5,0.38,COMPLETE
5664,5664,0.825,2026-04-05 20:48:01.760473,2026-04-05 20:48:07.768303,0 days 00:00:06.007830,495,1,124.9,153.5,0.76,COMPLETE
5665,5665,0.6875,2026-04-05 20:48:07.780629,2026-04-05 20:48:15.713393,0 days 00:00:07.932764,494,2,113.1,154.7,0.0,COMPLETE
5666,5666,0.6875,2026-04-05 20:48:15.728590,2026-04-05 20:48:24.073589,0 days 00:00:08.344999,225,3,124.8,154.2,0.31,COMPLETE
5667,5667,0.671875,2026-04-05 20:48:24.089198,2026-04-05 20:48:31.536747,0 days 00:00:07.447549,467,1,116.5,152.1,0.02,COMPLETE
5668,5668,0.825,2026-04-05 20:48:31.549433,2026-04-05 20:49:05.692136,0 days 00:00:34.142703,441,1,117.2,154.2,0.21,COMPLETE
5669,5669,0.0,2026-04-05 20:49:05.708105,2026-04-05 20:49:12.369745,0 days 00:00:06.661640,446,1,116.2,154.4,0.44,COMPLETE
5670,5670,0.6875,2026-04-05 20:49:12.385438,2026-04-05 20:49:19.076086,0 days 00:00:06.690648,408,1,116.3,156.5,0.8,COMPLETE
5671,5671,0.6875,2026-04-05 20:49:19.091789,2026-04-05 20:49:25.860670,0 days 00:00:06.768881,450,1,117.7,153.3,0.31,COMPLETE
5672,5672,0.6875,2026-04-05 20:49:25.876135,2026-04-05 20:49:32.660111,0 days 00:00:06.783976,433,1,115.1,155.9,0.64,COMPLETE
5673,5673,0.6875,2026-04-05 20:49:32.672640,2026-04-05 20:49:39.369828,0 days 00:00:06.697188,407,1,116.3,154.1,0.59,COMPLETE
5674,5674,0.6875,2026-04-05 20:49:39.381625,2026-04-05 20:49:45.957339,0 days 00:00:06.575714,454,1,114.9,154.4,0.47000000000000003,COMPLETE
5675,5675,0.6875,2026-04-05 20:49:45.969739,2026-04-05 20:49:52.662553,0 days 00:00:06.692814,449,1,117.9,152.8,0.75,COMPLETE
5676,5676,0.6875,2026-04-05 20:49:52.678361,2026-04-05 20:49:59.419000,0 days 00:00:06.740639,455,1,114.8,153.4,0.6900000000000001,COMPLETE
5677,5677,0.6875,2026-04-05 20:49:59.435174,2026-04-05 20:50:06.158398,0 days 00:00:06.723224,440,1,116.7,152.2,0.81,COMPLETE
5678,5678,0.6875,2026-04-05 20:50:06.173432,2026-04-05 20:50:12.957216,0 days 00:00:06.783784,457,1,114.3,155.0,0.53,COMPLETE
5679,5679,0.6875,2026-04-05 20:50:12.973239,2026-04-05 20:50:19.711905,0 days 00:00:06.738666,480,1,116.9,154.4,0.46,COMPLETE
5680,5680,0.6875,2026-04-05 20:50:19.728411,2026-04-05 20:50:26.415216,0 days 00:00:06.686805,432,1,115.6,152.8,0.5,COMPLETE
5681,5681,0.6875,2026-04-05 20:50:26.431084,2026-04-05 20:50:33.121422,0 days 00:00:06.690338,416,1,117.2,154.3,0.65,COMPLETE
5682,5682,0.6875,2026-04-05 20:50:33.134777,2026-04-05 20:50:39.661861,0 days 00:00:06.527084,441,1,118.2,154.5,0.54,COMPLETE
5683,5683,0.6875,2026-04-05 20:50:39.677976,2026-04-05 20:50:46.403895,0 days 00:00:06.725919,397,1,114.9,154.4,0.6900000000000001,COMPLETE
5684,5684,0.6875,2026-04-05 20:50:46.416252,2026-04-05 20:50:53.629475,0 days 00:00:07.213223,343,2,119.8,155.4,1.84,COMPLETE
5685,5685,0.6875,2026-04-05 20:50:53.645172,2026-04-05 20:51:00.747410,0 days 00:00:07.102238,499,1,114.5,152.7,0.63,COMPLETE
5686,5686,0.6875,2026-04-05 20:51:00.762940,2026-04-05 20:51:07.609596,0 days 00:00:06.846656,427,1,118.2,154.8,0.87,COMPLETE
5687,5687,0.6875,2026-04-05 20:51:07.624118,2026-04-05 20:51:14.224150,0 days 00:00:06.600032,454,1,117.1,156.1,0.55,COMPLETE
5688,5688,0.6875,2026-04-05 20:51:14.236504,2026-04-05 20:51:21.258279,0 days 00:00:07.021775,458,1,116.9,150.6,0.27,COMPLETE
5689,5689,0.6875,2026-04-05 20:51:21.272936,2026-04-05 20:51:28.315648,0 days 00:00:07.042712,440,1,115.6,156.0,0.64,COMPLETE
5690,5690,0.6875,2026-04-05 20:51:28.328676,2026-04-05 20:51:34.959202,0 days 00:00:06.630526,435,2,116.6,154.6,0.43,COMPLETE
5691,5691,0.6875,2026-04-05 20:51:34.972984,2026-04-05 20:51:42.324105,0 days 00:00:07.351121,453,2,124.4,155.4,0.56,COMPLETE
5692,5692,0.6875,2026-04-05 20:51:42.339410,2026-04-05 20:51:49.900083,0 days 00:00:07.560673,204,3,121.2,150.9,1.98,COMPLETE
5693,5693,0.671875,2026-04-05 20:51:49.916870,2026-04-05 20:51:56.797010,0 days 00:00:06.880140,478,1,118.1,153.6,0.37,COMPLETE
5694,5694,0.6875,2026-04-05 20:51:56.812926,2026-04-05 20:52:03.811694,0 days 00:00:06.998768,360,2,115.6,153.0,0.68,COMPLETE
5695,5695,0.6875,2026-04-05 20:52:03.827615,2026-04-05 20:52:10.535731,0 days 00:00:06.708116,439,1,117.3,154.6,0.55,COMPLETE
5696,5696,0.6875,2026-04-05 20:52:10.550946,2026-04-05 20:52:17.123533,0 days 00:00:06.572587,463,1,116.6,155.7,0.72,COMPLETE
5697,5697,0.6875,2026-04-05 20:52:17.140253,2026-04-05 20:52:23.865989,0 days 00:00:06.725736,434,2,117.9,157.6,0.41000000000000003,COMPLETE
5698,5698,0.6875,2026-04-05 20:52:23.878654,2026-04-05 20:52:30.906483,0 days 00:00:07.027829,378,1,117.6,152.1,0.58,COMPLETE
5699,5699,0.825,2026-04-05 20:52:30.922708,2026-04-05 20:53:05.039594,0 days 00:00:34.116886,359,1,118.6,153.9,0.0,COMPLETE
5700,5700,0.6875,2026-04-05 20:53:05.055125,2026-04-05 20:53:11.994708,0 days 00:00:06.939583,416,1,114.8,152.2,0.54,COMPLETE
5701,5701,0.825,2026-04-05 20:53:12.007261,2026-04-05 20:53:46.516555,0 days 00:00:34.509294,428,1,120.1,154.9,0.55,COMPLETE
5702,5702,0.6875,2026-04-05 20:53:46.531974,2026-04-05 20:53:53.664469,0 days 00:00:07.132495,439,1,115.3,153.7,0.55,COMPLETE
5703,5703,0.6875,2026-04-05 20:53:53.680106,2026-04-05 20:54:00.582769,0 days 00:00:06.902663,463,1,117.8,157.5,0.36,COMPLETE
5704,5704,0.825,2026-04-05 20:54:00.594605,2026-04-05 20:54:34.616572,0 days 00:00:34.021967,400,1,119.7,155.5,0.44,COMPLETE
5705,5705,0.6875,2026-04-05 20:54:34.631782,2026-04-05 20:54:41.482471,0 days 00:00:06.850689,499,1,116.4,156.2,0.42,COMPLETE
5706,5706,0.6875,2026-04-05 20:54:41.497897,2026-04-05 20:54:48.265739,0 days 00:00:06.767842,496,1,117.2,153.6,0.47000000000000003,COMPLETE
5707,5707,0.825,2026-04-05 20:54:48.279612,2026-04-05 20:55:22.258136,0 days 00:00:33.978524,495,2,118.6,155.1,0.56,COMPLETE
5708,5708,0.6875,2026-04-05 20:55:22.273548,2026-04-05 20:55:29.310932,0 days 00:00:07.037384,355,2,117.5,157.0,0.33,COMPLETE
5709,5709,0.6875,2026-04-05 20:55:29.325492,2026-04-05 20:55:36.113232,0 days 00:00:06.787740,476,1,117.1,154.1,0.56,COMPLETE
5710,5710,0.6875,2026-04-05 20:55:36.129146,2026-04-05 20:55:44.082918,0 days 00:00:07.953772,179,3,122.9,157.5,1.79,COMPLETE
5711,5711,0.6875,2026-04-05 20:55:44.098207,2026-04-05 20:55:51.769219,0 days 00:00:07.671012,246,3,114.0,152.2,1.43,COMPLETE
5712,5712,0.6875,2026-04-05 20:55:51.785017,2026-04-05 20:55:58.443324,0 days 00:00:06.658307,471,1,113.3,153.7,0.33,COMPLETE
5713,5713,0.6875,2026-04-05 20:55:58.459126,2026-04-05 20:56:05.215275,0 days 00:00:06.756149,475,1,115.7,151.2,0.5,COMPLETE
5714,5714,0.825,2026-04-05 20:56:05.231155,2026-04-05 20:56:39.302993,0 days 00:00:34.071838,465,1,118.0,154.9,0.43,COMPLETE
5715,5715,0.825,2026-04-05 20:56:39.316127,2026-04-05 20:57:13.334713,0 days 00:00:34.018586,435,1,119.5,153.1,0.56,COMPLETE
5716,5716,0.671875,2026-04-05 20:57:13.351150,2026-04-05 20:57:20.092351,0 days 00:00:06.741201,410,1,117.7,153.6,0.38,COMPLETE
5717,5717,0.6875,2026-04-05 20:57:20.107641,2026-04-05 20:57:26.832654,0 days 00:00:06.725013,393,1,117.4,156.2,0.43,COMPLETE
5718,5718,0.6875,2026-04-05 20:57:26.844664,2026-04-05 20:57:33.565359,0 days 00:00:06.720695,425,1,115.9,154.4,0.45,COMPLETE
5719,5719,0.6875,2026-04-05 20:57:33.581475,2026-04-05 20:57:40.703059,0 days 00:00:07.121584,432,1,121.8,152.4,0.6900000000000001,COMPLETE
5720,5720,0.6875,2026-04-05 20:57:40.719292,2026-04-05 20:57:48.020302,0 days 00:00:07.301010,496,1,115.1,156.1,0.6,COMPLETE
5721,5721,0.6875,2026-04-05 20:57:48.035681,2026-04-05 20:57:54.979633,0 days 00:00:06.943952,406,1,117.2,155.4,0.42,COMPLETE
5722,5722,0.6875,2026-04-05 20:57:54.995472,2026-04-05 20:58:01.693504,0 days 00:00:06.698032,447,1,116.5,152.4,0.63,COMPLETE
5723,5723,0.6875,2026-04-05 20:58:01.709502,2026-04-05 20:58:09.157326,0 days 00:00:07.447824,371,1,122.4,155.3,0.75,COMPLETE
5724,5724,0.825,2026-04-05 20:58:09.172881,2026-04-05 20:58:23.040654,0 days 00:00:13.867773,317,1,118.2,153.5,0.25,COMPLETE
5725,5725,0.6875,2026-04-05 20:58:23.056188,2026-04-05 20:58:29.974394,0 days 00:00:06.918206,417,2,115.9,156.2,0.75,COMPLETE
5726,5726,0.825,2026-04-05 20:58:29.989393,2026-04-05 20:59:04.200832,0 days 00:00:34.211439,417,2,119.5,155.1,0.72,COMPLETE
5727,5727,0.6875,2026-04-05 20:59:04.213572,2026-04-05 20:59:11.125849,0 days 00:00:06.912277,484,1,117.3,154.6,0.6,COMPLETE
5728,5728,0.825,2026-04-05 20:59:11.141257,2026-04-05 20:59:45.412352,0 days 00:00:34.271095,370,1,120.6,155.3,0.27,COMPLETE
5729,5729,0.6875,2026-04-05 20:59:45.427885,2026-04-05 20:59:52.406951,0 days 00:00:06.979066,409,1,116.9,155.0,0.62,COMPLETE
5730,5730,0.825,2026-04-05 20:59:52.419685,2026-04-05 21:00:26.365690,0 days 00:00:33.946005,498,2,119.3,153.2,0.52,COMPLETE
5731,5731,0.6875,2026-04-05 21:00:26.382084,2026-04-05 21:00:33.402049,0 days 00:00:07.019965,418,2,117.4,152.2,0.34,COMPLETE
5732,5732,0.6875,2026-04-05 21:00:33.417996,2026-04-05 21:00:40.203426,0 days 00:00:06.785430,376,1,114.5,150.2,0.19,COMPLETE
5733,5733,0.825,2026-04-05 21:00:40.215834,2026-04-05 21:01:15.261459,0 days 00:00:35.045625,452,2,123.8,156.8,0.41000000000000003,COMPLETE
5734,5734,0.825,2026-04-05 21:01:15.273896,2026-04-05 21:01:50.114855,0 days 00:00:34.840959,385,1,118.2,153.1,0.24,COMPLETE
5735,5735,0.6875,2026-04-05 21:01:50.130590,2026-04-05 21:01:57.439614,0 days 00:00:07.309024,443,1,113.8,157.1,0.58,COMPLETE
5736,5736,0.6875,2026-04-05 21:01:57.455357,2026-04-05 21:02:04.776923,0 days 00:00:07.321566,150,2,114.5,156.3,0.8200000000000001,COMPLETE
5737,5737,0.825,2026-04-05 21:02:04.789475,2026-04-05 21:02:10.991111,0 days 00:00:06.201636,415,2,125.6,153.5,0.58,COMPLETE
5738,5738,0.6875,2026-04-05 21:02:11.006472,2026-04-05 21:02:18.691721,0 days 00:00:07.685249,413,1,115.8,154.2,0.62,COMPLETE
5739,5739,0.6875,2026-04-05 21:02:18.706941,2026-04-05 21:02:25.148841,0 days 00:00:06.441900,487,1,115.6,153.8,0.44,COMPLETE
5740,5740,0.825,2026-04-05 21:02:25.163950,2026-04-05 21:02:59.724815,0 days 00:00:34.560865,459,2,122.2,155.3,0.25,COMPLETE
5741,5741,0.825,2026-04-05 21:02:59.740275,2026-04-05 21:03:34.270927,0 days 00:00:34.530652,313,1,117.8,156.1,0.3,COMPLETE
5742,5742,0.6875,2026-04-05 21:03:34.286319,2026-04-05 21:03:41.077297,0 days 00:00:06.790978,366,1,114.8,156.0,0.59,COMPLETE
5743,5743,0.6875,2026-04-05 21:03:41.089731,2026-04-05 21:03:47.536529,0 days 00:00:06.446798,475,2,115.2,156.1,0.4,COMPLETE
5744,5744,0.6875,2026-04-05 21:03:47.552267,2026-04-05 21:03:54.424721,0 days 00:00:06.872454,269,1,116.2,154.9,0.26,COMPLETE
5745,5745,0.6875,2026-04-05 21:03:54.440382,2026-04-05 21:04:00.944260,0 days 00:00:06.503878,343,1,116.7,154.2,0.27,COMPLETE
5746,5746,0.6875,2026-04-05 21:04:00.960000,2026-04-05 21:04:07.577435,0 days 00:00:06.617435,431,1,116.5,152.6,0.41000000000000003,COMPLETE
5747,5747,0.6875,2026-04-05 21:04:07.593100,2026-04-05 21:04:14.467082,0 days 00:00:06.873982,313,1,116.9,151.1,0.01,COMPLETE
5748,5748,0.825,2026-04-05 21:04:14.482953,2026-04-05 21:04:48.762053,0 days 00:00:34.279100,433,2,118.5,155.5,0.29,COMPLETE
5749,5749,0.6875,2026-04-05 21:04:48.778825,2026-04-05 21:04:55.610715,0 days 00:00:06.831890,379,1,117.3,153.4,0.55,COMPLETE
5750,5750,0.825,2026-04-05 21:04:55.626125,2026-04-05 21:05:29.741750,0 days 00:00:34.115625,369,1,119.0,154.1,0.22,COMPLETE
