params_x,params_y,params_z,user_attrs_top-1
125.1,148.7,0.17,0.7578125
125.1,148.7,0.17,0.7578125
115.5,159.7,0.24,0.7578125
115.5,159.7,0.24,0.7578125
121.3,155.3,0.32,0.7578125
121.3,155.3,0.32,0.7578125
114.7,150.4,0.37,0.7578125
114.7,150.4,0.37,0.7578125
119.7,150.3,0.5,0.7578125
119.7,150.3,0.5,0.7578125
122.2,151.3,0.11,0.7578125
122.2,151.3,0.11,0.7578125
122.0,156.4,0.41000000000000003,-1.0
122.0,156.4,0.41000000000000003,-1.0
119.7,159.4,0.44,0.7578125
119.7,159.4,0.44,0.7578125
113.2,159.1,0.2,0.7578125
113.2,159.1,0.2,0.7578125
121.3,159.7,0.18,0.7578125
121.3,159.7,0.18,0.7578125
126.2,149.4,0.32,0.7578125
126.2,149.4,0.32,0.7578125
121.6,148.6,0.25,0.7578125
121.6,148.6,0.25,0.7578125
126.0,151.3,0.09,-1.0
126.0,151.3,0.09,0.7578125
113.1,156.4,0.4,0.7578125
113.1,156.4,0.4,0.7578125
117.3,155.4,0.07,0.7578125
117.3,155.4,0.07,0.7578125
116.3,159.1,0.32,0.7578125
116.3,159.1,0.32,0.7578125
118.8,148.1,0.11,0.7578125
118.8,148.1,0.11,0.7578125
116.5,155.1,0.24,0.7578125
116.5,155.1,0.24,0.7578125
127.0,157.7,0.03,0.7578125
127.0,157.7,0.03,0.7578125
117.4,159.7,0.14,0.7578125
117.4,159.7,0.14,0.7578125
126.9,154.4,0.44,0.7578125
126.9,154.4,0.44,0.7578125
121.2,153.2,0.31,-1.0
121.2,153.2,0.31,0.7578125
126.3,154.9,0.26,-1.0
126.3,154.9,0.26,0.7578125
124.1,149.8,0.17,0.7578125
124.1,149.8,0.17,0.7578125
124.7,149.0,0.03,0.7578125
124.7,149.0,0.03,0.7578125
118.0,160.0,0.29,0.7578125
118.0,160.0,0.29,0.7578125
117.5,154.5,0.34,0.7578125
117.5,154.5,0.34,0.7578125
121.7,157.8,0.26,0.7578125
121.7,157.8,0.26,0.7578125
126.5,148.8,0.17,0.7578125
126.5,148.8,0.17,0.7578125
121.0,154.4,0.11,0.7578125
121.0,154.4,0.11,0.7578125
121.9,155.4,0.29,0.7578125
121.9,155.4,0.29,0.7578125
113.7,148.5,0.34,0.7578125
113.7,148.5,0.34,0.7578125
113.0,151.6,0.43,0.7578125
113.0,151.6,0.43,0.7578125
117.4,150.5,0.28,0.7578125
117.4,150.5,0.28,0.7578125
116.7,149.7,0.42,0.7578125
116.7,149.7,0.42,0.7578125
114.1,153.1,0.29,0.7578125
114.1,153.1,0.29,0.7578125
115.0,160.0,0.22,0.7578125
115.0,160.0,0.22,0.7578125
115.6,151.3,0.38,0.7578125
115.6,151.3,0.38,0.7578125
120.6,155.5,0.41000000000000003,0.7578125
120.6,155.5,0.41000000000000003,0.7578125
119.1,153.1,0.5,0.7578125
119.1,153.1,0.5,0.7578125
113.1,157.3,0.15,0.7578125
113.1,157.3,0.15,0.7578125
123.2,149.1,0.49,0.7578125
123.2,149.1,0.49,0.7578125
119.5,149.0,0.48,0.7578125
119.5,149.0,0.48,0.7578125
126.0,159.8,0.38,0.7578125
126.0,159.8,0.38,0.7578125
119.7,150.8,0.45,0.7578125
119.7,150.8,0.45,0.7578125
122.9,148.7,0.22,0.7578125
122.9,148.7,0.22,0.7578125
117.3,149.0,0.49,0.7578125
117.3,149.0,0.49,0.7578125
113.4,159.4,0.34,0.7578125
113.4,159.4,0.34,0.7578125
124.2,151.7,0.25,0.7578125
124.2,151.7,0.25,0.7578125
122.3,148.0,0.12,0.7578125
122.3,148.0,0.12,0.7578125
125.5,148.0,0.16,0.7578125
125.5,148.0,0.16,0.7578125
122.7,151.7,0.15,0.7578125
122.7,151.7,0.15,0.7578125
115.5,157.8,0.21,0.7578125
115.5,157.8,0.21,0.7578125
119.3,152.0,0.09,0.7578125
119.3,152.0,0.09,0.7578125
122.5,151.9,0.49,0.7578125
122.5,151.9,0.49,0.7578125
122.8,150.8,0.01,0.7578125
122.8,150.8,0.01,0.7578125
122.1,151.2,0.1,0.7578125
122.1,151.2,0.1,0.7578125
113.6,148.4,0.07,0.7578125
113.6,148.4,0.07,0.7578125
118.3,156.7,0.32,-1.0
118.3,156.7,0.32,-1.0
114.6,151.1,0.3,0.7578125
114.6,151.1,0.3,0.7578125
122.6,155.1,0.34,-1.0
122.6,155.1,0.34,-1.0
122.5,158.3,0.36,0.7578125
122.5,158.3,0.36,0.7578125
121.5,156.7,0.49,-1.0
121.5,156.7,0.49,-1.0
122.9,155.8,0.38,-1.0
122.9,155.8,0.38,-1.0
127.0,148.2,0.26,0.7578125
127.0,148.2,0.26,0.7578125
120.3,153.6,0.29,0.7578125
120.3,153.6,0.29,0.7578125
119.8,149.7,0.36,0.7578125
119.8,149.7,0.36,0.7578125
119.7,158.9,0.43,0.7578125
119.7,158.9,0.43,0.7578125
124.4,157.0,0.45,0.7578125
124.4,157.0,0.45,0.7578125
119.1,156.2,0.18,-1.0
119.1,156.2,0.18,-1.0
124.8,153.9,0.08,-1.0
124.8,153.9,0.08,-1.0
116.6,157.1,0.48,0.7578125
116.6,157.1,0.48,0.7578125
117.3,159.7,0.39,0.7578125
117.3,159.7,0.39,0.7578125
126.2,159.6,0.14,0.7578125
126.2,159.6,0.14,0.7578125
119.5,159.0,0.45,0.7578125
119.5,159.0,0.45,0.7578125
121.8,159.2,0.48,0.7578125
121.8,159.2,0.48,0.7578125
115.0,159.7,0.22,0.7578125
115.0,159.7,0.22,0.7578125
119.2,150.9,0.48,0.7578125
119.2,150.9,0.48,0.7578125
125.8,151.6,0.11,0.7578125
125.8,151.6,0.11,-1.0
116.6,159.7,0.26,0.7578125
116.6,159.7,0.26,0.7578125
121.3,160.0,0.38,0.7578125
121.3,160.0,0.38,0.7578125
114.0,159.2,0.16,0.7578125
114.0,159.2,0.16,0.7578125
114.6,157.3,0.27,0.7578125
114.6,157.3,0.27,0.7578125
114.0,159.6,0.23,0.7578125
114.0,159.6,0.23,0.7578125
115.1,158.0,0.07,0.7578125
115.1,158.0,0.07,0.7578125
120.5,156.1,0.31,-1.0
120.5,156.1,0.31,-1.0
113.0,157.2,0.24,0.7578125
113.0,157.2,0.24,0.7578125
116.5,150.6,0.42,0.7578125
116.5,150.6,0.42,0.7578125
113.8,150.9,0.4,0.7578125
113.8,150.9,0.4,0.7578125
125.6,149.3,0.1,0.7578125
125.6,149.3,0.1,0.7578125
119.5,154.9,0.39,-1.0
119.5,154.9,0.39,-1.0
120.7,158.5,0.12,0.7578125
120.7,158.5,0.12,0.7578125
120.8,160.0,0.25,0.7578125
120.8,160.0,0.25,0.7578125
118.7,159.9,0.16,0.7578125
118.7,159.9,0.16,0.7578125
116.3,149.1,0.34,0.7578125
116.3,149.1,0.34,0.7578125
123.6,157.6,0.24,0.7578125
123.6,157.6,0.24,0.7578125
123.2,159.4,0.21,0.7578125
123.2,159.4,0.21,0.7578125
121.5,153.3,0.17,0.7578125
121.5,153.3,0.17,0.7578125
120.0,150.2,0.18,0.7578125
120.0,150.2,0.18,0.7578125
122.4,159.9,0.12,0.7578125
122.4,159.9,0.12,0.7578125
124.6,149.6,0.2,0.7578125
124.6,149.6,0.2,0.7578125
123.8,150.0,0.36,0.7578125
123.8,150.0,0.36,0.7578125
126.6,151.7,0.31,0.7578125
126.6,151.7,0.31,0.7578125
125.1,149.2,0.25,0.7578125
125.1,149.2,0.25,0.7578125
126.4,148.5,0.35000000000000003,0.7578125
126.4,148.5,0.35000000000000003,0.7578125
113.0,159.2,0.14,0.7578125
113.0,159.2,0.14,0.7578125
121.8,148.0,0.5,0.7578125
121.8,148.0,0.5,0.7578125
121.8,153.5,0.41000000000000003,0.7578125
121.8,153.5,0.41000000000000003,0.7578125
119.1,157.6,0.43,-1.0
119.1,157.6,0.43,-1.0
121.5,150.8,0.1,0.7578125
121.5,150.8,0.1,0.7578125
125.5,150.8,0.31,0.7578125
125.5,150.8,0.31,0.7578125
122.5,148.3,0.37,0.7578125
122.5,148.3,0.37,0.7578125
119.5,148.5,0.28,0.7578125
119.5,148.5,0.28,0.7578125
122.0,151.5,0.25,0.7578125
122.0,151.5,0.25,0.7578125
121.8,157.2,0.41000000000000003,-1.0
121.8,157.2,0.41000000000000003,-1.0
113.1,152.6,0.17,0.7578125
113.1,152.6,0.17,0.7578125
123.3,148.0,0.28,0.7578125
123.3,148.0,0.28,0.7578125
121.2,148.9,0.26,0.7578125
121.2,148.9,0.26,0.7578125
123.1,156.6,0.02,-1.0
123.1,156.6,0.02,-1.0
117.9,157.9,0.21,0.7578125
117.9,157.9,0.21,0.7578125
114.0,150.0,0.32,0.7578125
114.0,150.0,0.32,0.7578125
127.0,151.0,0.17,0.7578125
127.0,151.0,0.17,0.7578125
121.5,153.0,0.03,-1.0
121.5,153.0,0.03,-1.0
123.4,150.0,0.13,0.7578125
123.4,150.0,0.13,0.7578125
124.8,153.0,0.12,-1.0
124.8,153.0,0.12,-1.0
124.8,151.1,0.08,0.7578125
124.8,151.1,0.08,0.7578125
124.8,148.0,0.17,0.7578125
124.8,148.0,0.17,0.7578125
122.9,154.9,0.27,-1.0
122.9,154.9,0.27,0.7578125
126.7,152.6,0.04,0.7578125
126.7,152.6,0.04,0.7578125
118.6,151.3,0.45,0.7578125
118.6,151.3,0.45,0.7578125
113.3,159.4,0.24,0.7578125
113.3,159.4,0.24,0.7578125
115.6,153.4,0.34,0.7578125
115.6,153.4,0.34,0.7578125
113.6,155.3,0.34,0.7578125
113.6,155.3,0.34,0.7578125
113.1,155.1,0.42,0.7578125
113.1,155.1,0.42,0.7578125
115.7,156.9,0.4,0.7578125
115.7,156.9,0.4,0.7578125
113.0,156.9,0.37,0.7578125
113.0,156.9,0.37,0.7578125
119.2,159.4,0.47000000000000003,0.7578125
119.2,159.4,0.47000000000000003,0.7578125
119.2,151.2,0.5,0.7578125
119.2,151.2,0.5,0.7578125
113.2,158.6,0.45,0.7578125
113.2,158.6,0.45,0.7578125
120.2,156.6,0.37,-1.0
120.2,156.6,0.37,-1.0
126.1,150.2,0.01,0.7578125
126.1,150.2,0.01,0.7578125
116.1,159.2,0.19,0.7578125
116.1,159.2,0.19,0.7578125
120.7,158.9,0.19,0.7578125
120.7,158.9,0.19,0.7578125
121.3,150.5,0.49,0.7578125
121.3,150.5,0.49,0.7578125
113.3,148.8,0.44,0.7578125
113.3,148.8,0.44,0.7578125
116.8,153.6,0.05,0.7578125
116.8,153.6,0.05,0.7578125
118.7,156.5,0.12,-1.0
118.7,156.5,0.12,-1.0
117.6,157.7,0.06,0.7578125
117.6,157.7,0.06,0.7578125
115.3,154.0,0.12,0.7578125
115.3,154.0,0.12,0.7578125
126.9,149.3,0.42,0.7578125
126.9,149.3,0.42,0.7578125
115.1,156.2,0.08,0.7578125
115.1,156.2,0.08,0.7578125
124.5,156.4,0.39,0.7578125
124.5,156.4,0.39,0.7578125
116.5,157.5,0.33,0.7578125
116.5,157.5,0.33,0.7578125
114.7,159.1,0.28,0.7578125
114.7,159.1,0.28,0.7578125
117.2,155.3,0.04,0.7578125
117.2,155.3,0.04,0.7578125
115.7,159.8,0.34,0.7578125
115.7,159.8,0.34,0.7578125
118.4,159.8,0.28,0.7578125
118.4,159.8,0.28,0.7578125
127.0,149.9,0.28,0.7578125
127.0,149.9,0.28,0.7578125
122.5,149.1,0.15,0.7578125
122.5,149.1,0.15,0.7578125
121.4,154.9,0.33,0.7578125
121.4,154.9,0.33,0.7578125
121.5,149.9,0.22,0.7578125
121.5,149.9,0.22,0.7578125
127.0,148.7,0.15,0.7578125
127.0,148.7,0.15,0.7578125
119.8,149.2,0.08,0.7578125
119.8,149.2,0.08,0.7578125
119.4,148.1,0.15,0.7578125
119.4,148.1,0.15,0.7578125
117.0,150.6,0.23,0.7578125
117.0,150.6,0.23,0.7578125
116.2,159.1,0.28,0.7578125
116.2,159.1,0.28,0.7578125
115.3,150.2,0.38,0.7578125
115.3,150.2,0.38,0.7578125
117.0,148.5,0.07,0.7578125
117.0,148.5,0.07,0.7578125
118.0,148.3,0.2,0.7578125
118.0,148.3,0.2,0.7578125
120.4,148.1,0.11,0.7578125
120.4,148.1,0.11,0.7578125
119.4,155.0,0.04,-1.0
119.4,155.0,0.04,-1.0
117.7,154.8,0.18,0.7578125
117.7,154.8,0.18,0.7578125
114.4,155.6,0.2,0.7578125
114.4,155.6,0.2,0.7578125
117.5,154.1,0.28,0.7578125
117.5,154.1,0.28,0.7578125
117.0,156.5,0.29,0.7578125
117.0,156.5,0.29,0.7578125
120.2,159.2,0.37,0.7578125
120.2,159.2,0.37,0.7578125
118.6,148.7,0.48,0.7578125
118.6,148.7,0.48,0.7578125
121.6,151.9,0.12,0.7578125
121.6,151.9,0.12,0.7578125
113.0,156.1,0.49,0.7578125
113.0,156.1,0.49,0.7578125
113.7,157.8,0.19,0.7578125
113.7,157.8,0.19,0.7578125
122.7,156.1,0.47000000000000003,-1.0
122.7,156.1,0.47000000000000003,-1.0
126.5,156.3,0.08,0.7578125
126.5,156.3,0.08,0.7578125
124.3,158.4,0.0,0.7578125
124.3,158.4,0.0,0.7578125
125.2,158.5,0.09,0.7578125
125.2,158.5,0.09,0.7578125
116.5,156.2,0.23,0.7578125
116.5,156.2,0.23,0.7578125
123.0,149.4,0.27,0.7578125
123.0,149.4,0.27,0.7578125
122.6,160.0,0.18,0.7578125
122.6,160.0,0.18,0.7578125
126.5,157.3,0.07,0.7578125
126.5,157.3,0.07,0.7578125
126.5,156.8,0.0,0.7578125
126.5,156.8,0.0,0.7578125
117.0,158.3,0.37,0.7578125
117.0,158.3,0.37,0.7578125
122.8,148.9,0.0,0.7578125
122.8,148.9,0.0,0.7578125
117.6,159.5,0.07,0.7578125
117.6,159.5,0.07,0.7578125
117.1,159.1,0.21,0.7578125
117.1,159.1,0.21,0.7578125
126.9,159.6,0.07,0.7578125
126.9,159.6,0.07,0.7578125
122.4,157.4,0.31,-1.0
122.4,157.4,0.31,-1.0
118.0,159.6,0.12,0.7578125
118.0,159.6,0.12,0.7578125
116.2,152.7,0.46,0.7578125
116.2,152.7,0.46,0.7578125
125.1,151.5,0.12,-1.0
125.1,151.5,0.12,0.7578125
115.5,158.9,0.15,0.7578125
115.5,158.9,0.15,0.7578125
115.7,160.0,0.26,0.7578125
115.7,160.0,0.26,0.7578125
119.9,159.9,0.11,0.7578125
119.9,159.9,0.11,0.7578125
126.4,153.3,0.41000000000000003,-1.0
126.4,153.3,0.41000000000000003,0.7578125
125.1,148.7,0.28,0.7578125
125.1,148.7,0.28,0.7578125
125.2,154.4,0.4,-1.0
125.2,154.4,0.4,-1.0
125.8,152.9,0.45,-1.0
125.8,152.9,0.45,0.7578125
122.3,148.2,0.21,0.7578125
122.3,148.2,0.21,0.7578125
126.7,154.3,0.42,0.7578125
126.7,154.3,0.42,0.7578125
118.4,148.5,0.0,0.7578125
118.4,148.5,0.0,0.7578125
119.3,156.0,0.46,-1.0
119.3,156.0,0.46,-1.0
125.7,155.7,0.44,0.7578125
125.7,155.7,0.44,0.7578125
114.3,160.0,0.1,0.7578125
114.3,160.0,0.1,0.7578125
122.2,157.2,0.21,-1.0
122.2,157.2,0.21,-1.0
119.9,154.1,0.24,0.7578125
119.9,154.1,0.24,0.7578125
122.0,153.4,0.3,0.7578125
122.0,153.4,0.3,0.7578125
119.7,154.3,0.36,0.7578125
119.7,154.3,0.36,0.7578125
122.1,155.5,0.32,0.7578125
122.1,155.5,0.32,0.7578125
113.5,157.5,0.38,0.7578125
113.5,157.5,0.38,0.7578125
114.8,151.6,0.36,0.7578125
114.8,151.6,0.36,0.7578125
115.8,155.1,0.27,0.7578125
115.8,155.1,0.27,0.7578125
119.6,158.3,0.46,0.7578125
119.6,158.3,0.46,0.7578125
126.6,157.8,0.02,0.7578125
126.6,157.8,0.02,0.7578125
117.8,149.5,0.13,0.7578125
117.8,149.5,0.13,0.7578125
125.8,155.1,0.5,0.7578125
125.8,155.1,0.5,0.7578125
126.5,154.0,0.24,-1.0
126.5,154.0,0.24,0.7578125
123.1,153.8,0.23,0.7578125
123.1,153.8,0.23,0.7578125
125.4,154.8,0.32,-1.0
125.4,154.8,0.32,-1.0
116.8,159.7,0.46,0.7578125
116.8,159.7,0.46,0.7578125
119.9,151.9,0.31,0.7578125
119.9,151.9,0.31,0.7578125
124.0,153.3,0.33,0.7578125
124.0,153.3,0.33,0.7578125
122.4,151.9,0.34,0.7578125
122.4,151.9,0.34,0.7578125
113.2,158.2,0.19,0.7578125
113.2,158.2,0.19,0.7578125
125.2,155.0,0.24,-1.0
125.2,155.0,0.24,-1.0
124.9,149.0,0.13,0.7578125
124.9,149.0,0.13,0.7578125
122.7,150.5,0.12,0.7578125
122.7,150.5,0.12,0.7578125
124.4,149.9,0.11,0.7578125
124.4,149.9,0.11,0.7578125
127.0,150.3,0.11,0.7578125
127.0,150.3,0.11,0.7578125
124.3,151.5,0.21,0.7578125
124.3,151.5,0.21,0.7578125
119.0,157.7,0.17,-1.0
119.0,157.7,0.17,-1.0
125.6,157.2,0.32,0.7578125
125.6,157.2,0.32,0.7578125
127.0,156.0,0.4,0.7578125
127.0,156.0,0.4,0.7578125
117.8,155.8,0.05,-1.0
117.8,155.8,0.05,-1.0
124.3,148.1,0.01,0.7578125
124.3,148.1,0.01,0.7578125
124.2,150.7,0.04,0.7578125
124.2,150.7,0.04,0.7578125
124.7,150.5,0.2,0.7578125
124.7,150.5,0.2,0.7578125
120.0,149.6,0.48,0.7578125
120.0,149.6,0.48,0.7578125
124.5,149.0,0.07,0.7578125
124.5,149.0,0.07,0.7578125
114.6,159.5,0.33,0.7578125
114.6,159.5,0.33,0.7578125
122.0,155.3,0.44,0.7578125
122.0,155.3,0.44,0.7578125
116.7,159.9,0.18,0.7578125
116.7,159.9,0.18,0.7578125
126.1,148.2,0.36,0.7578125
126.1,148.2,0.36,0.7578125
126.5,148.3,0.06,0.7578125
126.5,148.3,0.06,0.7578125
124.9,149.6,0.22,0.7578125
124.9,149.6,0.22,0.7578125
118.3,153.3,0.13,-1.0
118.3,153.3,0.13,-1.0
118.8,158.6,0.32,0.7578125
118.8,158.6,0.32,0.7578125
119.0,155.4,0.28,-1.0
119.0,155.4,0.28,-1.0
126.8,157.8,0.17,0.7578125
126.8,157.8,0.17,0.7578125
115.6,155.2,0.38,0.7578125
115.6,155.2,0.38,0.7578125
115.4,149.4,0.35000000000000003,0.7578125
115.4,149.4,0.35000000000000003,0.7578125
123.3,152.2,0.13,0.7578125
123.3,152.2,0.13,0.7578125
115.2,157.0,0.28,0.7578125
115.2,157.0,0.28,0.7578125
124.3,153.2,0.0,-1.0
124.3,153.2,0.0,-1.0
122.6,149.1,0.19,0.7578125
122.6,149.1,0.19,0.7578125
113.4,158.9,0.22,0.7578125
113.4,158.9,0.22,0.7578125
127.0,154.1,0.31,0.7578125
127.0,154.1,0.31,0.7578125
126.0,150.7,0.34,0.7578125
126.0,150.7,0.34,0.7578125
127.0,155.4,0.2,0.7578125
127.0,155.4,0.2,0.7578125
121.5,159.2,0.42,0.7578125
121.5,159.2,0.42,0.7578125
120.6,149.4,0.27,0.7578125
120.6,149.4,0.27,0.7578125
115.7,150.5,0.47000000000000003,0.7578125
115.7,150.5,0.47000000000000003,0.7578125
120.5,159.1,0.22,0.7578125
120.5,159.1,0.22,0.7578125
127.0,150.6,0.02,0.7578125
127.0,150.6,0.02,0.7578125
122.1,156.6,0.38,-1.0
122.1,156.6,0.38,-1.0
121.4,150.2,0.06,0.7578125
121.4,150.2,0.06,0.7578125
124.8,158.6,0.48,0.7578125
124.8,158.6,0.48,0.7578125
116.2,156.7,0.12,0.7578125
116.2,156.7,0.12,0.7578125
117.7,160.0,0.37,0.7578125
117.7,160.0,0.37,0.7578125
113.7,157.1,0.42,0.7578125
113.7,157.1,0.42,0.7578125
122.6,157.9,0.13,0.7578125
122.6,157.9,0.13,0.7578125
126.6,152.3,0.1,0.7578125
126.6,152.3,0.1,0.7578125
119.4,148.7,0.11,0.7578125
119.4,148.7,0.11,0.7578125
124.9,149.6,0.18,0.7578125
124.9,149.6,0.18,0.7578125
120.6,154.8,0.33,0.7578125
120.6,154.8,0.33,0.7578125
113.5,159.7,0.28,0.7578125
113.5,159.7,0.28,0.7578125
120.9,159.7,0.49,0.7578125
120.9,159.7,0.49,0.7578125
118.6,150.2,0.39,0.7578125
118.6,150.2,0.39,0.7578125
122.0,153.3,0.37,0.7578125
122.0,153.3,0.37,0.7578125
116.6,158.3,0.27,0.7578125
116.6,158.3,0.27,0.7578125
124.4,149.2,0.15,0.7578125
124.4,149.2,0.15,0.7578125
113.2,155.1,0.41000000000000003,0.7578125
113.2,155.1,0.41000000000000003,0.7578125
115.2,159.7,0.21,0.7578125
115.2,159.7,0.21,0.7578125
122.7,150.7,0.27,0.7578125
122.7,150.7,0.27,0.7578125
116.8,155.3,0.21,0.7578125
116.8,155.3,0.21,0.7578125
120.5,151.7,0.49,0.7578125
120.5,151.7,0.49,0.7578125
125.6,148.0,0.21,0.7578125
125.6,148.0,0.21,0.7578125
123.8,148.2,0.12,0.7578125
123.8,148.2,0.12,0.7578125
119.5,159.5,0.18,0.7578125
119.5,159.5,0.18,0.7578125
125.4,159.2,0.0,0.7578125
125.4,159.2,0.0,0.7578125
127.0,155.5,0.48,0.7578125
127.0,155.5,0.48,0.7578125
124.1,149.5,0.0,0.7578125
124.1,149.5,0.0,0.7578125
120.2,151.6,0.23,0.7578125
120.2,151.6,0.23,0.7578125
124.6,151.1,0.5,0.7578125
124.6,151.1,0.5,0.7578125
117.1,148.4,0.11,0.7578125
117.1,148.4,0.11,0.7578125
115.9,153.5,0.25,0.7578125
115.9,153.5,0.25,0.7578125
117.0,157.5,0.0,0.7578125
117.0,157.5,0.0,0.7578125
126.7,156.7,0.05,0.7578125
126.7,156.7,0.05,0.7578125
122.6,159.5,0.29,0.7578125
122.6,159.5,0.29,0.7578125
124.9,149.7,0.31,0.7578125
124.9,149.7,0.31,0.7578125
119.0,159.6,0.43,0.7578125
119.0,159.6,0.43,0.7578125
120.9,157.2,0.42,0.7578125
120.9,157.2,0.42,0.7578125
115.7,154.2,0.07,0.7578125
115.7,154.2,0.07,0.7578125
120.8,156.6,0.29,-1.0
120.8,156.6,0.29,-1.0
123.9,151.4,0.12,0.7578125
123.9,151.4,0.12,0.7578125
127.0,152.5,0.45,0.7578125
127.0,152.5,0.45,0.7578125
113.6,149.7,0.39,0.7578125
113.6,149.7,0.39,0.7578125
117.4,150.0,0.5,0.7578125
117.4,150.0,0.5,0.7578125
120.6,151.9,0.08,0.7578125
120.6,151.9,0.08,0.7578125
113.3,159.3,0.16,0.7578125
113.3,159.3,0.16,0.7578125
115.9,160.0,0.11,0.7578125
115.9,160.0,0.11,0.7578125
121.1,149.5,0.19,0.7578125
121.1,149.5,0.19,0.7578125
124.5,155.9,0.29,0.7578125
124.5,155.9,0.29,0.7578125
119.9,148.1,0.06,0.7578125
119.9,148.1,0.06,0.7578125
117.0,158.2,0.12,0.7578125
117.0,158.2,0.12,0.7578125
119.5,148.3,0.35000000000000003,0.7578125
119.5,148.3,0.35000000000000003,0.7578125
121.2,159.5,0.12,0.7578125
121.2,159.5,0.12,0.7578125
116.5,160.0,0.27,0.7578125
116.5,160.0,0.27,0.7578125
126.9,149.9,0.22,0.7578125
126.9,149.9,0.22,0.7578125
122.3,148.8,0.31,0.7578125
122.3,148.8,0.31,0.7578125
121.5,153.2,0.24,-1.0
121.5,153.2,0.24,-1.0
114.8,157.9,0.34,0.7578125
114.8,157.9,0.34,0.7578125
120.5,150.2,0.5,0.7578125
120.5,150.2,0.5,0.7578125
119.8,148.0,0.2,0.7578125
119.8,148.0,0.2,0.7578125
121.8,154.7,0.1,0.7578125
121.8,154.7,0.1,0.7578125
113.1,156.3,0.36,0.7578125
113.1,156.3,0.36,0.7578125
121.6,150.4,0.41000000000000003,0.7578125
121.6,150.4,0.41000000000000003,0.7578125
123.3,157.1,0.42,-1.0
123.3,157.1,0.42,-1.0
122.7,150.2,0.08,0.7578125
122.7,150.2,0.08,0.7578125
125.0,154.7,0.2,-1.0
125.0,154.7,0.2,-1.0
115.4,157.1,0.21,0.7578125
115.4,157.1,0.21,0.7578125
125.9,150.5,0.07,0.7578125
125.9,150.5,0.07,0.7578125
126.9,150.1,0.37,0.7578125
126.9,150.1,0.37,0.7578125
120.3,159.9,0.01,0.7578125
120.3,159.9,0.01,0.7578125
114.2,150.0,0.27,0.7578125
114.2,150.0,0.27,0.7578125
121.7,153.6,0.35000000000000003,0.7578125
121.7,153.6,0.35000000000000003,0.7578125
124.8,151.0,0.15,0.7578125
124.8,151.0,0.15,0.7578125
113.3,153.0,0.36,0.7578125
113.3,153.0,0.36,0.7578125
126.7,159.1,0.01,0.7578125
126.7,159.1,0.01,0.7578125
124.8,148.6,0.05,0.7578125
124.8,148.6,0.05,0.7578125
122.1,158.8,0.17,0.7578125
122.1,158.8,0.17,0.7578125
115.8,158.4,0.24,0.7578125
115.8,158.4,0.24,0.7578125
117.5,155.1,0.11,0.7578125
117.5,155.1,0.11,0.7578125
117.8,158.6,0.18,0.7578125
117.8,158.6,0.18,0.7578125
117.8,152.1,0.38,0.7578125
117.8,152.1,0.38,0.7578125
121.0,151.0,0.15,0.7578125
121.0,151.0,0.15,0.7578125
126.9,148.2,0.0,0.7578125
126.9,148.2,0.0,0.7578125
118.8,157.9,0.4,0.7578125
118.8,157.9,0.4,0.7578125
126.6,155.0,0.27,0.7578125
126.6,155.0,0.27,0.7578125
114.9,155.1,0.02,0.7578125
114.9,155.1,0.02,0.7578125
123.7,155.2,0.4,0.7578125
123.7,155.2,0.4,0.7578125
117.8,150.6,0.09,0.7578125
117.8,150.6,0.09,0.7578125
123.3,150.8,0.18,0.7578125
123.3,150.8,0.18,0.7578125
124.6,151.8,0.04,-1.0
124.6,151.8,0.04,-1.0
126.8,148.2,0.28,0.7578125
126.8,148.2,0.28,0.7578125
114.2,154.9,0.24,0.7578125
114.2,154.9,0.24,0.7578125
119.8,156.8,0.04,-1.0
119.8,156.8,0.04,-1.0
126.5,152.5,0.24,0.7578125
126.5,152.5,0.24,0.7578125
123.7,148.6,0.21,0.7578125
123.7,148.6,0.21,0.7578125
113.0,157.0,0.3,0.7578125
113.0,157.0,0.3,0.7578125
118.3,153.1,0.25,0.7578125
118.3,153.1,0.25,0.7578125
124.5,155.7,0.07,-1.0
124.5,155.7,0.07,-1.0
126.4,153.1,0.5,0.7578125
126.4,153.1,0.5,0.7578125
125.8,148.4,0.14,0.7578125
125.8,148.4,0.14,0.7578125
117.3,159.9,0.19,0.7578125
117.3,159.9,0.19,0.7578125
121.1,159.8,0.19,0.7578125
121.1,159.8,0.19,0.7578125
121.9,156.1,0.37,-1.0
121.9,156.1,0.37,-1.0
113.0,159.6,0.16,0.7578125
113.0,159.6,0.16,0.7578125
119.0,158.2,0.5,0.7578125
119.0,158.2,0.5,0.7578125
123.1,154.7,0.28,-1.0
123.1,154.7,0.28,0.7578125
115.9,155.2,0.42,0.7578125
115.9,155.2,0.42,0.7578125
126.6,154.7,0.4,0.7578125
126.6,154.7,0.4,0.7578125
120.1,153.7,0.38,0.7578125
120.1,153.7,0.38,0.7578125
116.6,150.9,0.38,0.7578125
116.6,150.9,0.38,0.7578125
121.3,153.2,0.3,0.7578125
121.3,153.2,0.3,0.7578125
116.7,157.6,0.41000000000000003,0.7578125
116.7,157.6,0.41000000000000003,0.7578125
121.6,148.2,0.11,0.7578125
121.6,148.2,0.11,0.7578125
120.5,159.3,0.36,0.7578125
120.5,159.3,0.36,0.7578125
115.3,158.4,0.3,0.7578125
115.3,158.4,0.3,0.7578125
122.3,148.3,0.22,0.7578125
122.3,148.3,0.22,0.7578125
125.1,153.3,0.14,-1.0
125.1,153.3,0.14,-1.0
117.5,160.0,0.08,0.7578125
117.5,160.0,0.08,0.7578125
126.8,156.9,0.1,0.7578125
126.8,156.9,0.1,0.7578125
119.7,155.8,0.35000000000000003,-1.0
119.7,155.8,0.35000000000000003,-1.0
118.7,148.1,0.15,0.7578125
118.7,148.1,0.15,0.7578125
115.8,159.2,0.36,0.7578125
115.8,159.2,0.36,0.7578125
120.9,154.8,0.49,0.7578125
120.9,154.8,0.49,0.7578125
114.6,157.8,0.21,0.7578125
114.6,157.8,0.21,0.7578125
127.0,157.0,0.0,0.7578125
127.0,157.0,0.0,0.7578125
119.2,149.2,0.46,0.7578125
119.2,149.2,0.46,0.7578125
115.3,151.7,0.31,0.7578125
115.3,151.7,0.31,0.7578125
126.4,151.2,0.1,-1.0
126.4,151.2,0.1,0.7578125
119.6,156.0,0.25,-1.0
119.6,156.0,0.25,-1.0
124.2,150.4,0.09,0.7578125
124.2,150.4,0.09,0.7578125
114.4,157.4,0.49,0.7578125
114.4,157.4,0.49,0.7578125
116.2,154.0,0.18,0.7578125
116.2,154.0,0.18,0.7578125
124.8,150.1,0.32,0.7578125
124.8,150.1,0.32,0.7578125
114.6,159.4,0.25,0.7578125
114.6,159.4,0.25,0.7578125
119.7,159.8,0.42,0.7578125
119.7,159.8,0.42,0.7578125
118.1,155.8,0.21,-1.0
118.1,155.8,0.21,-1.0
125.0,149.8,0.17,0.7578125
125.0,149.8,0.17,0.7578125
120.5,148.5,0.26,0.7578125
120.5,148.5,0.26,0.7578125
123.2,156.7,0.32,-1.0
123.2,156.7,0.32,-1.0
124.0,149.6,0.25,0.7578125
124.0,149.6,0.25,0.7578125
114.6,151.6,0.46,0.7578125
114.6,151.6,0.46,0.7578125
126.0,155.5,0.29,0.7578125
126.0,155.5,0.29,0.7578125
121.1,151.9,0.02,0.7578125
121.1,151.9,0.02,0.7578125
118.4,160.0,0.16,0.7578125
118.4,160.0,0.16,0.7578125
124.1,148.3,0.34,0.7578125
124.1,148.3,0.34,0.7578125
113.6,160.0,0.23,0.7578125
113.6,160.0,0.23,0.7578125
124.3,154.0,0.47000000000000003,-1.0
124.3,154.0,0.47000000000000003,-1.0
117.4,157.0,0.31,0.7578125
117.4,157.0,0.31,0.7578125
122.0,150.3,0.17,0.7578125
122.0,150.3,0.17,0.7578125
114.7,156.8,0.14,0.7578125
114.7,156.8,0.14,0.7578125
116.2,148.0,0.34,0.7578125
116.2,148.0,0.34,0.7578125
126.3,148.1,0.5,0.7578125
126.3,148.1,0.5,0.7578125
125.8,149.8,0.07,0.7578125
125.8,149.8,0.07,0.7578125
115.2,156.2,0.35000000000000003,0.7578125
115.2,156.2,0.35000000000000003,0.7578125
118.1,155.0,0.11,-1.0
118.1,155.0,0.11,-1.0
126.6,152.2,0.32,0.7578125
126.6,152.2,0.32,-1.0
120.2,151.6,0.33,0.7578125
120.2,151.6,0.33,0.7578125
123.0,157.6,0.47000000000000003,0.7578125
123.0,157.6,0.47000000000000003,0.7578125
115.0,148.4,0.13,0.7578125
115.0,148.4,0.13,0.7578125
123.3,149.8,0.03,-1.0
123.3,149.8,0.03,0.7578125
114.3,149.9,0.39,0.7578125
114.3,149.9,0.39,0.7578125
123.8,152.5,0.25,0.7578125
123.8,152.5,0.25,0.7578125
120.2,150.9,0.44,0.7578125
120.2,150.9,0.44,0.7578125
113.1,155.0,0.45,0.7578125
113.1,155.0,0.45,0.7578125
121.0,154.8,0.32,0.7578125
121.0,154.8,0.32,0.7578125
122.0,153.3,0.12,-1.0
122.0,153.3,0.12,-1.0
117.6,158.8,0.32,0.7578125
117.6,158.8,0.32,0.7578125
117.5,157.2,0.16,0.7578125
117.5,157.2,0.16,0.7578125
118.7,150.1,0.17,0.7578125
118.7,150.1,0.17,0.7578125
120.3,149.6,0.5,0.7578125
120.3,149.6,0.5,0.7578125
123.4,158.0,0.05,0.7578125
123.4,158.0,0.05,0.7578125
120.4,159.8,0.25,0.7578125
120.4,159.8,0.25,0.7578125
125.6,156.5,0.23,0.7578125
125.6,156.5,0.23,0.7578125
118.1,149.4,0.07,0.7578125
118.1,149.4,0.07,0.7578125
127.0,153.8,0.43,0.7578125
127.0,153.8,0.43,0.7578125
119.7,157.3,0.11,-1.0
119.7,157.3,0.11,-1.0
117.3,156.3,0.07,-1.0
117.3,156.3,0.07,-1.0
124.3,159.0,0.14,0.7578125
124.3,159.0,0.14,0.7578125
115.1,158.3,0.18,0.7578125
115.1,158.3,0.18,0.7578125
123.0,149.0,0.14,0.7578125
123.0,149.0,0.14,0.7578125
126.8,149.7,0.29,0.7578125
126.8,149.7,0.29,0.7578125
126.3,150.1,0.15,0.7578125
126.3,150.1,0.15,0.7578125
121.2,150.9,0.27,0.7578125
121.2,150.9,0.27,0.7578125
117.8,159.5,0.28,0.7578125
117.8,159.5,0.28,0.7578125
113.1,156.7,0.44,0.7578125
113.1,156.7,0.44,0.7578125
122.4,151.0,0.14,0.7578125
122.4,151.0,0.14,0.7578125
115.8,148.4,0.43,0.7578125
115.8,148.4,0.43,0.7578125
124.7,150.7,0.01,0.7578125
124.7,150.7,0.01,0.7578125
119.5,151.6,0.49,0.7578125
119.5,151.6,0.49,0.7578125
121.4,155.0,0.22,0.7578125
121.4,155.0,0.22,0.7578125
124.3,153.7,0.36,0.7578125
124.3,153.7,0.36,0.7578125
116.6,159.9,0.16,0.7578125
116.6,159.9,0.16,0.7578125
121.2,156.2,0.39,-1.0
121.2,156.2,0.39,-1.0
126.9,158.9,0.09,0.7578125
126.9,158.9,0.09,0.7578125
117.0,155.3,0.25,0.7578125
117.0,155.3,0.25,0.7578125
124.5,148.4,0.04,0.7578125
124.5,148.4,0.04,0.7578125
114.2,159.9,0.36,0.7578125
114.2,159.9,0.36,0.7578125
124.8,149.7,0.18,0.7578125
124.8,149.7,0.18,0.7578125
113.3,148.1,0.33,0.7578125
113.3,148.1,0.33,0.7578125
127.0,158.3,0.41000000000000003,0.7578125
127.0,158.3,0.41000000000000003,0.7578125
121.9,157.9,0.19,0.7578125
121.9,157.9,0.19,0.7578125
123.2,148.2,0.25,0.7578125
123.2,148.2,0.25,0.7578125
113.1,158.2,0.22,0.7578125
113.1,158.2,0.22,0.7578125
114.1,151.3,0.33,0.7578125
114.1,151.3,0.33,0.7578125
118.8,154.3,0.32,-1.0
118.8,154.3,0.32,-1.0
117.1,155.0,0.02,0.7578125
117.1,155.0,0.02,0.7578125
125.4,152.2,0.08,-1.0
125.4,152.2,0.08,-1.0
127.0,154.7,0.35000000000000003,0.7578125
127.0,154.7,0.35000000000000003,0.7578125
115.3,159.0,0.26,0.7578125
115.3,159.0,0.26,0.7578125
120.5,157.8,0.45,0.7578125
120.5,157.8,0.45,0.7578125
113.0,154.5,0.32,0.7578125
113.0,154.5,0.32,0.7578125
123.2,150.2,0.1,0.7578125
123.2,150.2,0.1,0.7578125
115.8,150.1,0.0,0.7578125
115.8,150.1,0.0,0.7578125
125.7,148.2,0.13,0.7578125
125.7,148.2,0.13,0.7578125
127.0,158.4,0.05,0.7578125
127.0,158.4,0.05,0.7578125
117.3,148.3,0.13,0.7578125
117.3,148.3,0.13,0.7578125
126.1,154.8,0.08,0.7578125
126.1,154.8,0.08,0.7578125
122.1,155.0,0.43,0.7578125
122.1,155.0,0.43,0.7578125
121.6,159.9,0.43,0.7578125
121.6,159.9,0.43,0.7578125
113.3,157.9,0.35000000000000003,0.7578125
113.3,157.9,0.35000000000000003,0.7578125
116.1,160.0,0.19,0.7578125
116.1,160.0,0.19,0.7578125
119.6,148.1,0.08,0.7578125
119.6,148.1,0.08,0.7578125
119.5,154.2,0.01,0.7578125
119.5,154.2,0.01,0.0
119.5,154.2,0.01,0.7578125
119.5,154.2,0.01,0.7578125
119.5,154.2,0.01,0.7578125
119.4,155.1,0.08,-1.0
119.4,155.1,0.08,-1.0
121.5,153.7,0.02,-1.0
121.5,153.7,0.02,-1.0
118.7,156.1,0.03,-1.0
118.7,156.1,0.03,-1.0
117.9,157.5,0.25,0.7578125
117.9,157.5,0.25,0.7578125
118.3,152.2,0.02,0.7578125
118.3,152.2,0.02,0.7578125
117.0,154.5,0.01,0.7578125
117.0,154.5,0.01,0.7578125
122.3,159.7,0.2,0.7578125
122.3,159.7,0.2,0.7578125
126.9,156.6,0.32,0.7578125
126.9,156.6,0.32,0.7578125
119.4,154.3,0.05,-1.0
119.4,154.3,0.05,-1.0
121.8,154.3,0.29,0.7578125
121.8,154.3,0.29,0.7578125
123.2,149.1,0.47000000000000003,0.7578125
123.2,149.1,0.47000000000000003,0.7578125
124.5,155.8,0.42,0.7578125
124.5,155.8,0.42,0.7578125
118.8,154.7,0.04,-1.0
118.8,154.7,0.04,-1.0
120.8,153.1,0.06,0.7578125
120.8,153.1,0.06,0.7578125
126.7,153.6,0.16,-1.0
126.7,153.6,0.16,0.7578125
120.1,159.4,0.13,0.7578125
120.1,159.4,0.13,0.7578125
117.2,153.5,0.07,0.7578125
117.2,153.5,0.07,0.7578125
115.9,158.1,0.33,0.7578125
115.9,158.1,0.33,0.7578125
124.5,151.3,0.19,0.7578125
124.5,151.3,0.19,0.7578125
120.4,158.1,0.32,0.7578125
120.4,158.1,0.32,0.7578125
125.3,154.2,0.29,-1.0
125.3,154.2,0.29,-1.0
113.5,157.6,0.12,0.7578125
113.5,157.6,0.12,0.7578125
120.9,156.1,0.02,-1.0
120.9,156.1,0.02,-1.0
120.6,149.7,0.28,0.7578125
120.6,149.7,0.28,0.7578125
118.2,152.0,0.5,0.7578125
118.2,152.0,0.5,0.7578125
119.6,151.3,0.1,0.7578125
119.6,151.3,0.1,0.7578125
123.4,151.0,0.35000000000000003,0.7578125
123.4,151.0,0.35000000000000003,0.7578125
119.6,159.8,0.49,0.7578125
119.6,159.8,0.49,0.7578125
120.0,153.9,0.02,0.7578125
120.0,153.9,0.02,0.7578125
113.6,151.6,0.4,0.7578125
113.6,151.6,0.4,0.7578125
126.1,149.3,0.39,0.7578125
126.1,149.3,0.39,0.7578125
117.7,160.0,0.41000000000000003,0.7578125
117.7,160.0,0.41000000000000003,0.7578125
127.0,154.9,0.22,0.7578125
127.0,154.9,0.22,0.7578125
116.1,159.5,0.26,0.7578125
116.1,159.5,0.26,0.7578125
120.3,150.1,0.14,0.7578125
120.3,150.1,0.14,0.7578125
125.1,149.1,0.25,0.7578125
125.1,149.1,0.25,0.7578125
121.0,152.6,0.32,0.7578125
121.0,152.6,0.32,0.7578125
122.8,152.3,0.08,0.7578125
122.8,152.3,0.08,-1.0
124.6,156.5,0.02,0.7578125
124.6,156.5,0.02,0.7578125
125.0,158.6,0.25,0.7578125
125.0,158.6,0.25,0.7578125
114.5,156.7,0.42,0.7578125
114.5,156.7,0.42,0.7578125
116.6,158.8,0.11,0.7578125
116.6,158.8,0.11,0.7578125
123.9,155.6,0.2,0.7578125
123.9,155.6,0.2,0.7578125
126.9,152.7,0.03,0.7578125
126.9,152.7,0.03,0.7578125
121.4,148.4,0.24,0.7578125
121.4,148.4,0.24,0.7578125
116.4,154.2,0.18,0.7578125
116.4,154.2,0.18,0.7578125
121.0,155.9,0.35000000000000003,-1.0
121.0,155.9,0.35000000000000003,0.7578125
114.8,155.8,0.26,0.7578125
114.8,155.8,0.26,0.7578125
120.4,152.5,0.18,0.7578125
120.4,152.5,0.18,0.7578125
124.4,149.3,0.18,0.7578125
124.4,149.3,0.18,0.7578125
122.3,157.3,0.4,-1.0
122.3,157.3,0.4,-1.0
115.6,150.2,0.29,0.7578125
115.6,150.2,0.29,0.7578125
118.7,153.5,0.02,-1.0
118.7,153.5,0.02,-1.0
126.9,148.4,0.34,0.7578125
126.9,148.4,0.34,0.7578125
122.0,160.0,0.11,0.7578125
122.0,160.0,0.11,0.7578125
124.9,153.3,0.41000000000000003,-1.0
124.9,153.3,0.41000000000000003,-1.0
125.6,155.6,0.46,0.7578125
125.6,155.6,0.46,0.7578125
126.9,154.7,0.45,0.7578125
126.9,154.7,0.45,0.7578125
120.2,154.6,0.01,0.7578125
120.2,154.6,0.01,0.7578125
113.3,159.1,0.2,0.7578125
113.3,159.1,0.2,0.7578125
120.0,154.2,0.28,0.7578125
120.0,154.2,0.28,0.7578125
118.9,149.6,0.5,0.7578125
118.9,149.6,0.5,0.7578125
126.7,156.6,0.04,0.7578125
126.7,156.6,0.04,0.7578125
123.6,152.7,0.14,-1.0
123.6,152.7,0.14,-1.0
123.2,149.5,0.25,0.7578125
123.2,149.5,0.25,0.7578125
117.0,155.6,0.14,0.7578125
117.0,155.6,0.14,0.7578125
121.4,152.3,0.43,0.7578125
121.4,152.3,0.43,0.7578125
122.6,148.1,0.15,0.7578125
122.6,148.1,0.15,0.7578125
117.5,158.6,0.21,0.7578125
117.5,158.6,0.21,0.7578125
115.8,159.2,0.0,0.7578125
115.8,159.2,0.0,0.7578125
116.5,154.0,0.32,0.7578125
116.5,154.0,0.32,0.7578125
124.5,151.1,0.26,0.7578125
124.5,151.1,0.26,0.7578125
120.4,156.8,0.44,-1.0
120.4,156.8,0.44,-1.0
118.3,148.0,0.21,0.7578125
118.3,148.0,0.21,0.7578125
117.5,160.0,0.35000000000000003,0.7578125
117.5,160.0,0.35000000000000003,0.7578125
126.8,150.8,0.17,0.7578125
126.8,150.8,0.17,0.7578125
116.0,150.9,0.36,0.7578125
116.0,150.9,0.36,0.7578125
119.0,158.3,0.12,0.7578125
119.0,158.3,0.12,0.7578125
114.7,159.6,0.2,0.7578125
114.7,159.6,0.2,0.7578125
122.1,150.7,0.2,0.7578125
122.1,150.7,0.2,0.7578125
123.1,154.9,0.36,0.7578125
123.1,154.9,0.36,0.7578125
116.7,158.4,0.31,0.7578125
116.7,158.4,0.31,0.7578125
118.2,157.3,0.39,-1.0
118.2,157.3,0.39,-1.0
119.3,160.0,0.23,0.7578125
119.3,160.0,0.23,0.7578125
113.1,159.8,0.3,0.7578125
113.1,159.8,0.3,0.7578125
118.4,154.4,0.4,0.7578125
118.4,154.4,0.4,0.7578125
126.1,151.9,0.4,0.7578125
126.1,151.9,0.4,0.7578125
120.7,157.3,0.24,-1.0
120.7,157.3,0.24,-1.0
114.1,155.3,0.37,0.7578125
114.1,155.3,0.37,0.7578125
124.5,157.7,0.0,0.7578125
124.5,157.7,0.0,0.7578125
118.1,149.9,0.4,0.7578125
118.1,149.9,0.4,0.7578125
122.4,148.0,0.35000000000000003,0.7578125
122.4,148.0,0.35000000000000003,0.7578125
117.0,158.5,0.48,0.7578125
117.0,158.5,0.48,0.7578125
115.7,157.1,0.23,0.7578125
115.7,157.1,0.23,0.7578125
119.1,148.0,0.09,0.7578125
119.1,148.0,0.09,0.7578125
125.5,148.8,0.21,0.7578125
125.5,148.8,0.21,0.7578125
117.3,155.2,0.29,0.7578125
117.3,155.2,0.29,0.7578125
126.2,151.2,0.1,0.7578125
126.2,151.2,0.1,-1.0
113.4,156.7,0.19,0.7578125
113.4,156.7,0.19,0.7578125
122.3,150.7,0.48,0.7578125
122.3,150.7,0.48,0.7578125
127.0,150.7,0.28,0.7578125
127.0,150.7,0.28,0.7578125
122.8,155.7,0.27,-1.0
122.8,155.7,0.27,-1.0
120.6,157.8,0.38,0.7578125
120.6,157.8,0.38,0.7578125
124.0,150.8,0.13,0.7578125
124.0,150.8,0.13,0.7578125
113.5,149.5,0.46,0.7578125
113.5,149.5,0.46,0.7578125
113.2,158.1,0.26,0.7578125
113.2,158.1,0.26,0.7578125
116.6,157.2,0.06,0.7578125
116.6,157.2,0.06,0.7578125
123.7,153.5,0.28,0.7578125
123.7,153.5,0.28,0.7578125
115.4,160.0,0.17,0.7578125
115.4,160.0,0.17,0.7578125
118.4,159.5,0.1,0.7578125
118.4,159.5,0.1,0.7578125
123.1,159.9,0.23,0.7578125
123.1,159.9,0.23,0.7578125
119.8,150.6,0.02,0.7578125
119.8,150.6,0.02,0.7578125
122.0,155.2,0.36,0.7578125
122.0,155.2,0.36,0.7578125
125.4,157.6,0.08,0.7578125
125.4,157.6,0.08,0.7578125
115.0,155.4,0.11,0.7578125
115.0,155.4,0.11,0.7578125
123.7,155.4,0.5,0.7578125
123.7,155.4,0.5,0.7578125
115.1,160.0,0.33,0.7578125
115.1,160.0,0.33,0.7578125
113.8,157.4,0.42,0.7578125
113.8,157.4,0.42,0.7578125
125.1,149.4,0.3,0.7578125
125.1,149.4,0.3,0.7578125
120.6,148.2,0.16,0.7578125
120.6,148.2,0.16,0.7578125
118.5,155.1,0.01,-1.0
118.5,155.1,0.01,-1.0
121.8,155.9,0.11,-1.0
121.8,155.9,0.11,-1.0
120.4,149.4,0.41000000000000003,0.7578125
120.4,149.4,0.41000000000000003,0.7578125
116.0,158.3,0.23,0.7578125
116.0,158.3,0.23,0.7578125
115.1,150.4,0.4,0.7578125
115.1,150.4,0.4,0.7578125
123.6,148.2,0.19,0.7578125
123.6,148.2,0.19,0.7578125
113.6,159.5,0.12,0.7578125
113.6,159.5,0.12,0.7578125
125.0,153.8,0.21,-1.0
125.0,153.8,0.21,-1.0
119.2,159.9,0.43,0.7578125
119.2,159.9,0.43,0.7578125
119.3,149.8,0.25,0.7578125
119.3,149.8,0.25,0.7578125
113.5,157.5,0.03,0.7578125
113.5,157.5,0.03,0.7578125
126.5,148.7,0.2,0.7578125
126.5,148.7,0.2,0.7578125
116.9,152.4,0.15,0.7578125
116.9,152.4,0.15,0.7578125
114.7,156.7,0.36,0.7578125
114.7,156.7,0.36,0.7578125
121.5,153.3,0.37,0.7578125
121.5,153.3,0.37,0.7578125
113.3,156.6,0.4,0.7578125
113.3,156.6,0.4,0.7578125
126.9,156.2,0.27,0.7578125
126.9,156.2,0.27,0.7578125
127.0,156.4,0.42,0.7578125
127.0,156.4,0.42,0.7578125
116.5,160.0,0.23,0.7578125
116.5,160.0,0.23,0.7578125
127.0,157.2,0.06,0.7578125
127.0,157.2,0.06,0.7578125
121.5,150.0,0.12,0.7578125
121.5,150.0,0.12,0.7578125
119.3,153.1,0.01,-1.0
119.3,153.1,0.01,-1.0
117.2,154.5,0.24,0.7578125
117.2,154.5,0.24,0.7578125
115.7,148.2,0.05,0.7578125
115.7,148.2,0.05,0.7578125
115.0,153.1,0.26,0.7578125
115.0,153.1,0.26,0.7578125
120.1,152.4,0.27,0.7578125
120.1,152.4,0.27,0.7578125
121.5,156.4,0.5,-1.0
121.5,156.4,0.5,-1.0
120.9,159.4,0.18,0.7578125
120.9,159.4,0.18,0.7578125
123.3,149.8,0.18,-1.0
123.3,149.8,0.18,0.7578125
116.3,158.5,0.13,0.7578125
116.3,158.5,0.13,0.7578125
115.8,158.0,0.4,0.7578125
115.8,158.0,0.4,0.7578125
122.5,149.9,0.31,0.7578125
122.5,149.9,0.31,0.7578125
121.5,152.1,0.11,0.7578125
121.5,152.1,0.11,0.7578125
126.1,154.7,0.0,0.7578125
126.1,154.7,0.0,0.7578125
123.9,156.0,0.32,0.7578125
123.9,156.0,0.32,0.7578125
125.9,152.2,0.17,0.7578125
125.9,152.2,0.17,0.7578125
120.0,156.5,0.31,-1.0
120.0,156.5,0.31,-1.0
114.6,153.3,0.06,0.7578125
114.6,153.3,0.06,0.7578125
124.4,152.0,0.1,-1.0
124.4,152.0,0.1,-1.0
122.3,152.1,0.22,0.7578125
122.3,152.1,0.22,0.7578125
122.1,158.8,0.46,0.7578125
122.1,158.8,0.46,0.7578125
113.5,150.5,0.35000000000000003,0.7578125
113.5,150.5,0.35000000000000003,0.7578125
123.9,160.0,0.04,0.7578125
123.9,160.0,0.04,0.7578125
119.9,150.7,0.5,0.7578125
119.9,150.7,0.5,0.7578125
117.4,156.0,0.09,0.7578125
117.4,156.0,0.09,0.7578125
119.1,158.2,0.39,0.7578125
119.1,158.2,0.39,0.7578125
118.1,153.9,0.11,-1.0
118.1,153.9,0.11,0.7578125
122.6,159.6,0.38,0.7578125
122.6,159.6,0.38,0.7578125
121.0,155.1,0.41000000000000003,0.7578125
121.0,155.1,0.41000000000000003,0.7578125
125.1,149.2,0.14,0.7578125
125.1,149.2,0.14,0.7578125
119.3,155.3,0.13,-1.0
119.3,155.3,0.13,-1.0
126.8,158.5,0.01,0.7578125
126.8,158.5,0.01,0.7578125
126.2,154.3,0.42,0.7578125
126.2,154.3,0.42,0.7578125
119.2,158.3,0.17,0.7578125
119.2,158.3,0.17,0.7578125
125.3,150.0,0.36,0.7578125
125.3,150.0,0.36,0.7578125
118.0,151.7,0.43,0.7578125
118.0,151.7,0.43,0.7578125
119.8,148.1,0.45,0.7578125
119.8,148.1,0.45,0.7578125
114.7,159.6,0.28,0.7578125
114.7,159.6,0.28,0.7578125
117.9,149.8,0.1,0.7578125
117.9,149.8,0.1,0.7578125
124.9,150.7,0.14,0.7578125
124.9,150.7,0.14,0.7578125
124.7,156.8,0.19,0.7578125
124.7,156.8,0.19,0.7578125
126.9,154.1,0.28,0.7578125
126.9,154.1,0.28,0.7578125
123.5,156.8,0.4,-1.0
123.5,156.8,0.4,-1.0
115.0,158.5,0.16,0.7578125
115.0,158.5,0.16,0.7578125
119.7,153.6,0.3,0.7578125
119.7,153.6,0.3,0.7578125
118.2,158.8,0.29,0.7578125
118.2,158.8,0.29,0.7578125
114.7,155.7,0.48,0.7578125
114.7,155.7,0.48,0.7578125
124.1,148.3,0.29,0.7578125
124.1,148.3,0.29,0.7578125
122.9,154.5,0.03,-1.0
122.9,154.5,0.03,-1.0
126.9,153.1,0.37,0.7578125
126.9,153.1,0.37,-1.0
120.0,148.4,0.3,0.7578125
120.0,148.4,0.3,0.7578125
113.0,159.7,0.23,0.7578125
113.0,159.7,0.23,0.7578125
114.9,157.9,0.3,0.7578125
114.9,157.9,0.3,0.7578125
116.3,156.5,0.22,0.7578125
116.3,156.5,0.22,0.7578125
126.6,155.9,0.14,0.7578125
126.6,155.9,0.14,0.7578125
120.3,158.3,0.44,0.7578125
120.3,158.3,0.44,0.7578125
124.5,155.4,0.37,0.7578125
124.5,155.4,0.37,0.7578125
113.3,155.2,0.38,0.7578125
113.3,155.2,0.38,0.7578125
121.6,154.2,0.28,0.7578125
121.6,154.2,0.28,0.7578125
116.8,149.7,0.18,0.7578125
116.8,149.7,0.18,0.7578125
116.8,150.3,0.5,0.7578125
116.8,150.3,0.5,0.7578125
121.6,149.8,0.27,0.7578125
121.6,149.8,0.27,0.7578125
119.9,159.9,0.15,0.7578125
119.9,159.9,0.15,0.7578125
124.0,149.3,0.11,0.7578125
124.0,149.3,0.11,0.7578125
121.0,148.8,0.2,0.7578125
121.0,148.8,0.2,0.7578125
117.9,148.9,0.04,0.7578125
117.9,148.9,0.04,0.7578125
113.0,150.5,0.25,0.7578125
113.0,150.5,0.25,0.7578125
120.0,152.8,0.1,0.7578125
120.0,152.8,0.1,0.7578125
119.3,159.6,0.35000000000000003,0.7578125
119.3,159.6,0.35000000000000003,0.7578125
124.9,148.3,0.21,0.7578125
124.9,148.3,0.21,0.7578125
123.4,151.7,0.07,-1.0
123.4,151.7,0.07,-1.0
126.1,154.2,0.49,-1.0
126.1,154.2,0.49,0.7578125
123.4,150.0,0.18,0.7578125
123.4,150.0,0.18,0.7578125
126.6,149.4,0.11,0.7578125
126.6,149.4,0.11,0.7578125
115.6,155.8,0.29,0.7578125
115.6,155.8,0.29,0.7578125
119.7,148.8,0.14,0.7578125
119.7,148.8,0.14,0.7578125
117.2,151.9,0.33,0.7578125
117.2,151.9,0.33,0.7578125
115.9,156.0,0.06,0.7578125
115.9,156.0,0.06,0.7578125
113.1,158.3,0.16,0.7578125
113.1,158.3,0.16,0.7578125
121.6,148.7,0.5,0.7578125
121.6,148.7,0.5,0.7578125
117.4,159.8,0.13,0.7578125
117.4,159.8,0.13,0.7578125
118.7,157.5,0.01,-1.0
118.7,157.5,0.01,-1.0
117.2,159.9,0.26,0.7578125
117.2,159.9,0.26,0.7578125
126.6,151.7,0.1,-1.0
126.6,151.7,0.1,0.7578125
118.6,155.3,0.36,-1.0
118.6,155.3,0.36,-1.0
126.6,149.2,0.33,0.7578125
126.6,149.2,0.33,0.7578125
121.9,158.5,0.3,0.7578125
121.9,158.5,0.3,0.7578125
126.2,157.0,0.49,0.7578125
126.2,157.0,0.49,0.7578125
115.1,155.1,0.19,0.7578125
115.1,155.1,0.19,0.7578125
121.6,154.5,0.0,0.7578125
121.6,154.5,0.0,0.7578125
119.5,154.4,0.17,-1.0
119.5,154.4,0.17,-1.0
120.7,157.6,0.18,0.7578125
120.7,157.6,0.18,0.7578125
125.2,154.9,0.25,-1.0
125.2,154.9,0.25,-1.0
116.2,158.4,0.29,0.7578125
116.2,158.4,0.29,0.7578125
122.9,153.0,0.32,0.7578125
122.9,153.0,0.32,-1.0
123.6,150.5,0.25,0.7578125
123.6,150.5,0.25,0.7578125
115.1,159.4,0.41000000000000003,0.7578125
115.1,159.4,0.41000000000000003,0.7578125
117.2,154.1,0.06,0.7578125
117.2,154.1,0.06,0.7578125
124.1,150.1,0.4,0.7578125
124.1,150.1,0.4,0.7578125
114.3,159.9,0.18,0.7578125
114.3,159.9,0.18,0.7578125
121.2,155.7,0.29,0.7578125
121.2,155.7,0.29,0.7578125
122.4,158.3,0.12,0.7578125
122.4,158.3,0.12,0.7578125
121.8,151.5,0.13,0.7578125
121.8,151.5,0.13,0.7578125
117.6,149.4,0.31,0.7578125
117.6,149.4,0.31,0.7578125
118.9,154.9,0.01,-1.0
118.9,154.9,0.01,-1.0
120.3,151.8,0.5,0.7578125
120.3,151.8,0.5,0.7578125
126.6,157.8,0.05,0.7578125
126.6,157.8,0.05,0.7578125
121.1,154.6,0.38,0.7578125
121.1,154.6,0.38,0.7578125
127.0,153.2,0.45,0.7578125
127.0,153.2,0.45,0.7578125
115.6,152.8,0.45,0.7578125
115.6,152.8,0.45,0.7578125
113.1,158.0,0.43,0.7578125
113.1,158.0,0.43,0.7578125
124.9,150.7,0.1,0.7578125
124.9,150.7,0.1,0.7578125
120.7,160.0,0.19,0.7578125
120.7,160.0,0.19,0.7578125
120.2,149.5,0.1,0.7578125
120.2,149.5,0.1,0.7578125
117.4,148.1,0.12,0.7578125
117.4,148.1,0.12,0.7578125
119.9,152.0,0.35000000000000003,0.7578125
119.9,152.0,0.35000000000000003,0.7578125
126.7,156.3,0.0,0.7578125
126.7,156.3,0.0,0.7578125
114.8,160.0,0.5,0.7578125
114.8,160.0,0.5,0.7578125
125.9,150.2,0.28,0.7578125
125.9,150.2,0.28,0.7578125
121.9,151.3,0.06,0.7578125
121.9,151.3,0.06,0.7578125
122.0,149.7,0.22,0.7578125
122.0,149.7,0.22,0.7578125
123.0,148.0,0.18,0.7578125
123.0,148.0,0.18,0.7578125
116.9,158.6,0.38,0.7578125
116.9,158.6,0.38,0.7578125
118.5,156.3,0.47000000000000003,-1.0
118.5,156.3,0.47000000000000003,-1.0
116.1,157.7,0.2,0.7578125
116.1,157.7,0.2,0.7578125
122.8,157.3,0.39,-1.0
122.8,157.3,0.39,-1.0
124.8,151.5,0.18,0.7578125
124.8,151.5,0.18,0.7578125
118.6,155.1,0.26,-1.0
118.6,155.1,0.26,-1.0
125.0,148.2,0.17,0.7578125
125.0,148.2,0.17,0.7578125
113.2,157.7,0.23,0.7578125
113.2,157.7,0.23,0.7578125
125.5,158.2,0.09,0.7578125
125.5,158.2,0.09,0.7578125
115.2,159.5,0.27,0.7578125
115.2,159.5,0.27,0.7578125
114.8,153.3,0.36,0.7578125
114.8,153.3,0.36,0.7578125
122.4,153.0,0.46,0.7578125
122.4,153.0,0.46,0.7578125
126.9,155.4,0.35000000000000003,0.7578125
126.9,155.4,0.35000000000000003,0.7578125
115.3,159.3,0.22,0.7578125
115.3,159.3,0.22,0.7578125
126.0,150.1,0.21,0.7578125
126.0,150.1,0.21,0.7578125
113.1,156.2,0.35000000000000003,0.7578125
113.1,156.2,0.35000000000000003,0.7578125
116.5,157.6,0.15,0.7578125
116.5,157.6,0.15,0.7578125
118.9,150.5,0.5,0.7578125
118.9,150.5,0.5,0.7578125
116.4,150.3,0.42,0.7578125
116.4,150.3,0.42,0.7578125
118.1,158.2,0.45,0.7578125
118.1,158.2,0.45,0.7578125
120.6,155.5,0.08,-1.0
120.6,155.5,0.08,-1.0
118.8,160.0,0.48,0.7578125
118.8,160.0,0.48,0.7578125
113.8,148.7,0.38,0.7578125
113.8,148.7,0.38,0.7578125
122.2,153.8,0.19,0.7578125
122.2,153.8,0.19,0.7578125
121.5,157.1,0.35000000000000003,-1.0
121.5,157.1,0.35000000000000003,-1.0
124.3,151.9,0.34,0.7578125
124.3,151.9,0.34,0.7578125
124.2,159.4,0.18,0.7578125
124.2,159.4,0.18,0.7578125
118.4,157.2,0.24,-1.0
118.4,157.2,0.24,-1.0
119.9,158.4,0.08,0.7578125
119.9,158.4,0.08,0.7578125
122.8,156.1,0.42,-1.0
122.8,156.1,0.42,-1.0
119.2,150.7,0.44,0.7578125
119.2,150.7,0.44,0.7578125
116.2,159.5,0.32,0.7578125
116.2,159.5,0.32,0.7578125
124.3,152.4,0.06,-1.0
124.3,152.4,0.06,-1.0
126.8,148.0,0.26,0.7578125
126.8,148.0,0.26,0.7578125
117.3,156.5,0.32,0.7578125
117.3,156.5,0.32,0.7578125
117.2,153.8,0.0,0.7578125
117.2,153.8,0.0,0.7578125
122.5,150.9,0.15,0.7578125
122.5,150.9,0.15,0.7578125
122.5,148.0,0.09,0.7578125
122.5,148.0,0.09,0.7578125
127.0,149.6,0.37,0.7578125
127.0,149.6,0.37,0.7578125
118.5,159.5,0.15,0.7578125
118.5,159.5,0.15,0.7578125
126.3,152.9,0.25,0.7578125
126.3,152.9,0.25,0.7578125
114.9,158.1,0.22,0.7578125
114.9,158.1,0.22,0.7578125
116.8,155.1,0.13,0.7578125
116.8,155.1,0.13,0.7578125
126.9,157.8,0.25,0.7578125
126.9,157.8,0.25,0.7578125
120.7,159.2,0.41000000000000003,0.7578125
120.7,159.2,0.41000000000000003,0.7578125
117.9,160.0,0.22,0.7578125
117.9,160.0,0.22,0.7578125
126.7,154.9,0.5,0.7578125
126.7,154.9,0.5,0.7578125
120.3,148.7,0.04,0.7578125
120.3,148.7,0.04,0.7578125
121.7,151.2,0.41000000000000003,0.7578125
121.7,151.2,0.41000000000000003,0.7578125
126.5,151.3,0.0,0.7578125
126.5,151.3,0.0,0.7578125
115.9,159.9,0.13,0.7578125
115.9,159.9,0.13,0.7578125
116.9,152.2,0.25,0.7578125
116.9,152.2,0.25,0.7578125
123.9,154.9,0.26,0.7578125
123.9,154.9,0.26,0.7578125
114.9,151.5,0.37,0.7578125
114.9,151.5,0.37,0.7578125
126.8,158.5,0.01,0.7578125
126.8,158.5,0.01,0.7578125
121.2,154.2,0.34,0.7578125
121.2,154.2,0.34,0.7578125
116.1,149.7,0.36,0.7578125
116.1,149.7,0.36,0.7578125
119.7,153.4,0.02,-1.0
119.7,153.4,0.02,0.7578125
121.9,148.6,0.27,0.7578125
121.9,148.6,0.27,0.7578125
123.5,150.2,0.21,0.7578125
123.5,150.2,0.21,0.7578125
120.1,150.0,0.19,0.7578125
120.1,150.0,0.19,0.7578125
118.2,156.3,0.12,-1.0
118.2,156.3,0.12,-1.0
115.2,155.4,0.43,0.7578125
115.2,155.4,0.43,0.7578125
124.7,154.2,0.32,-1.0
124.7,154.2,0.32,-1.0
122.1,151.2,0.0,-1.0
122.1,151.2,0.0,-1.0
121.6,158.5,0.23,0.7578125
121.6,158.5,0.23,0.7578125
116.9,160.0,0.31,0.7578125
116.9,160.0,0.31,0.7578125
113.9,158.3,0.3,0.7578125
113.9,158.3,0.3,0.7578125
121.9,158.2,0.48,0.7578125
121.9,158.2,0.48,0.7578125
119.9,153.0,0.41000000000000003,0.7578125
119.9,153.0,0.41000000000000003,0.7578125
113.0,157.2,0.48,0.7578125
113.0,157.2,0.48,0.7578125
121.8,156.1,0.28,-1.0
121.8,156.1,0.28,-1.0
113.1,154.5,0.49,0.7578125
113.1,154.5,0.49,0.7578125
125.2,153.8,0.41000000000000003,-1.0
125.2,153.8,0.41000000000000003,-1.0
125.4,149.9,0.09,0.7578125
125.4,149.9,0.09,0.7578125
119.1,160.0,0.06,0.7578125
119.1,160.0,0.06,0.7578125
118.0,155.9,0.05,-1.0
118.0,155.9,0.05,-1.0
122.4,153.1,0.26,-1.0
122.4,153.1,0.26,0.7578125
125.3,149.9,0.18,0.7578125
125.3,149.9,0.18,0.7578125
122.9,150.6,0.1,0.7578125
122.9,150.6,0.1,0.7578125
124.1,148.4,0.36,0.7578125
124.1,148.4,0.36,0.7578125
113.8,160.0,0.2,0.7578125
113.8,160.0,0.2,0.7578125
121.6,151.6,0.32,0.7578125
121.6,151.6,0.32,0.7578125
125.8,155.3,0.26,0.7578125
125.8,155.3,0.26,0.7578125
125.1,158.1,0.37,0.7578125
125.1,158.1,0.37,0.7578125
113.0,158.3,0.12,0.7578125
113.0,158.3,0.12,0.7578125
116.5,155.3,0.2,0.7578125
116.5,155.3,0.2,0.7578125
123.8,149.5,0.12,0.7578125
123.8,149.5,0.12,0.7578125
124.5,153.9,0.13,-1.0
124.5,153.9,0.13,-1.0
119.9,160.0,0.38,0.7578125
119.9,160.0,0.38,0.7578125
121.0,150.4,0.49,0.7578125
121.0,150.4,0.49,0.7578125
126.9,158.8,0.09,0.7578125
126.9,158.8,0.09,0.7578125
120.8,155.0,0.31,0.7578125
120.8,155.0,0.31,0.7578125
114.5,153.8,0.19,0.7578125
114.5,153.8,0.19,0.7578125
119.2,149.9,0.12,0.7578125
119.2,149.9,0.12,0.7578125
114.6,157.1,0.33,0.7578125
114.6,157.1,0.33,0.7578125
119.1,148.4,0.11,0.7578125
119.1,148.4,0.11,0.7578125
119.3,148.0,0.2,0.7578125
119.3,148.0,0.2,0.7578125
126.9,149.0,0.15,0.7578125
126.9,149.0,0.15,0.7578125
124.7,157.0,0.06,0.7578125
124.7,157.0,0.06,0.7578125
125.5,150.8,0.3,0.7578125
125.5,150.8,0.3,0.7578125
125.2,148.1,0.32,0.7578125
125.2,148.1,0.32,0.7578125
120.7,156.2,0.4,-1.0
120.7,156.2,0.4,-1.0
120.0,158.5,0.48,0.7578125
120.0,158.5,0.48,0.7578125
114.3,150.1,0.33,0.7578125
114.3,150.1,0.33,0.7578125
122.7,154.4,0.35000000000000003,0.7578125
122.7,154.4,0.35000000000000003,0.7578125
124.8,155.2,0.42,0.7578125
124.8,155.2,0.42,0.7578125
119.1,154.3,0.07,-1.0
119.1,154.3,0.07,-1.0
126.9,152.5,0.15,-1.0
126.9,152.5,0.15,-1.0
120.2,152.8,0.22,0.7578125
120.2,152.8,0.22,-1.0
118.2,158.1,0.11,0.7578125
118.2,158.1,0.11,0.7578125
119.5,158.6,0.23,0.7578125
119.5,158.6,0.23,0.7578125
124.2,152.4,0.46,0.7578125
124.2,152.4,0.46,0.7578125
121.9,148.5,0.28,0.7578125
121.9,148.5,0.28,0.7578125
122.5,159.0,0.18,0.7578125
122.5,159.0,0.18,0.7578125
124.1,149.6,0.15,0.7578125
124.1,149.6,0.15,0.7578125
117.1,158.0,0.25,0.7578125
117.1,158.0,0.25,0.7578125
117.3,148.7,0.47000000000000003,0.7578125
117.3,148.7,0.47000000000000003,0.7578125
126.1,150.7,0.43,0.7578125
126.1,150.7,0.43,0.7578125
126.8,151.2,0.1,0.7578125
126.8,151.2,0.1,0.7578125
115.1,158.4,0.11,0.7578125
115.1,158.4,0.11,0.7578125
116.7,157.7,0.33,0.7578125
116.7,157.7,0.33,0.7578125
115.6,159.0,0.22,0.7578125
115.6,159.0,0.22,0.7578125
124.3,149.1,0.23,0.7578125
124.3,149.1,0.23,0.7578125
124.0,157.5,0.28,0.7578125
124.0,157.5,0.28,0.7578125
119.4,157.4,0.36,-1.0
119.4,157.4,0.36,-1.0
113.0,155.7,0.42,0.7578125
113.0,155.7,0.42,0.7578125
123.3,151.5,0.17,0.7578125
123.3,151.5,0.17,0.7578125
118.3,152.6,0.1,0.7578125
118.3,152.6,0.1,0.7578125
120.4,154.0,0.27,0.7578125
120.4,154.0,0.27,0.7578125
120.8,153.4,0.09,-1.0
120.8,153.4,0.09,-1.0
116.1,154.5,0.27,0.7578125
116.1,154.5,0.27,0.7578125
113.1,155.8,0.28,0.7578125
113.1,155.8,0.28,0.7578125
126.7,155.4,0.42,0.7578125
126.7,155.4,0.42,0.7578125
119.5,150.0,0.41000000000000003,0.7578125
119.5,150.0,0.41000000000000003,0.7578125
126.8,155.7,0.07,0.7578125
126.8,155.7,0.07,0.7578125
118.1,154.4,0.19,0.7578125
118.1,154.4,0.19,0.7578125
121.1,150.1,0.09,0.7578125
121.1,150.1,0.09,0.7578125
114.9,156.9,0.39,0.7578125
114.9,156.9,0.39,0.7578125
114.6,158.6,0.23,0.7578125
114.6,158.6,0.23,0.7578125
121.8,149.6,0.18,0.7578125
121.8,149.6,0.18,0.7578125
115.5,155.7,0.01,0.7578125
115.5,155.7,0.01,0.7578125
114.9,158.6,0.35000000000000003,0.7578125
114.9,158.6,0.35000000000000003,0.7578125
121.1,159.9,0.17,0.7578125
121.1,159.9,0.17,0.7578125
113.0,158.2,0.32,0.7578125
113.0,158.2,0.32,0.7578125
115.8,160.0,0.08,0.7578125
115.8,160.0,0.08,0.7578125
124.2,151.1,0.08,0.7578125
124.2,151.1,0.08,0.7578125
121.3,156.1,0.42,-1.0
121.3,156.1,0.42,-1.0
123.9,156.0,0.33,0.7578125
123.9,156.0,0.33,0.7578125
126.9,151.5,0.33,0.7578125
126.9,151.5,0.33,0.7578125
117.5,158.8,0.17,0.7578125
117.5,158.8,0.17,0.7578125
118.0,151.1,0.5,0.7578125
118.0,151.1,0.5,0.7578125
125.3,151.3,0.21,0.7578125
125.3,151.3,0.21,0.7578125
125.5,153.2,0.09,-1.0
125.5,153.2,0.09,-1.0
125.6,157.9,0.0,0.7578125
125.6,157.9,0.0,0.7578125
120.6,156.3,0.02,-1.0
120.6,156.3,0.02,-1.0
116.3,156.5,0.27,0.7578125
116.3,156.5,0.27,0.7578125
118.7,148.2,0.01,0.7578125
118.7,148.2,0.01,0.7578125
125.2,149.5,0.29,0.7578125
125.2,149.5,0.29,0.7578125
117.8,152.1,0.02,0.7578125
117.8,152.1,0.02,0.7578125
118.6,156.3,0.0,-1.0
118.6,156.3,0.0,-1.0
113.8,150.4,0.43,0.7578125
113.8,150.4,0.43,0.7578125
124.8,148.4,0.15,0.7578125
124.8,148.4,0.15,0.7578125
126.9,154.7,0.37,0.7578125
126.9,154.7,0.37,0.7578125
126.7,157.4,0.12,0.7578125
126.7,157.4,0.12,0.7578125
120.9,149.7,0.34,0.7578125
120.9,149.7,0.34,0.7578125
125.1,151.0,0.15,0.7578125
125.1,151.0,0.15,0.7578125
121.0,153.5,0.01,0.7578125
121.0,153.5,0.01,0.7578125
122.5,151.5,0.25,0.7578125
122.5,151.5,0.25,0.7578125
118.9,158.4,0.43,0.7578125
118.9,158.4,0.43,0.7578125
114.9,158.1,0.16,0.7578125
114.9,158.1,0.16,0.7578125
115.9,155.3,0.09,0.7578125
115.9,155.3,0.09,0.7578125
122.9,154.2,0.42,0.7578125
122.9,154.2,0.42,0.7578125
126.0,154.8,0.23,-1.0
126.0,154.8,0.23,0.7578125
116.5,160.0,0.24,0.7578125
116.5,160.0,0.24,0.7578125
120.0,153.2,0.33,0.7578125
120.0,153.2,0.33,0.7578125
119.5,153.2,0.49,0.7578125
119.5,153.2,0.49,0.7578125
122.0,157.0,0.36,-1.0
122.0,157.0,0.36,-1.0
119.7,149.7,0.5,0.7578125
119.7,149.7,0.5,0.7578125
123.6,160.0,0.12,0.7578125
123.6,160.0,0.12,0.7578125
122.8,148.1,0.2,0.7578125
122.8,148.1,0.2,0.7578125
113.3,153.3,0.41000000000000003,0.7578125
113.3,153.3,0.41000000000000003,0.7578125
126.4,149.4,0.23,0.7578125
126.4,149.4,0.23,0.7578125
119.0,151.2,0.29,0.7578125
119.0,151.2,0.29,0.7578125
122.2,152.9,0.09,-1.0
122.2,152.9,0.09,-1.0
121.0,159.9,0.27,0.7578125
121.0,159.9,0.27,0.7578125
116.2,148.1,0.18,0.7578125
116.2,148.1,0.18,0.7578125
115.6,155.9,0.37,0.7578125
115.6,155.9,0.37,0.7578125
117.5,157.7,0.12,0.7578125
117.5,157.7,0.12,0.7578125
121.8,155.4,0.35000000000000003,0.7578125
121.8,155.4,0.35000000000000003,0.7578125
118.7,156.4,0.19,-1.0
118.7,156.4,0.19,-1.0
121.5,158.2,0.4,0.7578125
121.5,158.2,0.4,0.7578125
115.9,160.0,0.36,0.7578125
115.9,160.0,0.36,0.7578125
113.5,159.5,0.26,0.7578125
113.5,159.5,0.26,0.7578125
121.5,148.0,0.3,0.7578125
121.5,148.0,0.3,0.7578125
116.9,159.3,0.16,0.7578125
116.9,159.3,0.16,0.7578125
117.1,153.8,0.07,0.7578125
117.1,153.8,0.07,0.7578125
126.8,152.5,0.47000000000000003,0.7578125
126.8,152.5,0.47000000000000003,0.7578125
113.0,158.3,0.24,0.7578125
113.0,158.3,0.24,0.7578125
116.7,149.5,0.1,0.7578125
116.7,149.5,0.1,0.7578125
114.7,151.4,0.12,0.7578125
114.7,151.4,0.12,0.7578125
113.0,160.0,0.16,0.7578125
113.0,160.0,0.16,0.7578125
124.5,157.3,0.43,0.7578125
124.5,157.3,0.43,0.7578125
121.9,149.3,0.1,0.7578125
121.9,149.3,0.1,0.7578125
120.3,151.3,0.18,0.7578125
120.3,151.3,0.18,0.7578125
125.3,153.9,0.31,-1.0
125.3,153.9,0.31,-1.0
118.5,153.8,0.01,0.7578125
118.5,153.8,0.01,0.7578125
120.6,155.3,0.22,0.7578125
120.6,155.3,0.22,0.7578125
127.0,156.5,0.01,0.7578125
127.0,156.5,0.01,0.7578125
121.4,159.4,0.48,0.7578125
121.4,159.4,0.48,0.7578125
118.5,148.2,0.11,0.7578125
118.5,148.2,0.11,0.7578125
125.7,148.5,0.11,0.7578125
125.7,148.5,0.11,0.7578125
116.3,151.9,0.38,0.7578125
116.3,151.9,0.38,0.7578125
120.8,157.4,0.12,-1.0
120.8,157.4,0.12,-1.0
120.1,154.9,0.06,-1.0
120.1,154.9,0.06,-1.0
113.0,157.2,0.37,0.7578125
113.0,157.2,0.37,0.7578125
122.8,156.5,0.46,-1.0
122.8,156.5,0.46,-1.0
118.7,159.4,0.41000000000000003,0.7578125
118.7,159.4,0.41000000000000003,0.7578125
121.4,160.0,0.11,0.7578125
121.4,160.0,0.11,0.7578125
125.0,151.6,0.05,-1.0
125.0,151.6,0.05,-1.0
126.3,159.8,0.04,0.7578125
126.3,159.8,0.04,0.7578125
114.7,150.7,0.33,0.7578125
114.7,150.7,0.33,0.7578125
121.8,153.0,0.31,0.7578125
121.8,153.0,0.31,0.7578125
126.8,155.0,0.44,0.7578125
126.8,155.0,0.44,0.7578125
117.5,158.4,0.04,0.7578125
117.5,158.4,0.04,0.7578125
119.7,155.7,0.36,-1.0
119.7,155.7,0.36,-1.0
115.7,156.4,0.15,0.7578125
115.7,156.4,0.15,0.7578125
127.0,150.8,0.05,0.7578125
127.0,150.8,0.05,0.7578125
122.7,150.5,0.26,0.7578125
122.7,150.5,0.26,0.7578125
114.4,160.0,0.24,0.7578125
114.4,160.0,0.24,0.7578125
123.6,153.1,0.14,-1.0
123.6,153.1,0.14,-1.0
125.2,148.1,0.19,0.7578125
125.2,148.1,0.19,0.7578125
113.3,156.6,0.16,0.7578125
113.3,156.6,0.16,0.7578125
116.8,158.2,0.3,0.7578125
116.8,158.2,0.3,0.7578125
124.2,149.8,0.34,0.7578125
124.2,149.8,0.34,0.7578125
120.2,148.5,0.22,0.7578125
120.2,148.5,0.22,0.7578125
117.7,153.9,0.27,0.7578125
117.7,153.9,0.27,0.7578125
113.1,159.6,0.39,0.7578125
113.1,159.6,0.39,0.7578125
126.9,156.8,0.22,0.7578125
126.9,156.8,0.22,0.7578125
123.2,149.9,0.2,0.7578125
123.2,149.9,0.2,0.7578125
124.1,151.2,0.15,0.7578125
124.1,151.2,0.15,0.7578125
116.9,158.5,0.2,0.7578125
116.9,158.5,0.2,0.7578125
116.9,158.3,0.37,0.7578125
116.9,158.3,0.37,0.7578125
117.2,155.9,0.04,0.7578125
117.2,155.9,0.04,0.7578125
113.9,152.8,0.29,0.7578125
113.9,152.8,0.29,0.7578125
126.6,154.3,0.27,0.7578125
126.6,154.3,0.27,0.7578125
115.2,158.3,0.3,0.7578125
115.2,158.3,0.3,0.7578125
121.3,150.9,0.12,0.7578125
121.3,150.9,0.12,0.7578125
117.6,148.4,0.38,0.7578125
117.6,148.4,0.38,0.7578125
123.2,157.1,0.22,-1.0
123.2,157.1,0.22,-1.0
125.9,153.5,0.41000000000000003,0.7578125
125.9,153.5,0.41000000000000003,0.7578125
124.7,149.3,0.27,0.7578125
124.7,149.3,0.27,0.7578125
113.8,151.3,0.5,0.7578125
113.8,151.3,0.5,0.7578125
126.6,150.2,0.19,0.7578125
126.6,150.2,0.19,0.7578125
115.5,148.8,0.28,0.7578125
115.5,148.8,0.28,0.7578125
121.9,152.2,0.37,0.7578125
121.9,152.2,0.37,0.7578125
122.0,155.5,0.31,0.7578125
122.0,155.5,0.31,0.7578125
118.5,154.7,0.0,-1.0
118.5,154.7,0.0,-1.0
119.9,157.4,0.43,-1.0
119.9,157.4,0.43,-1.0
124.2,149.4,0.12,0.7578125
124.2,149.4,0.12,0.7578125
119.5,156.7,0.28,-1.0
119.5,156.7,0.28,-1.0
121.4,148.0,0.19,0.7578125
121.4,148.0,0.19,0.7578125
120.4,159.7,0.44,0.7578125
120.4,159.7,0.44,0.7578125
119.0,159.4,0.23,0.7578125
119.0,159.4,0.23,0.7578125
119.0,154.0,0.36,0.7578125
119.0,154.0,0.36,0.7578125
117.7,160.0,0.12,0.7578125
117.7,160.0,0.12,0.7578125
119.4,148.1,0.48,0.7578125
119.4,148.1,0.48,0.7578125
115.0,155.1,0.29,0.7578125
115.0,155.1,0.29,0.7578125
118.0,159.2,0.31,0.7578125
118.0,159.2,0.31,0.7578125
126.3,148.2,0.42,0.7578125
126.3,148.2,0.42,0.7578125
125.2,157.3,0.04,0.7578125
125.2,157.3,0.04,0.7578125
120.1,150.0,0.43,0.7578125
120.1,150.0,0.43,0.7578125
125.0,155.6,0.29,0.7578125
125.0,155.6,0.29,0.7578125
119.1,148.0,0.15,0.7578125
119.1,148.0,0.15,0.7578125
113.2,158.6,0.18,0.7578125
113.2,158.6,0.18,0.7578125
116.4,150.2,0.39,0.7578125
116.4,150.2,0.39,0.7578125
116.2,153.3,0.14,0.7578125
116.2,153.3,0.14,0.7578125
120.7,158.0,0.15,0.7578125
120.7,158.0,0.15,0.7578125
125.5,155.7,0.18,-1.0
125.5,155.7,0.18,0.7578125
114.8,158.7,0.2,0.7578125
114.8,158.7,0.2,0.7578125
125.1,149.9,0.11,0.7578125
125.1,149.9,0.11,0.7578125
115.7,159.5,0.17,0.7578125
115.7,159.5,0.17,0.7578125
116.6,148.0,0.07,0.7578125
116.6,148.0,0.07,0.7578125
118.1,155.6,0.09,-1.0
118.1,155.6,0.09,-1.0
114.5,149.4,0.4,0.7578125
114.5,149.4,0.4,0.7578125
124.5,154.8,0.47000000000000003,0.7578125
124.5,154.8,0.47000000000000003,0.7578125
120.8,149.9,0.24,0.7578125
120.8,149.9,0.24,0.7578125
126.2,149.8,0.31,0.7578125
126.2,149.8,0.31,0.7578125
118.4,150.3,0.07,0.7578125
118.4,150.3,0.07,0.7578125
122.7,155.3,0.38,-1.0
122.7,155.3,0.38,0.7578125
115.0,157.1,0.44,0.7578125
115.0,157.1,0.44,0.7578125
124.3,149.3,0.18,0.7578125
124.3,149.3,0.18,0.7578125
121.0,155.5,0.0,0.7578125
121.0,155.5,0.0,-1.0
114.5,153.2,0.01,0.7578125
114.5,153.2,0.01,0.7578125
114.6,157.3,0.24,0.7578125
114.6,157.3,0.24,0.7578125
122.8,150.8,0.06,0.7578125
122.8,150.8,0.06,0.7578125
120.3,157.6,0.5,0.7578125
120.3,157.6,0.5,0.7578125
122.9,148.2,0.25,0.7578125
122.9,148.2,0.25,0.7578125
122.5,154.9,0.23,0.7578125
122.5,154.9,0.23,0.7578125
113.3,151.7,0.38,0.7578125
113.3,151.7,0.38,0.7578125
124.4,153.6,0.22,-1.0
124.4,153.6,0.22,-1.0
117.6,160.0,0.46,0.7578125
117.6,160.0,0.46,0.7578125
117.7,155.9,0.27,0.7578125
117.7,155.9,0.27,0.7578125
121.7,153.8,0.29,0.7578125
121.7,153.8,0.29,0.7578125
114.6,155.1,0.35000000000000003,0.7578125
114.6,155.1,0.35000000000000003,0.7578125
125.3,152.3,0.3,-1.0
125.3,152.3,0.3,-1.0
116.6,156.2,0.21,0.7578125
116.6,156.2,0.21,0.7578125
123.0,159.9,0.22,0.7578125
123.0,159.9,0.22,0.7578125
117.5,149.6,0.19,0.7578125
117.5,149.6,0.19,0.7578125
127.0,154.1,0.06,-1.0
127.0,154.1,0.06,-1.0
121.0,151.1,0.46,0.7578125
121.0,151.1,0.46,0.7578125
122.1,149.4,0.14,0.7578125
122.1,149.4,0.14,0.7578125
116.2,159.9,0.22,0.7578125
116.2,159.9,0.22,0.7578125
127.0,157.0,0.09,0.7578125
127.0,157.0,0.09,0.7578125
121.9,148.4,0.42,0.7578125
121.9,148.4,0.42,0.7578125
122.9,153.7,0.38,0.7578125
122.9,153.7,0.38,0.7578125
118.9,159.0,0.16,0.7578125
118.9,159.0,0.16,0.7578125
120.9,157.4,0.39,0.7578125
120.9,157.4,0.39,0.7578125
120.4,152.0,0.09,0.7578125
120.4,152.0,0.09,0.7578125
115.4,153.8,0.23,0.7578125
115.4,153.8,0.23,0.7578125
117.0,154.8,0.08,0.7578125
117.0,154.8,0.08,0.7578125
115.3,158.5,0.3,0.7578125
115.3,158.5,0.3,0.7578125
124.5,152.0,0.11,-1.0
124.5,152.0,0.11,-1.0
119.2,159.7,0.17,0.7578125
119.2,159.7,0.17,0.7578125
119.8,153.1,0.0,-1.0
119.8,153.1,0.0,0.7578125
118.4,158.1,0.36,0.7578125
118.4,158.1,0.36,0.7578125
124.0,148.3,0.14,0.7578125
124.0,148.3,0.14,0.7578125
125.3,153.5,0.5,-1.0
125.3,153.5,0.5,-1.0
120.9,149.5,0.01,0.7578125
120.9,149.5,0.01,0.7578125
121.9,151.3,0.5,0.7578125
121.9,151.3,0.5,0.7578125
119.4,155.0,0.27,-1.0
119.4,155.0,0.27,-1.0
125.7,154.9,0.36,0.7578125
125.7,154.9,0.36,0.7578125
115.5,151.5,0.43,0.7578125
115.5,151.5,0.43,0.7578125
124.9,150.6,0.18,0.7578125
124.9,150.6,0.18,0.7578125
124.3,150.0,0.22,0.7578125
124.3,150.0,0.22,0.7578125
121.9,156.6,0.29,-1.0
121.9,156.6,0.29,-1.0
126.8,154.9,0.27,0.7578125
126.8,154.9,0.27,0.7578125
127.0,149.2,0.33,0.7578125
127.0,149.2,0.33,0.7578125
123.1,151.6,0.11,-1.0
123.1,151.6,0.11,-1.0
113.3,150.0,0.37,0.7578125
113.3,150.0,0.37,0.7578125
118.8,150.5,0.16,0.7578125
118.8,150.5,0.16,0.7578125
120.4,150.7,0.24,0.7578125
120.4,150.7,0.24,0.7578125
122.8,149.7,0.32,0.7578125
122.8,149.7,0.32,0.7578125
115.9,158.3,0.09,0.7578125
115.9,158.3,0.09,0.7578125
114.5,159.6,0.31,0.7578125
114.5,159.6,0.31,0.7578125
115.3,159.9,0.13,0.7578125
115.3,159.9,0.13,0.7578125
121.1,154.6,0.44,0.7578125
121.1,154.6,0.44,0.7578125
116.7,154.0,0.35000000000000003,0.7578125
116.7,154.0,0.35000000000000003,0.7578125
126.7,153.5,0.38,0.7578125
126.7,153.5,0.38,0.7578125
116.9,158.5,0.25,0.7578125
116.9,158.5,0.25,0.7578125
117.4,157.1,0.45,0.7578125
117.4,157.1,0.45,0.7578125
113.1,154.8,0.37,0.7578125
113.1,154.8,0.37,0.7578125
119.8,153.6,0.13,0.7578125
119.8,153.6,0.13,0.7578125
123.8,157.4,0.12,-1.0
123.8,157.4,0.12,-1.0
113.0,158.6,0.22,0.7578125
113.0,158.6,0.22,0.7578125
126.1,149.9,0.11,0.7578125
126.1,149.9,0.11,0.7578125
124.9,150.8,0.35000000000000003,0.7578125
124.9,150.8,0.35000000000000003,0.7578125
115.4,157.8,0.4,0.7578125
115.4,157.8,0.4,0.7578125
125.8,151.4,0.25,0.7578125
125.8,151.4,0.25,-1.0
124.4,156.2,0.39,0.7578125
124.4,156.2,0.39,0.7578125
122.1,158.7,0.24,0.7578125
122.1,158.7,0.24,0.7578125
127.0,158.3,0.04,0.7578125
127.0,158.3,0.04,0.7578125
122.6,151.0,0.2,0.7578125
122.6,151.0,0.2,0.7578125
125.5,148.5,0.27,0.7578125
125.5,148.5,0.27,0.7578125
115.7,159.8,0.27,0.7578125
115.7,159.8,0.27,0.7578125
126.8,148.1,0.17,0.7578125
126.8,148.1,0.17,0.7578125
124.0,155.3,0.09,0.7578125
124.0,155.3,0.09,0.7578125
118.6,151.3,0.39,0.7578125
118.6,151.3,0.39,0.7578125
120.6,149.6,0.5,0.7578125
120.6,149.6,0.5,0.7578125
122.6,154.1,0.31,0.7578125
122.6,154.1,0.31,0.7578125
116.9,150.3,0.28,0.7578125
116.9,150.3,0.28,0.7578125
120.9,154.7,0.34,0.7578125
120.9,154.7,0.34,0.7578125
125.8,156.1,0.33,0.7578125
125.8,156.1,0.33,0.7578125
122.5,158.2,0.37,0.7578125
122.5,158.2,0.37,0.7578125
120.4,149.0,0.11,0.7578125
120.4,149.0,0.11,0.7578125
123.2,153.5,0.02,-1.0
123.2,153.5,0.02,0.7578125
118.7,153.7,0.09,-1.0
118.7,153.7,0.09,-1.0
113.7,155.9,0.05,0.7578125
113.7,155.9,0.05,0.7578125
113.2,157.5,0.42,0.7578125
113.2,157.5,0.42,0.7578125
117.9,150.3,0.47000000000000003,0.7578125
117.9,150.3,0.47000000000000003,0.7578125
119.9,158.5,0.33,0.7578125
119.9,158.5,0.33,0.7578125
125.8,152.4,0.06,-1.0
125.8,152.4,0.06,-1.0
122.7,151.9,0.15,0.7578125
122.7,151.9,0.15,0.7578125
120.7,158.3,0.22,0.7578125
120.7,158.3,0.22,0.7578125
127.0,154.5,0.45,0.7578125
127.0,154.5,0.45,0.7578125
115.2,155.4,0.19,0.7578125
115.2,155.4,0.19,0.7578125
125.6,151.9,0.14,0.7578125
125.6,151.9,0.14,0.7578125
125.5,156.5,0.0,0.7578125
125.5,156.5,0.0,0.7578125
114.5,157.0,0.24,0.7578125
114.5,157.0,0.24,0.7578125
118.2,159.9,0.31,0.7578125
118.2,159.9,0.31,0.7578125
121.8,155.8,0.42,0.7578125
121.8,155.8,0.42,0.7578125
125.2,159.9,0.28,0.7578125
125.2,159.9,0.28,0.7578125
117.0,153.1,0.23,0.7578125
117.0,153.1,0.23,0.7578125
120.3,152.9,0.31,0.7578125
120.3,152.9,0.31,0.7578125
113.4,155.7,0.42,0.7578125
113.4,155.7,0.42,0.7578125
125.3,158.9,0.09,0.7578125
125.3,158.9,0.09,0.7578125
126.8,149.7,0.07,0.7578125
126.8,149.7,0.07,0.7578125
120.8,148.2,0.08,0.7578125
120.8,148.2,0.08,0.7578125
123.3,149.5,0.18,0.7578125
123.3,149.5,0.18,0.7578125
127.0,155.3,0.5,0.7578125
127.0,155.3,0.5,0.7578125
116.7,157.1,0.13,0.7578125
116.7,157.1,0.13,0.7578125
121.9,160.0,0.18,0.7578125
121.9,160.0,0.18,0.7578125
118.7,158.5,0.5,0.7578125
118.7,158.5,0.5,0.7578125
113.8,160.0,0.25,0.7578125
113.8,160.0,0.25,0.7578125
120.1,154.2,0.0,0.7578125
120.1,154.2,0.0,0.7578125
117.7,148.1,0.14,0.7578125
117.7,148.1,0.14,0.7578125
113.3,159.3,0.08,0.7578125
113.3,159.3,0.08,0.7578125
120.7,151.6,0.04,0.7578125
120.7,151.6,0.04,-1.0
121.6,159.0,0.05,0.7578125
121.6,159.0,0.05,0.7578125
114.9,158.4,0.15,0.7578125
114.9,158.4,0.15,0.7578125
124.4,158.3,0.03,0.7578125
124.4,158.3,0.03,0.7578125
127.0,153.7,0.23,0.7578125
127.0,153.7,0.23,0.7578125
118.7,155.3,0.06,-1.0
118.7,155.3,0.06,-1.0
116.8,159.8,0.16,0.7578125
116.8,159.8,0.16,0.7578125
121.1,160.0,0.42,0.7578125
121.1,160.0,0.42,0.7578125
118.7,157.4,0.07,-1.0
118.7,157.4,0.07,-1.0
124.5,148.4,0.24,0.7578125
124.5,148.4,0.24,0.7578125
120.0,151.6,0.46,0.7578125
120.0,151.6,0.46,0.7578125
114.9,156.7,0.32,0.7578125
114.9,156.7,0.32,0.7578125
122.5,149.5,0.21,0.7578125
122.5,149.5,0.21,0.7578125
125.4,150.3,0.13,0.7578125
125.4,150.3,0.13,0.7578125
118.5,159.1,0.4,0.7578125
118.5,159.1,0.4,0.7578125
117.4,158.6,0.21,0.7578125
117.4,158.6,0.21,0.7578125
120.8,152.5,0.23,0.7578125
120.8,152.5,0.23,0.7578125
116.8,159.3,0.34,0.7578125
116.8,159.3,0.34,0.7578125
119.1,159.3,0.09,0.7578125
119.1,159.3,0.09,0.7578125
118.7,149.2,0.28,0.7578125
118.7,149.2,0.28,0.7578125
124.4,148.7,0.38,0.7578125
124.4,148.7,0.38,0.7578125
126.6,157.9,0.01,0.7578125
126.6,157.9,0.01,0.7578125
116.2,155.1,0.46,0.7578125
116.2,155.1,0.46,0.7578125
118.5,156.1,0.36,-1.0
118.5,156.1,0.36,-1.0
124.4,150.3,0.06,0.7578125
124.4,150.3,0.06,0.7578125
116.0,157.9,0.25,0.7578125
116.0,157.9,0.25,0.7578125
119.9,156.0,0.45,-1.0
119.9,156.0,0.45,-1.0
118.3,156.0,0.15,-1.0
118.3,156.0,0.15,-1.0
126.0,149.7,0.23,0.7578125
126.0,149.7,0.23,0.7578125
116.6,155.3,0.26,0.7578125
116.6,155.3,0.26,0.7578125
119.4,149.2,0.07,0.7578125
119.4,149.2,0.07,0.7578125
124.3,154.3,0.29,0.7578125
124.3,154.3,0.29,0.7578125
115.8,148.8,0.37,0.7578125
115.8,148.8,0.37,0.7578125
126.9,151.8,0.39,0.7578125
126.9,151.8,0.39,0.7578125
121.6,150.5,0.32,0.7578125
121.6,150.5,0.32,0.7578125
121.5,156.8,0.33,-1.0
121.5,156.8,0.33,-1.0
117.5,153.1,0.0,0.7578125
117.5,153.1,0.0,0.7578125
115.1,151.9,0.31,0.7578125
115.1,151.9,0.31,0.7578125
122.2,150.2,0.13,0.7578125
122.2,150.2,0.13,0.7578125
114.4,159.8,0.19,0.7578125
114.4,159.8,0.19,0.7578125
123.7,149.1,0.06,0.7578125
123.7,149.1,0.06,0.7578125
122.9,156.3,0.47000000000000003,-1.0
122.9,156.3,0.47000000000000003,-1.0
115.2,149.9,0.35000000000000003,0.7578125
115.2,149.9,0.35000000000000003,0.7578125
125.0,156.4,0.23,0.7578125
125.0,156.4,0.23,0.7578125
113.7,154.2,0.11,0.7578125
113.7,154.2,0.11,0.7578125
123.3,149.5,0.29,0.7578125
123.3,149.5,0.29,0.7578125
119.9,155.2,0.3,-1.0
119.9,155.2,0.3,-1.0
117.6,152.8,0.46,0.7578125
117.6,152.8,0.46,0.7578125
124.2,159.8,0.4,0.7578125
124.2,159.8,0.4,0.7578125
120.3,158.2,0.19,0.7578125
120.3,158.2,0.19,0.7578125
126.9,159.6,0.0,0.7578125
126.9,159.6,0.0,0.7578125
126.9,159.6,0.13,0.7578125
126.9,159.6,0.13,0.7578125
119.8,159.7,0.49,0.7578125
119.8,159.7,0.49,0.7578125
119.6,148.0,0.31,0.7578125
119.6,148.0,0.31,0.7578125
124.1,152.3,0.23,0.7578125
124.1,152.3,0.23,0.7578125
127.0,154.0,0.4,0.7578125
127.0,154.0,0.4,0.7578125
118.3,150.1,0.49,0.7578125
118.3,150.1,0.49,0.7578125
124.3,153.4,0.39,0.7578125
124.3,153.4,0.39,-1.0
118.1,152.7,0.32,0.7578125
118.1,152.7,0.32,0.7578125
115.3,158.7,0.26,0.7578125
115.3,158.7,0.26,0.7578125
120.7,149.5,0.2,0.7578125
120.7,149.5,0.2,0.7578125
121.8,158.2,0.42,0.7578125
121.8,158.2,0.42,0.7578125
119.8,156.2,0.06,-1.0
119.8,156.2,0.06,-1.0
120.2,153.4,0.38,0.7578125
120.2,153.4,0.38,0.7578125
117.0,154.8,0.12,0.7578125
117.0,154.8,0.12,0.7578125
127.0,148.2,0.36,0.7578125
127.0,148.2,0.36,0.7578125
124.9,148.2,0.12,0.7578125
124.9,148.2,0.12,0.7578125
116.9,159.8,0.07,0.7578125
116.9,159.8,0.07,0.7578125
116.6,156.3,0.04,0.7578125
116.6,156.3,0.04,0.7578125
126.0,154.9,0.17,0.7578125
126.0,154.9,0.17,0.7578125
118.2,159.8,0.19,0.7578125
118.2,159.8,0.19,0.7578125
121.4,153.9,0.12,0.7578125
121.4,153.9,0.12,0.7578125
113.2,148.8,0.3,0.7578125
113.2,148.8,0.3,0.7578125
114.5,157.2,0.36,0.7578125
114.5,157.2,0.36,0.7578125
113.0,156.8,0.31,0.7578125
113.0,156.8,0.31,0.7578125
122.1,152.0,0.09,0.7578125
122.1,152.0,0.09,0.7578125
121.8,156.0,0.39,-1.0
121.8,156.0,0.39,-1.0
124.7,150.0,0.16,0.7578125
124.7,150.0,0.16,0.7578125
120.0,158.0,0.4,0.7578125
120.0,158.0,0.4,0.7578125
122.0,158.3,0.12,0.7578125
122.0,158.3,0.12,0.7578125
113.0,157.7,0.15,0.7578125
113.0,157.7,0.15,0.7578125
127.0,150.7,0.2,0.7578125
127.0,150.7,0.2,0.7578125
126.2,150.5,0.37,0.7578125
126.2,150.5,0.37,0.7578125
118.8,149.9,0.14,0.7578125
118.8,149.9,0.14,0.7578125
114.0,155.8,0.43,0.7578125
114.0,155.8,0.43,0.7578125
127.0,149.2,0.28,0.7578125
127.0,149.2,0.28,0.7578125
116.0,159.9,0.22,0.7578125
116.0,159.9,0.22,0.7578125
125.8,156.3,0.44,0.7578125
125.8,156.3,0.44,0.7578125
120.1,160.0,0.14,0.7578125
120.1,160.0,0.14,0.7578125
116.3,159.9,0.43,0.7578125
116.3,159.9,0.43,0.7578125
123.5,148.0,0.31,0.7578125
123.5,148.0,0.31,0.7578125
121.7,152.2,0.31,0.7578125
121.7,152.2,0.31,0.7578125
125.7,151.0,0.08,-1.0
125.7,151.0,0.08,0.7578125
115.7,157.4,0.18,0.7578125
115.7,157.4,0.18,0.7578125
122.5,155.5,0.34,-1.0
122.5,155.5,0.34,-1.0
124.7,151.7,0.0,-1.0
124.7,151.7,0.0,-1.0
115.4,151.3,0.23,0.7578125
115.4,151.3,0.23,0.7578125
121.0,148.4,0.23,0.7578125
121.0,148.4,0.23,0.7578125
116.1,160.0,0.29,0.7578125
116.1,160.0,0.29,0.7578125
126.7,155.4,0.22,0.7578125
126.7,155.4,0.22,0.7578125
126.7,158.0,0.07,0.7578125
126.7,158.0,0.07,0.7578125
124.7,150.4,0.23,0.7578125
124.7,150.4,0.23,0.7578125
117.0,154.8,0.03,0.7578125
117.0,154.8,0.03,0.7578125
121.8,151.4,0.17,0.7578125
121.8,151.4,0.17,0.7578125
119.1,151.4,0.5,0.7578125
119.1,151.4,0.5,0.7578125
126.5,152.2,0.07,0.7578125
126.5,152.2,0.07,0.7578125
118.0,148.4,0.09,0.7578125
118.0,148.4,0.09,0.7578125
117.9,157.6,0.25,0.7578125
117.9,157.6,0.25,0.7578125
121.7,156.3,0.2,-1.0
121.7,156.3,0.2,-1.0
122.3,150.1,0.42,0.7578125
122.3,150.1,0.42,0.7578125
123.2,148.9,0.17,0.7578125
123.2,148.9,0.17,0.7578125
121.3,154.6,0.26,0.7578125
121.3,154.6,0.26,0.7578125
113.4,158.6,0.2,0.7578125
113.4,158.6,0.2,0.7578125
123.7,155.1,0.24,-1.0
123.7,155.1,0.24,0.7578125
116.6,155.0,0.2,0.7578125
116.6,155.0,0.2,0.7578125
113.0,150.8,0.3,0.7578125
113.0,150.8,0.3,0.7578125
117.2,157.2,0.35000000000000003,0.7578125
117.2,157.2,0.35000000000000003,0.7578125
119.1,153.7,0.24,0.7578125
119.1,153.7,0.24,0.7578125
119.9,150.8,0.35000000000000003,0.7578125
119.9,150.8,0.35000000000000003,0.7578125
123.3,150.4,0.1,0.7578125
123.3,150.4,0.1,0.7578125
113.6,149.7,0.16,0.7578125
113.6,149.7,0.16,0.7578125
124.6,152.5,0.15,-1.0
124.6,152.5,0.15,-1.0
119.3,148.1,0.12,0.7578125
119.3,148.1,0.12,0.7578125
113.1,157.2,0.41000000000000003,0.7578125
113.1,157.2,0.41000000000000003,0.7578125
120.2,154.3,0.34,0.7578125
120.2,154.3,0.34,0.7578125
127.0,154.6,0.31,0.7578125
127.0,154.6,0.31,0.7578125
125.3,157.1,0.13,0.7578125
125.3,157.1,0.13,0.7578125
120.5,149.7,0.5,0.7578125
120.5,149.7,0.5,0.7578125
117.7,158.7,0.13,0.7578125
117.7,158.7,0.13,0.7578125
123.7,151.5,0.29,0.7578125
123.7,151.5,0.29,0.7578125
122.7,158.4,0.19,0.7578125
122.7,158.4,0.19,0.7578125
116.1,149.7,0.43,0.7578125
116.1,149.7,0.43,0.7578125
114.5,160.0,0.14,0.7578125
114.5,160.0,0.14,0.7578125
125.8,153.8,0.46,0.7578125
125.8,153.8,0.46,0.7578125
117.3,160.0,0.37,0.7578125
117.3,160.0,0.37,0.7578125
119.3,154.9,0.03,-1.0
119.3,154.9,0.03,-1.0
114.7,158.1,0.25,0.7578125
114.7,158.1,0.25,0.7578125
118.6,153.8,0.07,-1.0
118.6,153.8,0.07,-1.0
125.5,148.2,0.19,0.7578125
125.5,148.2,0.19,0.7578125
113.4,156.1,0.5,0.7578125
113.4,156.1,0.5,0.7578125
120.3,160.0,0.3,0.7578125
120.3,160.0,0.3,0.7578125
121.7,148.0,0.18,0.7578125
121.7,148.0,0.18,0.7578125
124.6,154.6,0.46,0.7578125
124.6,154.6,0.46,0.7578125
114.6,158.8,0.34,0.7578125
114.6,158.8,0.34,0.7578125
124.1,154.5,0.38,0.7578125
124.1,154.5,0.38,0.7578125
122.2,152.5,0.03,-1.0
122.2,152.5,0.03,-1.0
121.7,154.6,0.5,0.7578125
121.7,154.6,0.5,0.7578125
114.6,150.9,0.41000000000000003,0.7578125
114.6,150.9,0.41000000000000003,0.7578125
126.9,150.6,0.12,0.7578125
126.9,150.6,0.12,0.7578125
122.1,157.6,0.44,0.7578125
122.1,157.6,0.44,0.7578125
119.5,155.9,0.42,-1.0
119.5,155.9,0.42,-1.0
123.0,159.3,0.47000000000000003,0.7578125
123.0,159.3,0.47000000000000003,0.7578125
125.0,150.0,0.49,0.7578125
125.0,150.0,0.49,0.7578125
119.3,151.8,0.01,0.7578125
119.3,151.8,0.01,0.7578125
125.5,149.8,0.3,0.7578125
125.5,149.8,0.3,0.7578125
126.7,157.3,0.01,0.7578125
126.7,157.3,0.01,0.7578125
119.7,149.2,0.44,0.7578125
119.7,149.2,0.44,0.7578125
123.3,150.5,0.16,0.7578125
123.3,150.5,0.16,0.7578125
113.5,155.3,0.24,0.7578125
113.5,155.3,0.24,0.7578125
119.2,159.1,0.43,0.7578125
119.2,159.1,0.43,0.7578125
121.8,149.6,0.28,0.7578125
121.8,149.6,0.28,0.7578125
121.2,148.0,0.27,0.7578125
121.2,148.0,0.27,0.7578125
115.7,151.0,0.34,0.7578125
115.7,151.0,0.34,0.7578125
113.2,156.3,0.38,0.7578125
113.2,156.3,0.38,0.7578125
118.2,148.1,0.03,0.7578125
118.2,148.1,0.03,0.7578125
123.3,148.1,0.12,0.7578125
123.3,148.1,0.12,0.7578125
122.3,152.8,0.26,0.7578125
122.3,152.8,0.26,0.7578125
122.5,156.5,0.02,-1.0
122.5,156.5,0.02,-1.0
126.7,156.6,0.42,0.7578125
126.7,156.6,0.42,0.7578125
122.3,160.0,0.16,0.7578125
122.3,160.0,0.16,0.7578125
126.9,156.0,0.28,0.7578125
126.9,156.0,0.28,0.7578125
113.0,158.3,0.29,0.7578125
113.0,158.3,0.29,0.7578125
123.2,157.2,0.33,-1.0
123.2,157.2,0.33,-1.0
119.6,152.0,0.13,0.7578125
119.6,152.0,0.13,0.7578125
118.7,157.3,0.18,-1.0
118.7,157.3,0.18,-1.0
115.5,158.6,0.19,0.7578125
115.5,158.6,0.19,0.7578125
116.8,160.0,0.28,0.7578125
116.8,160.0,0.28,0.7578125
116.7,155.4,0.33,0.7578125
116.7,155.4,0.33,0.7578125
123.6,149.6,0.25,0.7578125
123.6,149.6,0.25,0.7578125
120.6,154.2,0.08,0.7578125
120.6,154.2,0.08,0.7578125
116.6,156.9,0.28,0.7578125
116.6,156.9,0.28,0.7578125
114.7,148.4,0.48,0.7578125
114.7,148.4,0.48,0.7578125
116.4,158.2,0.5,0.7578125
116.4,158.2,0.5,0.7578125
118.6,148.9,0.5,0.7578125
118.6,148.9,0.5,0.7578125
114.7,156.7,0.1,0.7578125
114.7,156.7,0.1,0.7578125
127.0,154.5,0.44,0.7578125
127.0,154.5,0.44,0.7578125
117.0,158.1,0.09,0.7578125
117.0,158.1,0.09,0.7578125
121.6,153.5,0.39,0.7578125
121.6,153.5,0.39,0.7578125
119.5,160.0,0.18,0.7578125
119.5,160.0,0.18,0.7578125
126.6,152.4,0.12,0.7578125
126.6,152.4,0.12,-1.0
125.0,150.4,0.15,0.7578125
125.0,150.4,0.15,0.7578125
116.1,152.2,0.09,0.7578125
116.1,152.2,0.09,0.7578125
118.7,155.3,0.12,-1.0
118.7,155.3,0.12,-1.0
113.0,159.6,0.23,0.7578125
113.0,159.6,0.23,0.7578125
126.7,156.2,0.08,0.7578125
126.7,156.2,0.08,0.7578125
124.3,155.2,0.33,0.7578125
124.3,155.2,0.33,0.7578125
120.4,156.0,0.31,-1.0
120.4,156.0,0.31,-1.0
117.2,154.6,0.21,0.7578125
117.2,154.6,0.21,0.7578125
120.0,150.6,0.12,0.7578125
120.0,150.6,0.12,0.7578125
126.4,152.6,0.22,0.7578125
126.4,152.6,0.22,0.7578125
126.8,150.7,0.32,0.7578125
126.8,150.7,0.32,0.7578125
116.4,157.2,0.02,0.7578125
116.4,157.2,0.02,0.7578125
126.9,152.9,0.31,0.7578125
126.9,152.9,0.31,-1.0
124.7,149.4,0.36,0.7578125
124.7,149.4,0.36,0.7578125
124.6,158.5,0.06,0.7578125
124.6,158.5,0.06,0.7578125
120.9,155.3,0.38,0.7578125
120.9,155.3,0.38,0.7578125
116.4,158.6,0.3,0.7578125
116.4,158.6,0.3,0.7578125
118.1,160.0,0.22,0.7578125
118.1,160.0,0.22,0.7578125
116.0,154.8,0.12,0.7578125
116.0,154.8,0.12,0.75
116.0,154.8,0.12,0.7578125
114.2,155.2,0.1,0.7578125
114.2,155.2,0.1,0.7578125
114.5,155.6,0.18,0.7578125
114.5,155.6,0.18,0.7578125
118.2,155.3,0.09,-1.0
118.2,155.3,0.09,-1.0
115.0,153.6,0.07,0.7578125
115.0,153.6,0.07,0.7578125
114.3,155.0,0.12,0.7578125
114.3,155.0,0.12,0.7578125
120.7,158.1,0.45,0.7578125
120.7,158.1,0.45,0.7578125
115.8,153.3,0.05,0.7578125
115.8,153.3,0.05,0.7578125
118.6,155.0,0.14,-1.0
118.6,155.0,0.14,-1.0
116.0,154.4,0.17,0.7578125
116.0,154.4,0.17,0.7578125
116.3,156.9,0.16,0.7578125
116.3,156.9,0.16,0.7578125
115.2,155.0,0.1,0.7578125
115.2,155.0,0.1,0.7578125
117.5,158.5,0.29,0.7578125
117.5,158.5,0.29,0.7578125
120.2,158.6,0.25,0.7578125
120.2,158.6,0.25,0.7578125
115.8,154.2,0.11,0.7578125
115.8,154.2,0.11,0.7578125
116.2,157.2,0.09,-1.0
116.2,157.2,0.09,0.7578125
115.2,159.9,0.27,0.7578125
115.2,159.9,0.27,0.7578125
116.7,156.0,0.17,0.7578125
116.7,156.0,0.17,0.7578125
117.3,155.0,0.07,0.7578125
117.3,155.0,0.07,0.7578125
116.8,154.2,0.09,0.7578125
116.8,154.2,0.09,0.7578125
116.2,154.8,0.01,0.7578125
116.2,154.8,0.01,0.7578125
117.1,156.1,0.14,0.7578125
117.1,156.1,0.14,0.7578125
115.0,155.1,0.21,0.7578125
115.0,155.1,0.21,0.7578125
124.9,156.2,0.28,0.7578125
124.9,156.2,0.28,0.7578125
115.6,153.5,0.28,0.7578125
115.6,153.5,0.28,0.7578125
117.7,153.4,0.11,0.7578125
117.7,153.4,0.11,-1.0
115.4,151.8,0.38,0.7578125
115.4,151.8,0.38,0.7578125
124.4,154.8,0.01,-1.0
124.4,154.8,0.01,-1.0
117.3,158.7,0.41000000000000003,0.7578125
117.3,158.7,0.41000000000000003,0.7578125
114.4,158.8,0.19,0.7578125
114.4,158.8,0.19,0.7578125
118.3,155.1,0.01,-1.0
118.3,155.1,0.01,-1.0
116.9,154.6,0.15,0.7578125
116.9,154.6,0.15,0.7578125
123.5,153.2,0.36,0.7578125
123.5,153.2,0.36,0.7578125
115.7,154.2,0.13,0.7578125
115.7,154.2,0.13,0.7578125
122.1,152.7,0.5,0.7578125
122.1,152.7,0.5,0.7578125
115.0,159.2,0.35000000000000003,0.7578125
115.0,159.2,0.35000000000000003,0.7578125
122.5,154.9,0.27,-1.0
122.5,154.9,0.27,-1.0
121.3,159.2,0.36,0.7578125
121.3,159.2,0.36,0.7578125
114.4,158.6,0.44,0.7578125
114.4,158.6,0.44,0.7578125
113.9,157.1,0.24,0.7578125
113.9,157.1,0.24,0.7578125
119.2,154.4,0.22,-1.0
119.2,154.4,0.22,-1.0
124.6,157.4,0.49,0.7578125
124.6,157.4,0.49,0.7578125
115.7,150.3,0.08,0.7578125
115.7,150.3,0.08,0.7578125
117.9,155.7,0.27,-1.0
117.9,155.7,0.27,-1.0
119.2,151.2,0.42,0.7578125
119.2,151.2,0.42,0.7578125
115.3,155.2,0.06,0.7578125
115.3,155.2,0.06,0.7578125
120.2,158.7,0.12,0.7578125
120.2,158.7,0.12,0.7578125
118.7,153.4,0.03,-1.0
118.7,153.4,0.03,-1.0
113.7,152.9,0.16,0.7578125
113.7,152.9,0.16,0.7578125
118.2,148.3,0.2,0.7578125
118.2,148.3,0.2,0.7578125
127.0,153.0,0.44,0.7578125
127.0,153.0,0.44,0.7578125
124.5,153.3,0.07,-1.0
124.5,153.3,0.07,-1.0
116.0,155.5,0.1,0.7578125
116.0,155.5,0.1,0.7578125
115.3,160.0,0.23,0.7578125
115.3,160.0,0.23,0.7578125
117.3,159.7,0.13,0.7578125
117.3,159.7,0.13,0.7578125
119.7,150.3,0.28,0.7578125
119.7,150.3,0.28,0.7578125
122.0,149.4,0.5,0.7578125
122.0,149.4,0.5,0.7578125
115.9,155.5,0.37,0.7578125
115.9,155.5,0.37,0.7578125
125.2,148.6,0.31,0.7578125
125.2,148.6,0.31,0.7578125
114.0,153.6,0.42,0.7578125
114.0,153.6,0.42,0.7578125
113.1,159.0,0.15,0.7578125
113.1,159.0,0.15,0.7578125
121.9,152.3,0.33,0.7578125
121.9,152.3,0.33,0.7578125
118.2,157.8,0.18,0.7578125
118.2,157.8,0.18,0.7578125
113.2,159.9,0.32,0.7578125
113.2,159.9,0.32,0.7578125
121.9,148.1,0.0,0.7578125
121.9,148.1,0.0,0.7578125
124.7,157.7,0.0,0.7578125
124.7,157.7,0.0,0.7578125
121.4,154.5,0.37,0.7578125
121.4,154.5,0.37,0.7578125
120.5,152.7,0.27,0.7578125
120.5,152.7,0.27,0.7578125
115.2,157.7,0.3,0.7578125
115.2,157.7,0.3,0.7578125
121.7,159.6,0.23,0.7578125
121.7,159.6,0.23,0.7578125
119.0,149.5,0.17,0.7578125
119.0,149.5,0.17,0.7578125
119.5,157.1,0.34,-1.0
119.5,157.1,0.34,-1.0
120.0,160.0,0.44,0.7578125
120.0,160.0,0.44,0.7578125
125.0,152.8,0.41000000000000003,-1.0
125.0,152.8,0.41000000000000003,-1.0
127.0,157.5,0.04,0.7578125
127.0,157.5,0.04,0.7578125
119.2,154.8,0.31,-1.0
119.2,154.8,0.31,-1.0
118.0,150.0,0.0,0.7578125
118.0,150.0,0.0,0.7578125
122.2,154.6,0.32,0.7578125
122.2,154.6,0.32,0.7578125
114.9,157.8,0.2,0.7578125
114.9,157.8,0.2,0.7578125
120.7,154.3,0.01,0.7578125
120.7,154.3,0.01,0.7578125
125.7,154.8,0.39,0.7578125
125.7,154.8,0.39,0.7578125
120.6,156.4,0.23,-1.0
120.6,156.4,0.23,-1.0
116.0,153.5,0.18,0.7578125
116.0,153.5,0.18,0.7578125
121.3,156.9,0.43,-1.0
121.3,156.9,0.43,-1.0
116.0,156.0,0.07,0.7578125
116.0,156.0,0.07,0.7578125
116.6,149.4,0.14,0.7578125
116.6,149.4,0.14,0.7578125
125.4,154.1,0.25,-1.0
125.4,154.1,0.25,-1.0
116.3,159.8,0.17,0.7578125
116.3,159.8,0.17,0.7578125
125.3,158.1,0.17,0.7578125
125.3,158.1,0.17,0.7578125
119.9,151.0,0.5,0.7578125
119.9,151.0,0.5,0.7578125
117.3,150.8,0.42,0.7578125
117.3,150.8,0.42,0.7578125
122.6,155.8,0.42,-1.0
122.6,155.8,0.42,-1.0
117.3,158.8,0.23,0.7578125
117.3,158.8,0.23,0.7578125
117.4,153.7,0.17,0.7578125
117.4,153.7,0.17,0.7578125
115.5,150.2,0.3,0.7578125
115.5,150.2,0.3,0.7578125
115.4,157.1,0.39,0.7578125
115.4,157.1,0.39,0.7578125
121.3,158.9,0.15,0.7578125
121.3,158.9,0.15,0.7578125
115.1,154.6,0.32,0.7578125
115.1,154.6,0.32,0.7578125
115.6,156.1,0.23,0.7578125
115.6,156.1,0.23,0.7578125
126.1,148.0,0.1,0.7578125
126.1,148.0,0.1,0.7578125
119.4,158.3,0.32,0.7578125
119.4,158.3,0.32,0.7578125
120.1,148.3,0.15,0.7578125
120.1,148.3,0.15,0.7578125
118.8,149.9,0.07,0.7578125
118.8,149.9,0.07,0.7578125
119.2,156.6,0.09,-1.0
119.2,156.6,0.09,-1.0
120.5,152.9,0.05,0.7578125
120.5,152.9,0.05,-1.0
113.0,150.1,0.43,0.7578125
113.0,150.1,0.43,0.7578125
120.4,159.9,0.22,0.7578125
120.4,159.9,0.22,0.7578125
118.6,160.0,0.06,0.7578125
118.6,160.0,0.06,0.7578125
126.9,150.8,0.46,0.7578125
126.9,150.8,0.46,0.7578125
117.4,155.5,0.06,0.7578125
117.4,155.5,0.06,0.7578125
123.8,153.7,0.18,0.7578125
123.8,153.7,0.18,0.7578125
118.7,159.8,0.38,0.7578125
118.7,159.8,0.38,0.7578125
113.0,160.0,0.18,0.7578125
113.0,160.0,0.18,0.7578125
126.4,153.9,0.13,-1.0
126.4,153.9,0.13,0.7578125
124.1,155.7,0.43,0.7578125
124.1,155.7,0.43,0.7578125
120.4,148.1,0.36,0.7578125
120.4,148.1,0.36,0.7578125
121.3,153.8,0.21,0.7578125
121.3,153.8,0.21,0.7578125
113.3,157.1,0.21,0.7578125
113.3,157.1,0.21,0.7578125
120.3,153.8,0.31,0.7578125
120.3,153.8,0.31,0.7578125
115.0,152.9,0.15,0.7578125
115.0,152.9,0.15,0.7578125
123.8,148.0,0.24,0.7578125
123.8,148.0,0.24,0.7578125
119.6,148.1,0.25,0.7578125
119.6,148.1,0.25,0.7578125
126.2,157.7,0.34,0.7578125
126.2,157.7,0.34,0.7578125
115.0,158.7,0.25,0.7578125
115.0,158.7,0.25,0.7578125
119.5,153.5,0.43,0.7578125
119.5,153.5,0.43,0.7578125
123.0,153.8,0.32,0.7578125
123.0,153.8,0.32,0.7578125
118.2,148.2,0.09,0.7578125
118.2,148.2,0.09,0.7578125
125.3,156.1,0.06,0.7578125
125.3,156.1,0.06,0.7578125
113.1,154.7,0.36,0.7578125
113.1,154.7,0.36,0.7578125
117.0,158.5,0.12,0.7578125
117.0,158.5,0.12,0.7578125
119.7,155.2,0.08,-1.0
119.7,155.2,0.08,-1.0
123.5,151.8,0.05,-1.0
123.5,151.8,0.05,-1.0
119.5,158.0,0.43,0.7578125
119.5,158.0,0.43,0.7578125
114.9,156.0,0.45,0.7578125
114.9,156.0,0.45,0.7578125
115.2,156.4,0.13,0.7578125
115.2,156.4,0.13,0.7578125
114.3,149.4,0.35000000000000003,0.7578125
114.3,149.4,0.35000000000000003,0.7578125
118.2,152.1,0.13,0.7578125
118.2,152.1,0.13,0.7578125
115.6,150.2,0.48,0.7578125
115.6,150.2,0.48,0.7578125
124.8,150.0,0.0,0.7578125
124.8,150.0,0.0,0.7578125
121.7,160.0,0.48,0.7578125
121.7,160.0,0.48,0.7578125
124.9,151.2,0.37,0.7578125
124.9,151.2,0.37,0.7578125
117.4,151.0,0.35000000000000003,0.7578125
117.4,151.0,0.35000000000000003,0.7578125
121.0,156.6,0.38,-1.0
121.0,156.6,0.38,-1.0
117.1,154.3,0.06,0.7578125
117.1,154.3,0.06,0.7578125
116.3,158.9,0.37,0.7578125
116.3,158.9,0.37,0.7578125
121.9,150.1,0.37,0.7578125
121.9,150.1,0.37,0.7578125
126.9,158.2,0.09,0.7578125
126.9,158.2,0.09,0.7578125
124.8,148.0,0.42,0.7578125
124.8,148.0,0.42,0.7578125
113.6,152.0,0.35000000000000003,0.7578125
113.6,152.0,0.35000000000000003,0.7578125
113.2,157.0,0.37,0.7578125
113.2,157.0,0.37,0.7578125
123.5,157.5,0.38,0.7578125
123.5,157.5,0.38,0.7578125
115.2,159.4,0.06,0.7578125
115.2,159.4,0.06,0.7578125
123.2,157.4,0.28,-1.0
123.2,157.4,0.28,-1.0
127.0,150.8,0.28,0.7578125
127.0,150.8,0.28,0.7578125
121.7,152.0,0.14,0.7578125
121.7,152.0,0.14,0.7578125
115.1,155.3,0.17,0.7578125
115.1,155.3,0.17,0.7578125
118.4,148.9,0.42,0.7578125
118.4,148.9,0.42,0.7578125
115.6,159.2,0.33,0.7578125
115.6,159.2,0.33,0.7578125
115.3,155.3,0.27,0.7578125
115.3,155.3,0.27,0.7578125
118.2,160.0,0.5,0.7578125
118.2,160.0,0.5,0.7578125
126.9,148.0,0.3,0.7578125
126.9,148.0,0.3,0.7578125
126.2,155.2,0.34,0.7578125
126.2,155.2,0.34,0.7578125
113.0,158.3,0.21,0.7578125
113.0,158.3,0.21,0.7578125
120.9,152.0,0.37,0.7578125
120.9,152.0,0.37,0.7578125
126.1,151.6,0.04,0.7578125
126.1,151.6,0.04,0.7578125
115.1,158.2,0.13,0.7578125
115.1,158.2,0.13,0.7578125
121.4,149.8,0.24,0.7578125
121.4,149.8,0.24,0.7578125
125.4,154.3,0.47000000000000003,-1.0
125.4,154.3,0.47000000000000003,-1.0
122.2,154.7,0.07,-1.0
122.2,154.7,0.07,-1.0
118.0,153.7,0.25,0.7578125
118.0,153.7,0.25,0.7578125
116.6,158.7,0.21,0.7578125
116.6,158.7,0.21,0.7578125
125.1,157.1,0.06,0.7578125
125.1,157.1,0.06,0.7578125
120.5,152.0,0.0,0.7578125
120.5,152.0,0.0,0.7578125
121.5,155.6,0.31,0.7578125
121.5,155.6,0.31,0.7578125
121.6,149.6,0.07,0.7578125
121.6,149.6,0.07,0.7578125
124.7,153.7,0.26,-1.0
124.7,153.7,0.26,-1.0
114.8,148.2,0.4,0.7578125
114.8,148.2,0.4,0.7578125
126.9,156.0,0.0,0.7578125
126.9,156.0,0.0,0.7578125
119.8,150.6,0.44,0.7578125
119.8,150.6,0.44,0.7578125
115.9,156.6,0.33,0.7578125
115.9,156.6,0.33,0.7578125
125.0,155.6,0.18,-1.0
125.0,155.6,0.18,-1.0
120.8,148.0,0.12,0.7578125
120.8,148.0,0.12,0.7578125
127.0,155.6,0.23,0.7578125
127.0,155.6,0.23,0.7578125
113.5,155.3,0.42,0.7578125
113.5,155.3,0.42,0.7578125
120.1,154.8,0.01,-1.0
120.1,154.8,0.01,-1.0
116.2,154.6,0.11,0.7578125
116.2,154.6,0.11,0.7578125
125.9,159.0,0.05,0.7578125
125.9,159.0,0.05,0.7578125
117.2,157.1,0.08,0.7578125
117.2,157.1,0.08,0.7578125
114.7,159.8,0.29,0.7578125
114.7,159.8,0.29,0.7578125
116.7,156.0,0.12,-1.0
116.7,156.0,0.12,-1.0
118.0,156.0,0.23,-1.0
118.0,156.0,0.23,-1.0
118.0,154.4,0.17,0.7578125
118.0,154.4,0.17,0.7578125
124.6,151.6,0.08,-1.0
124.6,151.6,0.08,-1.0
119.3,157.8,0.12,-1.0
119.3,157.8,0.12,-1.0
118.2,157.7,0.46,0.7578125
118.2,157.7,0.46,0.7578125
126.7,155.7,0.38,0.7578125
126.7,155.7,0.38,0.7578125
118.7,153.3,0.06,-1.0
118.7,153.3,0.06,-1.0
125.5,149.5,0.31,0.7578125
125.5,149.5,0.31,0.7578125
118.0,151.8,0.5,0.7578125
118.0,151.8,0.5,0.7578125
116.0,158.3,0.2,0.7578125
116.0,158.3,0.2,0.7578125
121.0,156.8,0.47000000000000003,-1.0
121.0,156.8,0.47000000000000003,-1.0
118.5,158.8,0.25,0.7578125
118.5,158.8,0.25,0.7578125
127.0,150.3,0.05,0.7578125
127.0,150.3,0.05,0.7578125
127.0,154.3,0.44,0.7578125
127.0,154.3,0.44,0.7578125
126.2,149.2,0.2,0.7578125
126.2,149.2,0.2,0.7578125
125.4,149.4,0.39,0.7578125
125.4,149.4,0.39,0.7578125
114.2,150.9,0.39,0.7578125
114.2,150.9,0.39,0.7578125
118.9,156.5,0.03,-1.0
118.9,156.5,0.03,-1.0
115.5,159.1,0.2,0.7578125
115.5,159.1,0.2,0.7578125
117.8,157.7,0.31,0.7578125
117.8,157.7,0.31,0.7578125
122.4,155.1,0.36,-1.0
122.4,155.1,0.36,-1.0
125.8,153.2,0.36,0.7578125
125.8,153.2,0.36,0.7578125
120.1,149.8,0.17,0.7578125
120.1,149.8,0.17,0.7578125
115.9,148.1,0.13,0.7578125
115.9,148.1,0.13,0.7578125
121.9,158.4,0.21,0.7578125
121.9,158.4,0.21,0.7578125
122.8,152.1,0.1,0.7578125
122.8,152.1,0.1,0.7578125
125.4,150.2,0.08,0.7578125
125.4,150.2,0.08,0.7578125
122.9,155.9,0.31,-1.0
122.9,155.9,0.31,-1.0
119.3,154.6,0.38,-1.0
119.3,154.6,0.38,-1.0
124.8,155.2,0.28,-1.0
124.8,155.2,0.28,-1.0
121.1,157.5,0.36,0.7578125
121.1,157.5,0.36,0.7578125
120.4,150.7,0.1,0.7578125
120.4,150.7,0.1,0.7578125
120.6,153.6,0.3,0.7578125
120.6,153.6,0.3,0.7578125
120.6,158.9,0.11,0.7578125
120.6,158.9,0.11,0.7578125
122.1,151.5,0.26,0.7578125
122.1,151.5,0.26,0.7578125
122.6,159.6,0.13,0.7578125
122.6,159.6,0.13,0.7578125
126.9,156.0,0.13,0.7578125
126.9,156.0,0.13,0.7578125
118.6,160.0,0.19,0.7578125
118.6,160.0,0.19,0.7578125
120.8,151.8,0.5,0.7578125
120.8,151.8,0.5,0.7578125
114.3,159.9,0.22,0.7578125
114.3,159.9,0.22,0.7578125
126.2,158.0,0.0,0.7578125
126.2,158.0,0.0,0.7578125
114.8,154.7,0.0,0.7578125
114.8,154.7,0.0,0.7578125
117.4,154.5,0.26,0.7578125
117.4,154.5,0.26,0.7578125
117.7,148.0,0.14,0.7578125
117.7,148.0,0.14,0.7578125
122.8,154.7,0.44,0.7578125
122.8,154.7,0.44,0.7578125
123.3,148.0,0.25,0.7578125
123.3,148.0,0.25,0.7578125
121.3,149.1,0.32,0.7578125
121.3,149.1,0.32,0.7578125
124.1,160.0,0.16,0.7578125
124.1,160.0,0.16,0.7578125
117.7,156.1,0.0,-1.0
117.7,156.1,0.0,-1.0
117.3,152.2,0.18,0.7578125
117.3,152.2,0.18,0.7578125
119.2,160.0,0.35000000000000003,0.7578125
119.2,160.0,0.35000000000000003,0.7578125
114.4,157.4,0.47000000000000003,0.7578125
114.4,157.4,0.47000000000000003,0.7578125
122.6,156.3,0.16,-1.0
122.6,156.3,0.16,-1.0
113.1,158.4,0.26,0.7578125
113.1,158.4,0.26,0.7578125
116.4,154.2,0.14,0.7578125
116.4,154.2,0.14,0.7578125
118.6,150.6,0.23,0.7578125
118.6,150.6,0.23,0.7578125
120.8,157.8,0.01,0.7578125
120.8,157.8,0.01,0.7578125
123.7,150.9,0.34,0.7578125
123.7,150.9,0.34,0.7578125
115.0,158.7,0.13,0.7578125
115.0,158.7,0.13,0.7578125
124.7,148.0,0.17,0.7578125
124.7,148.0,0.17,0.7578125
116.7,155.9,0.1,0.7578125
116.7,155.9,0.1,0.7578125
126.7,153.7,0.5,0.7578125
126.7,153.7,0.5,-1.0
114.5,156.9,0.16,0.7578125
114.5,156.9,0.16,0.7578125
126.7,153.9,0.22,0.7578125
126.7,153.9,0.22,0.7578125
118.0,159.3,0.12,0.7578125
118.0,159.3,0.12,0.7578125
119.1,152.1,0.25,0.7578125
119.1,152.1,0.25,0.7578125
114.7,156.6,0.28,0.7578125
114.7,156.6,0.28,0.7578125
114.4,154.1,0.24,0.7578125
114.4,154.1,0.24,0.7578125
127.0,152.2,0.11,0.7578125
127.0,152.2,0.11,0.7578125
120.7,155.1,0.28,0.7578125
120.7,155.1,0.28,0.7578125
118.8,149.5,0.5,0.7578125
118.8,149.5,0.5,0.7578125
116.6,152.7,0.03,0.7578125
116.6,152.7,0.03,0.7578125
122.7,150.7,0.05,0.7578125
122.7,150.7,0.05,0.7578125
119.7,148.1,0.02,0.7578125
119.7,148.1,0.02,0.7578125
118.4,154.1,0.06,-1.0
118.4,154.1,0.06,-1.0
115.8,158.0,0.24,0.7578125
115.8,158.0,0.24,0.7578125
115.4,158.4,0.27,0.7578125
115.4,158.4,0.27,0.7578125
117.8,156.4,0.4,-1.0
117.8,156.4,0.4,-1.0
118.2,159.1,0.44,0.7578125
118.2,159.1,0.44,0.7578125
125.1,155.9,0.48,0.7578125
125.1,155.9,0.48,0.7578125
113.5,154.7,0.15,0.7578125
113.5,154.7,0.15,0.7578125
118.1,160.0,0.11,0.7578125
118.1,160.0,0.11,0.7578125
121.7,158.7,0.44,0.7578125
121.7,158.7,0.44,0.7578125
113.1,157.2,0.35000000000000003,0.7578125
113.1,157.2,0.35000000000000003,0.7578125
121.8,149.2,0.23,0.7578125
121.8,149.2,0.23,0.7578125
120.7,158.1,0.38,0.7578125
120.7,158.1,0.38,0.7578125
121.6,153.0,0.18,0.7578125
121.6,153.0,0.18,-1.0
114.9,157.2,0.03,0.7578125
114.9,157.2,0.03,0.7578125
116.4,157.9,0.34,0.7578125
116.4,157.9,0.34,0.7578125
115.7,158.5,0.4,0.7578125
115.7,158.5,0.4,0.7578125
120.0,157.3,0.29,-1.0
120.0,157.3,0.29,-1.0
121.9,153.2,0.0,-1.0
121.9,153.2,0.0,-1.0
125.3,149.9,0.25,0.7578125
125.3,149.9,0.25,0.7578125
116.8,159.7,0.26,0.7578125
116.8,159.7,0.26,0.7578125
121.9,153.8,0.35000000000000003,0.7578125
121.9,153.8,0.35000000000000003,0.7578125
117.8,157.6,0.18,0.7578125
117.8,157.6,0.18,0.7578125
123.1,158.7,0.31,0.7578125
123.1,158.7,0.31,0.7578125
120.9,150.4,0.42,0.7578125
120.9,150.4,0.42,0.7578125
118.3,160.0,0.27,0.7578125
118.3,160.0,0.27,0.7578125
116.5,154.2,0.5,0.7578125
116.5,154.2,0.5,0.7578125
113.1,155.7,0.4,0.7578125
113.1,155.7,0.4,0.7578125
123.5,149.9,0.3,0.7578125
123.5,149.9,0.3,0.7578125
116.5,159.9,0.18,0.7578125
116.5,159.9,0.18,0.7578125
120.2,155.6,0.39,-1.0
120.2,155.6,0.39,-1.0
115.5,149.5,0.37,0.7578125
115.5,149.5,0.37,0.7578125
117.4,155.8,0.18,0.7578125
117.4,155.8,0.18,0.7578125
123.0,153.3,0.27,-1.0
123.0,153.3,0.27,-1.0
120.0,153.0,0.08,-1.0
120.0,153.0,0.08,-1.0
114.8,153.3,0.1,0.7578125
114.8,153.3,0.1,0.7578125
125.2,154.7,0.43,-1.0
125.2,154.7,0.43,-1.0
119.9,157.7,0.5,0.7578125
119.9,157.7,0.5,0.7578125
121.7,151.1,0.08,0.7578125
121.7,151.1,0.08,-1.0
126.9,150.3,0.13,0.7578125
126.9,150.3,0.13,0.7578125
127.0,156.5,0.48,0.7578125
127.0,156.5,0.48,0.7578125
118.1,154.9,0.08,-1.0
118.1,154.9,0.08,-1.0
119.5,160.0,0.44,0.7578125
119.5,160.0,0.44,0.7578125
124.0,156.0,0.36,0.7578125
124.0,156.0,0.36,0.7578125
125.2,151.0,0.12,-1.0
125.2,151.0,0.12,0.7578125
113.3,154.2,0.05,0.7578125
113.3,154.2,0.05,0.7578125
127.0,158.8,0.04,0.7578125
127.0,158.8,0.04,0.7578125
114.1,159.1,0.38,0.7578125
114.1,159.1,0.38,0.7578125
114.7,160.0,0.2,0.7578125
114.7,160.0,0.2,0.7578125
125.7,148.7,0.34,0.7578125
125.7,148.7,0.34,0.7578125
117.4,155.0,0.0,0.7578125
117.4,155.0,0.0,0.7578125
122.3,156.2,0.42,-1.0
122.3,156.2,0.42,-1.0
116.8,148.1,0.23,0.7578125
116.8,148.1,0.23,0.7578125
116.1,154.1,0.24,0.7578125
116.1,154.1,0.24,0.7578125
118.3,154.3,0.0,-1.0
118.3,154.3,0.0,-1.0
126.7,156.4,0.05,0.7578125
126.7,156.4,0.05,0.7578125
120.4,156.4,0.13,-1.0
120.4,156.4,0.13,-1.0
120.2,149.4,0.22,0.7578125
120.2,149.4,0.22,0.7578125
125.5,153.2,0.27,-1.0
125.5,153.2,0.27,-1.0
118.3,152.7,0.32,0.7578125
118.3,152.7,0.32,0.7578125
116.2,151.2,0.42,0.7578125
116.2,151.2,0.42,0.7578125
126.7,149.6,0.35000000000000003,0.7578125
126.7,149.6,0.35000000000000003,0.7578125
120.0,152.5,0.37,0.7578125
120.0,152.5,0.37,0.7578125
119.4,158.4,0.17,0.7578125
119.4,158.4,0.17,0.7578125
114.6,158.1,0.27,0.7578125
114.6,158.1,0.27,0.7578125
115.0,150.8,0.28,0.7578125
115.0,150.8,0.28,0.7578125
120.6,151.3,0.17,0.7578125
120.6,151.3,0.17,0.7578125
113.0,149.8,0.33,0.7578125
113.0,149.8,0.33,0.7578125
120.7,154.2,0.07,0.7578125
120.7,154.2,0.07,0.7578125
125.6,153.0,0.18,-1.0
125.6,153.0,0.18,-1.0
122.1,149.9,0.15,0.7578125
122.1,149.9,0.15,0.7578125
124.2,158.3,0.42,0.7578125
124.2,158.3,0.42,0.7578125
122.5,152.4,0.42,0.7578125
122.5,152.4,0.42,0.7578125
118.7,157.5,0.37,-1.0
118.7,157.5,0.37,-1.0
119.5,148.5,0.07,0.7578125
119.5,148.5,0.07,0.7578125
116.0,153.4,0.38,0.7578125
116.0,153.4,0.38,0.7578125
116.5,157.0,0.26,0.7578125
116.5,157.0,0.26,0.7578125
123.9,151.5,0.42,0.7578125
123.9,151.5,0.42,0.7578125
121.2,159.8,0.2,0.7578125
121.2,159.8,0.2,0.7578125
124.2,152.9,0.11,0.7578125
124.2,152.9,0.11,0.7578125
126.9,157.7,0.17,0.7578125
126.9,157.7,0.17,0.7578125
123.8,157.6,0.07,0.7578125
123.8,157.6,0.07,0.7578125
113.0,156.0,0.3,0.7578125
113.0,156.0,0.3,0.7578125
118.6,150.2,0.45,0.7578125
118.6,150.2,0.45,0.7578125
125.6,160.0,0.0,0.7578125
125.6,160.0,0.0,0.7578125
118.2,149.8,0.09,0.7578125
118.2,149.8,0.09,0.7578125
119.2,148.3,0.13,0.7578125
119.2,148.3,0.13,0.7578125
125.8,153.9,0.34,-1.0
125.8,153.9,0.34,-1.0
125.4,153.2,0.01,-1.0
125.4,153.2,0.01,-1.0
114.8,155.8,0.36,0.7578125
114.8,155.8,0.36,0.7578125
125.5,156.4,0.31,0.7578125
125.5,156.4,0.31,0.7578125
126.7,148.6,0.25,0.7578125
126.7,148.6,0.25,0.7578125
121.5,156.7,0.34,-1.0
121.5,156.7,0.34,-1.0
122.2,155.9,0.25,-1.0
122.2,155.9,0.25,-1.0
115.6,159.8,0.12,0.7578125
115.6,159.8,0.12,0.7578125
117.2,158.4,0.17,0.7578125
117.2,158.4,0.17,0.7578125
116.1,154.8,0.13,0.7578125
116.1,154.8,0.13,0.7578125
125.1,150.2,0.3,0.7578125
125.1,150.2,0.3,0.7578125
117.4,158.4,0.28,0.7578125
117.4,158.4,0.28,0.7578125
115.9,158.7,0.32,0.7578125
115.9,158.7,0.32,0.7578125
127.0,149.6,0.17,0.7578125
127.0,149.6,0.17,0.7578125
113.3,149.0,0.04,0.7578125
113.3,149.0,0.04,0.7578125
113.4,157.7,0.16,0.7578125
113.4,157.7,0.16,0.7578125
120.8,150.4,0.49,0.7578125
120.8,150.4,0.49,0.7578125
115.1,155.7,0.14,0.7578125
115.1,155.7,0.14,0.7578125
114.1,159.4,0.29,0.7578125
114.1,159.4,0.29,0.7578125
118.1,156.7,0.08,-1.0
118.1,156.7,0.08,-1.0
120.7,148.0,0.48,0.7578125
120.7,148.0,0.48,0.7578125
121.0,159.6,0.38,0.7578125
121.0,159.6,0.38,0.7578125
125.1,155.3,0.22,-1.0
125.1,155.3,0.22,-1.0
118.4,154.9,0.33,-1.0
118.4,154.9,0.33,-1.0
116.4,155.6,0.21,0.7578125
116.4,155.6,0.21,0.7578125
125.2,149.3,0.15,0.7578125
125.2,149.3,0.15,0.7578125
126.9,154.9,0.38,0.7578125
126.9,154.9,0.38,0.7578125
122.8,159.4,0.0,0.7578125
122.8,159.4,0.0,0.7578125
118.6,158.3,0.0,0.7578125
118.6,158.3,0.0,0.7578125
119.5,155.6,0.2,-1.0
119.5,155.6,0.2,-1.0
120.3,148.2,0.18,0.7578125
120.3,148.2,0.18,0.7578125
117.5,153.0,0.08,0.7578125
117.5,153.0,0.08,0.7578125
121.3,154.1,0.27,0.7578125
121.3,154.1,0.27,0.7578125
120.1,158.4,0.44,0.7578125
120.1,158.4,0.44,0.7578125
119.7,154.0,0.15,0.7578125
119.7,154.0,0.15,0.7578125
121.7,155.2,0.0,-1.0
121.7,155.2,0.0,-1.0
114.8,150.4,0.35000000000000003,0.7578125
114.8,150.4,0.35000000000000003,0.7578125
122.0,148.6,0.29,0.7578125
122.0,148.6,0.29,0.7578125
116.0,154.7,0.07,0.7578125
116.0,154.7,0.07,0.7578125
115.2,155.9,0.42,0.7578125
115.2,155.9,0.42,0.7578125
123.0,157.2,0.45,-1.0
123.0,157.2,0.45,-1.0
124.6,149.0,0.08,0.7578125
124.6,149.0,0.08,0.7578125
121.2,158.0,0.16,0.7578125
121.2,158.0,0.16,0.7578125
125.5,151.8,0.3,-1.0
125.5,151.8,0.3,0.7578125
126.9,150.2,0.36,0.7578125
126.9,150.2,0.36,0.7578125
113.4,152.2,0.45,0.7578125
113.4,152.2,0.45,0.7578125
116.8,159.9,0.36,0.7578125
116.8,159.9,0.36,0.7578125
116.1,158.4,0.15,0.7578125
116.1,158.4,0.15,0.7578125
113.0,158.4,0.35000000000000003,0.7578125
113.0,158.4,0.35000000000000003,0.7578125
114.7,157.7,0.1,0.7578125
114.7,157.7,0.1,0.7578125
114.8,148.4,0.32,0.7578125
114.8,148.4,0.32,0.7578125
116.8,150.0,0.35000000000000003,0.7578125
116.8,150.0,0.35000000000000003,0.7578125
115.1,158.7,0.23,0.7578125
115.1,158.7,0.23,0.7578125
121.0,154.8,0.41000000000000003,0.7578125
121.0,154.8,0.41000000000000003,0.7578125
123.2,152.7,0.32,0.7578125
123.2,152.7,0.32,-1.0
123.9,155.9,0.39,0.7578125
123.9,155.9,0.39,0.7578125
126.0,152.4,0.45,0.7578125
126.0,152.4,0.45,0.7578125
120.0,152.0,0.3,0.7578125
120.0,152.0,0.3,0.7578125
122.8,158.2,0.14,0.7578125
122.8,158.2,0.14,0.7578125
121.0,155.0,0.33,0.7578125
121.0,155.0,0.33,0.7578125
116.6,152.3,0.31,0.7578125
116.6,152.3,0.31,0.7578125
123.9,158.2,0.2,0.7578125
123.9,158.2,0.2,0.7578125
113.6,159.9,0.27,0.7578125
113.6,159.9,0.27,0.7578125
113.0,156.0,0.46,0.7578125
113.0,156.0,0.46,0.7578125
117.0,160.0,0.1,0.7578125
117.0,160.0,0.1,0.7578125
121.2,149.5,0.1,0.7578125
121.2,149.5,0.1,0.7578125
113.0,156.4,0.1,0.7578125
113.0,156.4,0.1,0.7578125
120.9,151.3,0.25,0.7578125
120.9,151.3,0.25,0.7578125
119.9,155.1,0.0,-1.0
119.9,155.1,0.0,-1.0
122.3,158.1,0.5,0.7578125
122.3,158.1,0.5,0.7578125
117.1,159.9,0.19,0.7578125
117.1,159.9,0.19,0.7578125
122.3,153.0,0.1,-1.0
122.3,153.0,0.1,-1.0
116.6,160.0,0.28,0.7578125
116.6,160.0,0.28,0.7578125
126.5,154.9,0.3,0.7578125
126.5,154.9,0.3,0.7578125
114.5,158.1,0.42,0.7578125
114.5,158.1,0.42,0.7578125
115.5,149.8,0.41000000000000003,0.7578125
115.5,149.8,0.41000000000000003,0.7578125
116.1,155.4,0.26,0.7578125
116.1,155.4,0.26,0.7578125
119.0,155.4,0.49,-1.0
119.0,155.4,0.49,-1.0
126.8,151.5,0.16,0.7578125
126.8,151.5,0.16,0.7578125
122.7,150.5,0.49,0.7578125
122.7,150.5,0.49,0.7578125
126.9,153.1,0.36,0.7578125
126.9,153.1,0.36,0.7578125
120.8,159.7,0.12,0.7578125
120.8,159.7,0.12,0.7578125
122.2,149.5,0.24,0.7578125
122.2,149.5,0.24,0.7578125
124.9,148.9,0.2,0.7578125
124.9,148.9,0.2,0.7578125
123.0,150.1,0.12,0.7578125
123.0,150.1,0.12,0.7578125
113.6,159.4,0.19,0.7578125
113.6,159.4,0.19,0.7578125
120.0,152.0,0.45,0.7578125
120.0,152.0,0.45,0.7578125
117.4,149.3,0.12,0.7578125
117.4,149.3,0.12,0.7578125
125.6,148.0,0.23,0.7578125
125.6,148.0,0.23,0.7578125
125.1,151.6,0.06,-1.0
125.1,151.6,0.06,-1.0
126.1,157.0,0.09,0.7578125
126.1,157.0,0.09,0.7578125
127.0,155.5,0.42,0.7578125
127.0,155.5,0.42,0.7578125
116.0,157.2,0.36,0.7578125
116.0,157.2,0.36,0.7578125
117.8,155.0,0.1,-1.0
117.8,155.0,0.1,-1.0
119.5,156.4,0.32,-1.0
119.5,156.4,0.32,-1.0
118.1,149.4,0.5,0.7578125
118.1,149.4,0.5,0.7578125
123.4,151.3,0.13,0.7578125
123.4,151.3,0.13,0.7578125
124.7,158.6,0.08,0.7578125
124.7,158.6,0.08,0.7578125
114.1,158.4,0.21,0.7578125
114.1,158.4,0.21,0.7578125
119.5,149.9,0.37,0.7578125
119.5,149.9,0.37,0.7578125
124.1,154.7,0.25,0.7578125
124.1,154.7,0.25,0.7578125
120.5,149.5,0.44,0.7578125
120.5,149.5,0.44,0.7578125
118.2,153.8,0.19,0.7578125
118.2,153.8,0.19,0.7578125
118.6,158.5,0.08,0.7578125
118.6,158.5,0.08,0.7578125
123.7,154.3,0.42,0.7578125
123.7,154.3,0.42,0.7578125
123.4,148.5,0.36,0.7578125
123.4,148.5,0.36,0.7578125
127.0,158.4,0.01,0.7578125
127.0,158.4,0.01,0.7578125
118.4,158.6,0.39,0.7578125
118.4,158.6,0.39,0.7578125
116.2,155.9,0.05,0.7578125
116.2,155.9,0.05,0.7578125
122.3,148.0,0.19,0.7578125
122.3,148.0,0.19,0.7578125
125.8,159.2,0.49,0.7578125
125.8,159.2,0.49,0.7578125
118.8,152.4,0.01,0.7578125
118.8,152.4,0.01,0.7578125
116.9,157.2,0.18,0.7578125
116.9,157.2,0.18,0.7578125
120.9,156.9,0.42,-1.0
120.9,156.9,0.42,-1.0
122.7,159.9,0.24,0.7578125
122.7,159.9,0.24,0.7578125
118.8,158.4,0.24,0.7578125
118.8,158.4,0.24,0.7578125
119.3,150.1,0.07,0.7578125
119.3,150.1,0.07,0.7578125
124.9,152.2,0.1,-1.0
124.9,152.2,0.1,-1.0
119.8,149.2,0.25,0.7578125
119.8,149.2,0.25,0.7578125
120.1,159.1,0.16,0.7578125
120.1,159.1,0.16,0.7578125
124.7,150.0,0.1,0.7578125
124.7,150.0,0.1,0.7578125
122.8,155.6,0.36,-1.0
122.8,155.6,0.36,-1.0
117.1,155.4,0.16,0.7578125
117.1,155.4,0.16,0.7578125
114.7,157.6,0.2,0.7578125
114.7,157.6,0.2,0.7578125
116.0,153.4,0.15,0.7578125
116.0,153.4,0.15,0.7578125
116.1,158.6,0.26,0.7578125
116.1,158.6,0.26,0.7578125
113.9,157.1,0.4,0.7578125
113.9,157.1,0.4,0.7578125
124.7,154.4,0.5,-1.0
124.7,154.4,0.5,0.7578125
115.8,151.6,0.48,0.7578125
115.8,151.6,0.48,0.7578125
117.3,158.7,0.33,0.7578125
117.3,158.7,0.33,0.7578125
121.0,153.5,0.33,0.7578125
121.0,153.5,0.33,0.7578125
125.4,154.9,0.07,-1.0
125.4,154.9,0.07,-1.0
113.3,151.1,0.38,0.7578125
113.3,151.1,0.38,0.7578125
119.5,159.0,0.42,0.7578125
119.5,159.0,0.42,0.7578125
116.7,149.2,0.03,0.7578125
116.7,149.2,0.03,0.7578125
114.9,160.0,0.17,0.7578125
114.9,160.0,0.17,0.7578125
114.6,153.8,0.45,0.7578125
114.6,153.8,0.45,0.7578125
127.0,148.4,0.1,0.7578125
127.0,148.4,0.1,0.7578125
124.9,156.1,0.0,-1.0
124.9,156.1,0.0,-1.0
122.2,152.7,0.17,0.7578125
122.2,152.7,0.17,-1.0
114.3,152.0,0.22,0.7578125
114.3,152.0,0.22,0.7578125
120.4,148.1,0.08,0.7578125
120.4,148.1,0.08,0.7578125
116.5,153.5,0.08,0.7578125
116.5,153.5,0.08,0.7578125
124.0,151.5,0.2,0.7578125
124.0,151.5,0.2,0.7578125
119.3,154.5,0.06,-1.0
119.3,154.5,0.06,-1.0
124.6,158.3,0.0,0.7578125
124.6,158.3,0.0,0.7578125
125.6,153.9,0.44,-1.0
125.6,153.9,0.44,-1.0
125.0,148.1,0.28,0.7578125
125.0,148.1,0.28,0.7578125
115.8,159.9,0.31,0.7578125
115.8,159.9,0.31,0.7578125
121.5,157.6,0.25,0.7578125
121.5,157.6,0.25,0.7578125
113.0,154.1,0.25,0.7578125
113.0,154.1,0.25,0.7578125
127.0,156.3,0.27,0.7578125
127.0,156.3,0.27,0.7578125
114.3,158.8,0.12,0.7578125
114.3,158.8,0.12,0.7578125
125.9,149.3,0.03,0.7578125
125.9,149.3,0.03,0.7578125
127.0,157.6,0.06,0.7578125
127.0,157.6,0.06,0.7578125
116.6,159.9,0.22,0.7578125
116.6,159.9,0.22,0.7578125
114.2,157.6,0.29,0.7578125
114.2,157.6,0.29,0.7578125
126.0,154.1,0.18,-1.0
126.0,154.1,0.18,-1.0
120.9,149.6,0.16,0.7578125
120.9,149.6,0.16,0.7578125
113.0,159.4,0.44,0.7578125
113.0,159.4,0.44,0.7578125
123.7,153.8,0.32,0.7578125
123.7,153.8,0.32,0.7578125
124.7,150.7,0.28,0.7578125
124.7,150.7,0.28,0.7578125
118.6,160.0,0.41000000000000003,0.7578125
118.6,160.0,0.41000000000000003,0.7578125
126.8,152.7,0.0,-1.0
126.8,152.7,0.0,0.7578125
120.8,155.9,0.27,-1.0
120.8,155.9,0.27,-1.0
117.5,157.2,0.08,0.7578125
117.5,157.2,0.08,0.7578125
114.3,153.4,0.32,0.7578125
114.3,153.4,0.32,0.7578125
117.7,148.2,0.06,0.7578125
117.7,148.2,0.06,0.7578125
122.9,157.6,0.34,0.7578125
122.9,157.6,0.34,-1.0
119.9,151.8,0.07,0.7578125
119.9,151.8,0.07,0.7578125
121.9,151.3,0.32,0.7578125
121.9,151.3,0.32,0.7578125
115.8,156.6,0.24,0.7578125
115.8,156.6,0.24,0.7578125
113.0,155.3,0.37,0.7578125
113.0,155.3,0.37,0.7578125
119.6,159.0,0.5,0.7578125
119.6,159.0,0.5,0.7578125
120.3,153.2,0.25,0.7578125
120.3,153.2,0.25,0.7578125
113.2,152.0,0.1,0.7578125
113.2,152.0,0.1,0.7578125
124.8,156.5,0.27,0.7578125
124.8,156.5,0.27,0.7578125
120.8,159.7,0.19,0.7578125
120.8,159.7,0.19,0.7578125
124.4,148.0,0.09,0.7578125
124.4,148.0,0.09,0.7578125
125.0,149.5,0.19,0.7578125
125.0,149.5,0.19,0.7578125
125.8,156.5,0.38,0.7578125
125.8,156.5,0.38,0.7578125
121.5,156.2,0.47000000000000003,-1.0
121.5,156.2,0.47000000000000003,-1.0
118.7,149.2,0.14,0.7578125
118.7,149.2,0.14,0.7578125
123.2,150.1,0.07,0.7578125
123.2,150.1,0.07,0.7578125
115.6,154.6,0.23,0.7578125
115.6,154.6,0.23,0.7578125
118.6,155.3,0.07,-1.0
118.6,155.3,0.07,-1.0
118.9,151.9,0.45,0.7578125
118.9,151.9,0.45,0.7578125
126.9,151.5,0.07,0.7578125
126.9,151.5,0.07,0.7578125
119.8,150.2,0.47000000000000003,0.7578125
119.8,150.2,0.47000000000000003,0.7578125
125.4,150.3,0.37,0.7578125
125.4,150.3,0.37,0.7578125
123.0,151.8,0.02,0.7578125
123.0,151.8,0.02,-1.0
115.3,154.8,0.06,0.7578125
115.3,154.8,0.06,0.7578125
113.0,158.4,0.13,0.7578125
113.0,158.4,0.13,0.7578125
118.7,153.7,0.31,0.7578125
118.7,153.7,0.31,0.7578125
119.6,157.6,0.19,-1.0
119.6,157.6,0.19,-1.0
122.7,158.4,0.41000000000000003,0.7578125
122.7,158.4,0.41000000000000003,0.7578125
115.1,158.2,0.38,0.7578125
115.1,158.2,0.38,0.7578125
118.0,156.5,0.13,-1.0
118.0,156.5,0.13,-1.0
118.5,154.6,0.0,-1.0
118.5,154.6,0.0,-1.0
117.5,151.1,0.15,0.7578125
117.5,151.1,0.15,0.7578125
114.8,159.0,0.23,0.7578125
114.8,159.0,0.23,0.7578125
118.6,148.2,0.17,0.7578125
118.6,148.2,0.17,0.7578125
115.8,150.8,0.36,0.7578125
115.8,150.8,0.36,0.7578125
116.3,156.9,0.44,0.7578125
116.3,156.9,0.44,0.7578125
120.8,156.0,0.35000000000000003,-1.0
120.8,156.0,0.35000000000000003,-1.0
121.8,156.9,0.38,-1.0
121.8,156.9,0.38,-1.0
121.8,151.6,0.13,0.7578125
121.8,151.6,0.13,0.7578125
126.2,159.9,0.08,0.7578125
126.2,159.9,0.08,0.7578125
127.0,149.6,0.27,0.7578125
127.0,149.6,0.27,0.7578125
122.2,150.8,0.2,0.7578125
122.2,150.8,0.2,0.7578125
125.1,155.0,0.41000000000000003,-1.0
125.1,155.0,0.41000000000000003,-1.0
127.0,152.0,0.49,0.7578125
127.0,152.0,0.49,0.7578125
122.4,159.8,0.32,0.7578125
122.4,159.8,0.32,0.7578125
123.4,150.1,0.26,0.7578125
123.4,150.1,0.26,0.7578125
116.7,156.9,0.28,0.7578125
116.7,156.9,0.28,0.7578125
120.9,149.2,0.29,0.7578125
120.9,149.2,0.29,0.7578125
119.2,150.9,0.49,0.7578125
119.2,150.9,0.49,0.7578125
116.7,156.2,0.1,0.7578125
116.7,156.2,0.1,0.7578125
120.4,153.9,0.4,0.7578125
120.4,153.9,0.4,0.7578125
117.4,155.1,0.3,0.7578125
117.4,155.1,0.3,0.7578125
117.4,158.6,0.16,0.7578125
117.4,158.6,0.16,0.7578125
116.5,160.0,0.0,0.7578125
116.5,160.0,0.0,0.7578125
120.1,159.8,0.11,0.7578125
120.1,159.8,0.11,0.7578125
113.3,158.8,0.26,0.7578125
113.3,158.8,0.26,0.7578125
113.2,159.1,0.2,0.7578125
113.2,159.1,0.2,0.7578125
117.2,148.5,0.43,0.7578125
117.2,148.5,0.43,0.7578125
118.7,156.7,0.26,-1.0
118.7,156.7,0.26,-1.0
119.9,155.1,0.12,-1.0
119.9,155.1,0.12,-1.0
124.0,155.0,0.33,0.7578125
124.0,155.0,0.33,0.7578125
116.8,158.7,0.07,0.7578125
116.8,158.7,0.07,0.7578125
125.1,154.5,0.28,-1.0
125.1,154.5,0.28,-1.0
120.7,148.3,0.24,0.7578125
120.7,148.3,0.24,0.7578125
120.8,159.2,0.42,0.7578125
120.8,159.2,0.42,0.7578125
113.4,148.9,0.37,0.7578125
113.4,148.9,0.37,0.7578125
113.1,157.6,0.46,0.7578125
113.1,157.6,0.46,0.7578125
127.0,157.0,0.03,0.7578125
127.0,157.0,0.03,0.7578125
118.8,159.0,0.35000000000000003,0.7578125
118.8,159.0,0.35000000000000003,0.7578125
115.5,158.4,0.17,0.7578125
115.5,158.4,0.17,0.7578125
114.7,159.9,0.34,0.7578125
114.7,159.9,0.34,0.7578125
121.3,158.1,0.3,0.7578125
121.3,158.1,0.3,0.7578125
122.4,160.0,0.15,0.7578125
122.4,160.0,0.15,0.7578125
125.8,151.5,0.18,0.7578125
125.8,151.5,0.18,-1.0
115.3,155.2,0.13,0.7578125
115.3,155.2,0.13,0.7578125
113.5,159.9,0.13,0.7578125
113.5,159.9,0.13,0.7578125
114.9,149.6,0.43,0.7578125
114.9,149.6,0.43,0.7578125
114.8,155.7,0.39,0.7578125
114.8,155.7,0.39,0.7578125
121.5,153.0,0.35000000000000003,-1.0
121.5,153.0,0.35000000000000003,-1.0
123.6,149.0,0.17,0.7578125
123.6,149.0,0.17,0.7578125
121.9,155.4,0.08,-1.0
121.9,155.4,0.08,-1.0
126.9,149.7,0.43,0.7578125
126.9,149.7,0.43,0.7578125
123.1,153.9,0.24,0.7578125
123.1,153.9,0.24,0.7578125
120.8,151.4,0.06,0.7578125
120.8,151.4,0.06,0.7578125
118.0,150.4,0.43,0.7578125
118.0,150.4,0.43,0.7578125
125.7,148.7,0.33,0.7578125
125.7,148.7,0.33,0.7578125
119.9,160.0,0.19,0.7578125
119.9,160.0,0.19,0.7578125
113.0,156.4,0.24,0.7578125
113.0,156.4,0.24,0.7578125
118.2,160.0,0.16,0.7578125
118.2,160.0,0.16,0.7578125
122.4,149.2,0.23,0.7578125
122.4,149.2,0.23,0.7578125
120.7,153.0,0.03,-1.0
120.7,153.0,0.03,-1.0
126.5,153.0,0.29,0.7578125
126.5,153.0,0.29,0.7578125
117.2,158.9,0.29,0.7578125
117.2,158.9,0.29,0.7578125
114.0,160.0,0.26,0.7578125
114.0,160.0,0.26,0.7578125
122.2,155.2,0.43,0.7578125
122.2,155.2,0.43,0.7578125
116.7,151.0,0.08,0.7578125
116.7,151.0,0.08,0.7578125
118.5,148.0,0.1,0.7578125
118.5,148.0,0.1,0.7578125
119.8,157.7,0.4,0.7578125
119.8,157.7,0.4,0.7578125
114.1,148.9,0.25,0.7578125
114.1,148.9,0.25,0.7578125
117.2,154.5,0.12,0.7578125
117.2,154.5,0.12,0.7578125
126.9,148.9,0.18,0.7578125
126.9,148.9,0.18,0.7578125
120.8,152.7,0.28,0.7578125
120.8,152.7,0.28,0.7578125
121.8,154.1,0.32,0.7578125
121.8,154.1,0.32,0.7578125
116.7,153.4,0.01,0.7578125
116.7,153.4,0.01,0.7578125
123.1,148.1,0.27,0.7578125
123.1,148.1,0.27,0.7578125
124.6,149.5,0.34,0.7578125
124.6,149.5,0.34,0.7578125
126.5,154.8,0.48,0.7578125
126.5,154.8,0.48,0.7578125
125.0,151.5,0.13,0.7578125
125.0,151.5,0.13,0.7578125
123.5,156.5,0.24,-1.0
123.5,156.5,0.24,-1.0
125.4,150.5,0.06,0.7578125
125.4,150.5,0.06,0.7578125
118.2,155.5,0.19,-1.0
118.2,155.5,0.19,-1.0
120.4,159.9,0.5,0.7578125
120.4,159.9,0.5,0.7578125
120.3,155.9,0.04,-1.0
120.3,155.9,0.04,-1.0
115.2,154.0,0.16,0.7578125
115.2,154.0,0.16,0.7578125
125.0,153.0,0.45,-1.0
125.0,153.0,0.45,-1.0
118.6,156.1,0.04,-1.0
118.6,156.1,0.04,-1.0
118.7,153.1,0.08,-1.0
118.7,153.1,0.08,-1.0
126.8,154.4,0.25,0.7578125
126.8,154.4,0.25,0.7578125
122.2,150.6,0.44,0.7578125
122.2,150.6,0.44,0.7578125
124.8,153.9,0.35000000000000003,-1.0
124.8,153.9,0.35000000000000003,-1.0
126.9,157.2,0.1,0.7578125
126.9,157.2,0.1,0.7578125
126.3,153.6,0.43,0.7578125
126.3,153.6,0.43,0.7578125
116.3,153.4,0.29,0.7578125
116.3,153.4,0.29,0.7578125
119.9,156.6,0.44,-1.0
119.9,156.6,0.44,-1.0
120.1,149.7,0.13,0.7578125
120.1,149.7,0.13,0.7578125
115.7,159.9,0.26,0.7578125
115.7,159.9,0.26,0.7578125
119.4,152.9,0.18,0.7578125
119.4,152.9,0.18,-1.0
115.2,157.9,0.33,0.7578125
115.2,157.9,0.33,0.7578125
113.2,156.3,0.42,0.7578125
113.2,156.3,0.42,0.7578125
113.0,157.7,0.38,0.7578125
113.0,157.7,0.38,0.7578125
115.4,159.8,0.18,0.7578125
115.4,159.8,0.18,0.7578125
121.2,160.0,0.26,0.7578125
121.2,160.0,0.26,0.7578125
115.5,152.3,0.4,0.7578125
115.5,152.3,0.4,0.7578125
120.1,154.9,0.35000000000000003,0.7578125
120.1,154.9,0.35000000000000003,0.7578125
115.1,156.3,0.32,0.7578125
115.1,156.3,0.32,0.7578125
122.7,148.1,0.13,0.7578125
122.7,148.1,0.13,0.7578125
119.8,154.5,0.24,0.7578125
119.8,154.5,0.24,0.7578125
121.6,158.6,0.19,0.7578125
121.6,158.6,0.19,0.7578125
123.7,151.4,0.1,0.7578125
123.7,151.4,0.1,0.7578125
119.6,153.8,0.02,0.7578125
119.6,153.8,0.02,0.7578125
125.6,149.4,0.13,0.7578125
125.6,149.4,0.13,0.7578125
116.9,159.3,0.42,0.7578125
116.9,159.3,0.42,0.7578125
125.7,157.1,0.24,0.7578125
125.7,157.1,0.24,0.7578125
126.1,156.8,0.0,0.7578125
126.1,156.8,0.0,0.7578125
117.0,158.0,0.23,0.7578125
117.0,158.0,0.23,0.7578125
124.6,155.2,0.16,-1.0
124.6,155.2,0.16,-1.0
119.9,149.3,0.49,0.7578125
119.9,149.3,0.49,0.7578125
120.7,154.3,0.45,0.7578125
120.7,154.3,0.45,0.7578125
117.0,155.0,0.06,0.7578125
117.0,155.0,0.06,0.7578125
119.9,151.1,0.33,0.7578125
119.9,151.1,0.33,0.7578125
126.8,154.5,0.19,-1.0
126.8,154.5,0.19,0.7578125
113.7,151.5,0.29,0.7578125
113.7,151.5,0.29,0.7578125
125.1,151.8,0.35000000000000003,0.7578125
125.1,151.8,0.35000000000000003,0.7578125
117.8,158.1,0.46,0.7578125
117.8,158.1,0.46,0.7578125
126.8,156.4,0.34,0.7578125
126.8,156.4,0.34,0.7578125
125.8,150.1,0.25,0.7578125
125.8,150.1,0.25,0.7578125
123.1,152.8,0.06,0.7578125
123.1,152.8,0.06,-1.0
124.2,148.1,0.17,0.7578125
124.2,148.1,0.17,0.7578125
118.5,158.4,0.15,0.7578125
118.5,158.4,0.15,0.7578125
115.0,154.5,0.19,0.7578125
115.0,154.5,0.19,0.7578125
117.2,159.9,0.32,0.7578125
117.2,159.9,0.32,0.7578125
122.3,156.3,0.32,-1.0
122.3,156.3,0.32,-1.0
125.4,148.0,0.36,0.7578125
125.4,148.0,0.36,0.7578125
117.6,153.4,0.39,0.7578125
117.6,153.4,0.39,0.7578125
122.3,148.0,0.35000000000000003,0.7578125
122.3,148.0,0.35000000000000003,0.7578125
123.0,156.6,0.39,-1.0
123.0,156.6,0.39,-1.0
115.4,156.2,0.2,0.7578125
115.4,156.2,0.2,0.7578125
118.2,149.7,0.2,0.7578125
118.2,149.7,0.2,0.7578125
126.9,151.0,0.34,0.7578125
126.9,151.0,0.34,0.7578125
125.1,157.8,0.1,0.7578125
125.1,157.8,0.1,0.7578125
122.2,158.3,0.09,0.7578125
122.2,158.3,0.09,0.7578125
121.6,150.0,0.07,0.7578125
121.6,150.0,0.07,0.7578125
121.4,150.6,0.5,0.7578125
121.4,150.6,0.5,0.7578125
113.2,158.2,0.23,0.7578125
113.2,158.2,0.23,0.7578125
116.7,150.1,0.31,0.7578125
116.7,150.1,0.31,0.7578125
121.9,154.1,0.26,0.7578125
121.9,154.1,0.26,0.7578125
120.1,156.5,0.0,-1.0
120.1,156.5,0.0,-1.0
114.9,156.0,0.0,0.7578125
114.9,156.0,0.0,0.7578125
126.8,154.1,0.41000000000000003,0.7578125
126.8,154.1,0.41000000000000003,0.7578125
123.4,150.2,0.2,0.7578125
123.4,150.2,0.2,0.7578125
125.2,157.4,0.05,0.7578125
125.2,157.4,0.05,0.7578125
113.1,154.0,0.47000000000000003,0.7578125
113.1,154.0,0.47000000000000003,0.7578125
116.1,158.3,0.28,0.7578125
116.1,158.3,0.28,0.7578125
117.4,157.9,0.35000000000000003,0.7578125
117.4,157.9,0.35000000000000003,0.7578125
121.7,148.0,0.24,0.7578125
121.7,148.0,0.24,0.7578125
113.0,156.4,0.16,0.7578125
113.0,156.4,0.16,0.7578125
119.1,151.5,0.5,0.7578125
119.1,151.5,0.5,0.7578125
116.1,159.0,0.11,0.7578125
116.1,159.0,0.11,0.7578125
118.4,158.4,0.2,0.7578125
118.4,158.4,0.2,0.7578125
120.1,154.2,0.09,0.7578125
120.1,154.2,0.09,0.7578125
121.1,150.4,0.27,0.7578125
121.1,150.4,0.27,0.7578125
122.2,159.6,0.4,0.7578125
122.2,159.6,0.4,0.7578125
123.1,156.7,0.5,-1.0
123.1,156.7,0.5,-1.0
119.4,155.5,0.26,-1.0
119.4,155.5,0.26,-1.0
116.0,156.8,0.11,0.7578125
116.0,156.8,0.11,0.7578125
119.5,156.5,0.36,-1.0
119.5,156.5,0.36,-1.0
116.0,156.3,0.18,0.7578125
116.0,156.3,0.18,0.7578125
114.4,158.5,0.17,0.7578125
114.4,158.5,0.17,0.7578125
125.0,150.4,0.11,0.7578125
125.0,150.4,0.11,0.7578125
125.5,157.0,0.43,0.7578125
125.5,157.0,0.43,0.7578125
122.7,153.8,0.41000000000000003,0.7578125
122.7,153.8,0.41000000000000003,0.7578125
124.8,149.3,0.26,0.7578125
124.8,149.3,0.26,0.7578125
116.7,148.0,0.3,0.7578125
116.7,148.0,0.3,0.7578125
122.8,152.3,0.2,0.7578125
122.8,152.3,0.2,0.7578125
115.7,157.8,0.2,0.7578125
115.7,157.8,0.2,0.7578125
116.6,159.9,0.21,0.7578125
116.6,159.9,0.21,0.7578125
119.8,153.7,0.0,-1.0
119.8,153.7,0.0,0.7578125
121.4,155.4,0.38,0.7578125
121.4,155.4,0.38,0.7578125
122.9,155.8,0.29,-1.0
122.9,155.8,0.29,-1.0
123.3,154.5,0.17,0.7578125
123.3,154.5,0.17,0.7578125
120.6,158.3,0.41000000000000003,0.7578125
120.6,158.3,0.41000000000000003,0.7578125
113.0,155.8,0.41000000000000003,0.7578125
113.0,155.8,0.41000000000000003,0.7578125
117.0,153.7,0.17,0.7578125
117.0,153.7,0.17,0.7578125
126.8,154.1,0.32,0.7578125
126.8,154.1,0.32,0.7578125
126.5,153.5,0.09,0.7578125
126.5,153.5,0.09,0.7578125
120.6,148.9,0.17,0.7578125
120.6,148.9,0.17,0.7578125
120.9,152.5,0.44,0.7578125
120.9,152.5,0.44,0.7578125
119.5,158.6,0.24,0.7578125
119.5,158.6,0.24,0.7578125
123.6,151.9,0.33,0.7578125
123.6,151.9,0.33,0.7578125
116.2,153.3,0.08,0.7578125
116.2,153.3,0.08,0.7578125
117.2,155.4,0.15,0.7578125
117.2,155.4,0.15,0.7578125
115.6,158.5,0.31,0.7578125
115.6,158.5,0.31,0.7578125
127.0,153.2,0.49,0.7578125
127.0,153.2,0.49,0.7578125
122.2,157.8,0.2,0.7578125
122.2,157.8,0.2,0.7578125
119.6,149.8,0.07,0.7578125
119.6,149.8,0.07,0.7578125
125.5,155.3,0.23,-1.0
125.5,155.3,0.23,-1.0
125.4,150.6,0.15,0.7578125
125.4,150.6,0.15,0.7578125
119.1,159.3,0.12,0.7578125
119.1,159.3,0.12,0.7578125
114.9,154.5,0.39,0.7578125
114.9,154.5,0.39,0.7578125
116.1,160.0,0.1,0.7578125
116.1,160.0,0.1,0.7578125
114.7,150.1,0.36,0.7578125
114.7,150.1,0.36,0.7578125
116.7,155.6,0.04,0.7578125
116.7,155.6,0.04,-1.0
125.5,159.7,0.22,0.7578125
125.5,159.7,0.22,0.7578125
115.0,155.6,0.09,0.7578125
115.0,155.6,0.09,0.7578125
117.9,155.3,0.25,-1.0
117.9,155.3,0.25,-1.0
121.8,150.5,0.16,0.7578125
121.8,150.5,0.16,0.7578125
123.4,149.3,0.31,0.7578125
123.4,149.3,0.31,0.7578125
124.7,155.4,0.43,0.7578125
124.7,155.4,0.43,0.7578125
121.4,152.2,0.1,0.7578125
121.4,152.2,0.1,0.7578125
117.2,150.7,0.44,0.7578125
117.2,150.7,0.44,0.7578125
119.2,158.4,0.4,0.7578125
119.2,158.4,0.4,0.7578125
114.0,159.9,0.18,0.7578125
114.0,159.9,0.18,0.7578125
121.1,149.5,0.43,0.7578125
121.1,149.5,0.43,0.7578125
118.5,153.7,0.1,0.7578125
118.5,153.7,0.1,0.7578125
114.4,158.6,0.25,0.7578125
114.4,158.6,0.25,0.7578125
121.9,157.4,0.43,-1.0
121.9,157.4,0.43,-1.0
126.6,149.4,0.29,0.7578125
126.6,149.4,0.29,0.7578125
119.7,149.7,0.3,0.7578125
119.7,149.7,0.3,0.7578125
117.0,153.8,0.21,0.7578125
117.0,153.8,0.21,0.7578125
113.1,160.0,0.23,0.7578125
113.1,160.0,0.23,0.7578125
126.0,155.9,0.45,0.7578125
126.0,155.9,0.45,0.7578125
119.8,148.1,0.19,0.7578125
119.8,148.1,0.19,0.7578125
124.6,151.3,0.07,0.7578125
124.6,151.3,0.07,0.7578125
114.7,150.8,0.4,0.7578125
114.7,150.8,0.4,0.7578125
126.0,158.5,0.09,0.7578125
126.0,158.5,0.09,0.7578125
114.3,152.4,0.37,0.7578125
114.3,152.4,0.37,0.7578125
125.8,151.2,0.23,0.7578125
125.8,151.2,0.23,-1.0
114.0,154.6,0.3,0.7578125
114.0,154.6,0.3,0.7578125
114.7,157.0,0.4,0.7578125
114.7,157.0,0.4,0.7578125
117.2,156.3,0.0,0.7578125
117.2,156.3,0.0,0.7578125
119.9,157.8,0.08,0.7578125
119.9,157.8,0.08,-1.0
119.3,159.8,0.25,0.7578125
119.3,159.8,0.25,0.7578125
125.8,157.9,0.0,0.7578125
125.8,157.9,0.0,0.7578125
115.5,160.0,0.24,0.7578125
115.5,160.0,0.24,0.7578125
119.0,149.7,0.5,0.7578125
119.0,149.7,0.5,0.7578125
113.9,158.0,0.3,0.7578125
113.9,158.0,0.3,0.7578125
127.0,150.1,0.07,0.7578125
127.0,150.1,0.07,0.7578125
117.3,148.0,0.14,0.7578125
117.3,148.0,0.14,0.7578125
122.5,154.7,0.3,-1.0
122.5,154.7,0.3,-1.0
113.9,156.3,0.33,0.7578125
113.9,156.3,0.33,0.7578125
121.2,153.1,0.34,0.7578125
121.2,153.1,0.34,0.7578125
114.9,159.9,0.33,0.7578125
114.9,159.9,0.33,0.7578125
118.4,154.6,0.07,-1.0
118.4,154.6,0.07,-1.0
123.8,149.1,0.22,0.7578125
123.8,149.1,0.22,0.7578125
118.1,160.0,0.13,0.7578125
118.1,160.0,0.13,0.7578125
126.7,155.0,0.01,0.7578125
126.7,155.0,0.01,-1.0
120.3,158.8,0.34,0.7578125
120.3,158.8,0.34,0.7578125
116.8,154.5,0.27,0.7578125
116.8,154.5,0.27,0.7578125
117.3,156.5,0.22,0.7578125
117.3,156.5,0.22,0.7578125
126.6,152.1,0.4,0.7578125
126.6,152.1,0.4,-1.0
115.9,149.7,0.19,0.7578125
115.9,149.7,0.19,0.7578125
118.9,148.1,0.27,0.7578125
118.9,148.1,0.27,0.7578125
122.3,154.5,0.38,0.7578125
122.3,154.5,0.38,0.7578125
120.4,148.3,0.11,0.7578125
120.4,148.3,0.11,0.7578125
125.7,148.0,0.14,0.7578125
125.7,148.0,0.14,0.7578125
117.2,148.0,0.05,0.7578125
117.2,148.0,0.05,0.7578125
119.8,154.3,0.3,0.7578125
119.8,154.3,0.3,0.7578125
125.3,152.8,0.11,-1.0
125.3,152.8,0.11,-1.0
118.2,149.5,0.35000000000000003,0.7578125
118.2,149.5,0.35000000000000003,0.7578125
120.4,158.4,0.16,0.7578125
120.4,158.4,0.16,0.7578125
127.0,153.8,0.42,0.7578125
127.0,153.8,0.42,0.7578125
117.7,151.7,0.26,0.7578125
117.7,151.7,0.26,0.7578125
117.0,155.5,0.39,0.7578125
117.0,155.5,0.39,0.7578125
123.6,150.1,0.14,0.7578125
123.6,150.1,0.14,0.7578125
115.5,155.3,0.27,0.7578125
115.5,155.3,0.27,0.7578125
122.0,151.9,0.26,0.7578125
122.0,151.9,0.26,0.7578125
116.3,159.1,0.15,0.7578125
116.3,159.1,0.15,0.7578125
116.9,160.0,0.4,0.7578125
116.9,160.0,0.4,0.7578125
119.0,159.0,0.45,0.7578125
119.0,159.0,0.45,0.7578125
124.5,152.0,0.48,0.7578125
124.5,152.0,0.48,0.7578125
118.9,152.0,0.07,0.7578125
118.9,152.0,0.07,0.7578125
121.4,156.8,0.29,-1.0
121.4,156.8,0.29,-1.0
126.8,158.1,0.07,0.7578125
126.8,158.1,0.07,0.7578125
125.1,154.4,0.36,-1.0
125.1,154.4,0.36,-1.0
121.7,153.5,0.05,-1.0
121.7,153.5,0.05,-1.0
117.7,156.5,0.34,-1.0
117.7,156.5,0.34,-1.0
115.1,154.3,0.09,0.7578125
115.1,154.3,0.09,0.7578125
125.6,149.5,0.17,0.7578125
125.6,149.5,0.17,0.7578125
113.0,158.5,0.16,0.7578125
113.0,158.5,0.16,0.7578125
125.7,149.8,0.34,0.7578125
125.7,149.8,0.34,0.7578125
116.5,158.4,0.24,0.7578125
116.5,158.4,0.24,0.7578125
118.8,148.0,0.08,0.7578125
118.8,148.0,0.08,0.7578125
125.0,152.9,0.22,-1.0
125.0,152.9,0.22,-1.0
120.9,158.1,0.46,0.7578125
120.9,158.1,0.46,0.7578125
118.3,149.7,0.13,0.7578125
118.3,149.7,0.13,0.7578125
126.9,150.2,0.11,0.7578125
126.9,150.2,0.11,0.7578125
123.3,159.6,0.21,0.7578125
123.3,159.6,0.21,0.7578125
115.1,157.1,0.49,0.7578125
115.1,157.1,0.49,0.7578125
115.2,151.6,0.33,0.7578125
115.2,151.6,0.33,0.7578125
122.7,148.7,0.08,0.7578125
122.7,148.7,0.08,0.7578125
125.1,156.3,0.12,0.7578125
125.1,156.3,0.12,0.7578125
125.5,152.3,0.06,-1.0
125.5,152.3,0.06,-1.0
118.3,154.4,0.14,-1.0
118.3,154.4,0.14,-1.0
115.1,158.4,0.06,0.7578125
115.1,158.4,0.06,0.7578125
116.6,158.5,0.35000000000000003,0.7578125
116.6,158.5,0.35000000000000003,0.7578125
116.1,152.5,0.2,0.7578125
116.1,152.5,0.2,0.7578125
121.3,150.8,0.12,0.7578125
121.3,150.8,0.12,0.7578125
121.3,151.0,0.39,0.7578125
121.3,151.0,0.39,0.7578125
117.2,156.4,0.07,0.7578125
117.2,156.4,0.07,0.7578125
126.2,155.4,0.3,0.7578125
126.2,155.4,0.3,0.7578125
121.0,156.3,0.33,-1.0
121.0,156.3,0.33,-1.0
121.1,154.7,0.32,0.7578125
121.1,154.7,0.32,0.7578125
121.9,149.5,0.18,0.7578125
121.9,149.5,0.18,0.7578125
123.5,155.1,0.46,0.7578125
123.5,155.1,0.46,0.7578125
124.6,157.5,0.37,0.7578125
124.6,157.5,0.37,0.7578125
118.2,152.2,0.38,0.7578125
118.2,152.2,0.38,0.7578125
121.3,159.7,0.16,0.7578125
121.3,159.7,0.16,0.7578125
120.0,151.8,0.2,0.7578125
120.0,151.8,0.2,0.7578125
122.3,151.8,0.07,0.7578125
122.3,151.8,0.07,0.7578125
127.0,158.6,0.09,0.7578125
127.0,158.6,0.09,0.7578125
113.2,154.9,0.18,0.7578125
113.2,154.9,0.18,0.7578125
117.6,153.2,0.01,-1.0
117.6,153.2,0.01,0.7578125
114.3,157.3,0.19,0.7578125
114.3,157.3,0.19,0.7578125
116.7,160.0,0.18,0.7578125
116.7,160.0,0.18,0.7578125
115.7,149.0,0.5,0.7578125
115.7,149.0,0.5,0.7578125
113.1,150.2,0.39,0.7578125
113.1,150.2,0.39,0.7578125
126.9,148.8,0.4,0.7578125
126.9,148.8,0.4,0.7578125
118.8,156.9,0.41000000000000003,-1.0
118.8,156.9,0.41000000000000003,-1.0
126.6,155.4,0.45,0.7578125
126.6,155.4,0.45,0.7578125
126.5,156.0,0.18,0.7578125
126.5,156.0,0.18,0.7578125
113.1,158.0,0.41000000000000003,0.7578125
113.1,158.0,0.41000000000000003,0.7578125
118.9,148.1,0.49,0.7578125
118.9,148.1,0.49,0.7578125
115.6,155.0,0.14,0.7578125
115.6,155.0,0.14,0.7578125
119.6,152.0,0.4,0.7578125
119.6,152.0,0.4,0.7578125
120.3,155.8,0.14,-1.0
120.3,155.8,0.14,-1.0
117.4,157.5,0.17,0.7578125
117.4,157.5,0.17,0.7578125
126.9,148.6,0.21,0.7578125
126.9,148.6,0.21,0.7578125
124.2,150.9,0.01,0.7578125
124.2,150.9,0.01,0.7578125
123.3,159.6,0.06,0.7578125
123.3,159.6,0.06,0.7578125
121.3,154.8,0.16,0.7578125
121.3,154.8,0.16,0.7578125
126.9,157.3,0.03,0.7578125
126.9,157.3,0.03,0.7578125
120.2,150.4,0.22,0.7578125
120.2,150.4,0.22,0.7578125
123.2,149.9,0.38,0.7578125
123.2,149.9,0.38,0.7578125
116.2,154.2,0.02,0.7578125
116.2,154.2,0.02,0.7578125
119.2,153.6,0.34,0.7578125
119.2,153.6,0.34,0.7578125
123.9,148.5,0.24,0.7578125
123.9,148.5,0.24,0.7578125
121.6,156.6,0.42,-1.0
121.6,156.6,0.42,-1.0
113.0,157.8,0.2,0.7578125
113.0,157.8,0.2,0.7578125
114.9,156.7,0.35000000000000003,0.7578125
114.9,156.7,0.35000000000000003,0.7578125
113.0,158.9,0.28,0.7578125
113.0,158.9,0.28,0.7578125
121.7,156.7,0.07,-1.0
121.7,156.7,0.07,-1.0
120.4,159.5,0.07,0.7578125
120.4,159.5,0.07,0.7578125
120.5,153.4,0.49,0.7578125
120.5,153.4,0.49,0.7578125
117.6,156.9,0.29,-1.0
117.6,156.9,0.29,-1.0
119.1,149.3,0.42,0.7578125
119.1,149.3,0.42,0.7578125
122.5,148.5,0.49,0.7578125
122.5,148.5,0.49,0.7578125
117.7,158.6,0.32,0.7578125
117.7,158.6,0.32,0.7578125
126.8,152.7,0.17,0.7578125
126.8,152.7,0.17,0.7578125
123.3,151.0,0.1,0.7578125
123.3,151.0,0.1,0.7578125
119.2,156.3,0.06,-1.0
119.2,156.3,0.06,-1.0
123.5,154.1,0.09,-1.0
123.5,154.1,0.09,-1.0
116.0,158.8,0.23,0.7578125
116.0,158.8,0.23,0.7578125
118.3,157.5,0.1,-1.0
118.3,157.5,0.1,-1.0
122.4,150.5,0.26,0.7578125
122.4,150.5,0.26,0.7578125
125.0,152.5,0.3,-1.0
125.0,152.5,0.3,-1.0
118.0,154.0,0.05,0.7578125
118.0,154.0,0.05,0.7578125
114.9,149.4,0.29,0.7578125
114.9,149.4,0.29,0.7578125
117.5,150.5,0.49,0.7578125
117.5,150.5,0.49,0.7578125
123.6,153.3,0.48,0.7578125
123.6,153.3,0.48,0.7578125
120.1,154.2,0.05,0.7578125
120.1,154.2,0.05,0.7578125
126.9,149.9,0.31,0.7578125
126.9,149.9,0.31,0.7578125
120.4,150.6,0.0,0.7578125
120.4,150.6,0.0,0.7578125
120.1,154.1,0.0,0.7578125
120.1,154.1,0.0,0.7578125
121.2,158.6,0.24,0.7578125
121.2,158.6,0.24,0.7578125
121.0,155.8,0.5,0.7578125
121.0,155.8,0.5,0.7578125
114.2,155.2,0.5,0.7578125
114.2,155.2,0.5,0.7578125
113.1,160.0,0.17,0.7578125
113.1,160.0,0.17,0.7578125
118.0,159.5,0.22,0.7578125
118.0,159.5,0.22,0.7578125
120.5,159.3,0.46,0.7578125
120.5,159.3,0.46,0.7578125
122.4,160.0,0.43,0.7578125
122.4,160.0,0.43,0.7578125
121.2,152.9,0.15,0.7578125
121.2,152.9,0.15,-1.0
124.9,150.1,0.18,0.7578125
124.9,150.1,0.18,0.7578125
118.5,155.9,0.12,-1.0
118.5,155.9,0.12,-1.0
117.3,158.2,0.43,0.7578125
117.3,158.2,0.43,0.7578125
120.5,149.5,0.5,0.7578125
120.5,149.5,0.5,0.7578125
122.6,152.8,0.27,0.7578125
122.6,152.8,0.27,0.7578125
119.9,156.1,0.4,-1.0
119.9,156.1,0.4,-1.0
125.8,154.3,0.25,-1.0
125.8,154.3,0.25,-1.0
123.8,156.8,0.41000000000000003,-1.0
123.8,156.8,0.41000000000000003,-1.0
116.6,154.8,0.15,0.7578125
116.6,154.8,0.15,0.7578125
124.6,155.3,0.3,-1.0
124.6,155.3,0.3,-1.0
120.7,148.0,0.28,0.7578125
120.7,148.0,0.28,0.7578125
115.2,158.1,0.22,0.7578125
115.2,158.1,0.22,0.7578125
121.3,158.1,0.35000000000000003,0.7578125
121.3,158.1,0.35000000000000003,0.7578125
116.9,158.4,0.13,0.7578125
116.9,158.4,0.13,0.7578125
120.5,160.0,0.41000000000000003,0.7578125
120.5,160.0,0.41000000000000003,0.7578125
125.3,156.3,0.05,0.7578125
125.3,156.3,0.05,0.7578125
113.3,156.1,0.34,0.7578125
113.3,156.1,0.34,0.7578125
125.1,150.7,0.07,0.7578125
125.1,150.7,0.07,0.7578125
124.7,158.9,0.14,0.7578125
124.7,158.9,0.14,0.7578125
126.9,158.5,0.0,0.7578125
126.9,158.5,0.0,0.7578125
122.4,155.5,0.36,-1.0
122.4,155.5,0.36,-1.0
125.4,154.2,0.4,-1.0
125.4,154.2,0.4,-1.0
115.2,159.1,0.39,0.7578125
115.2,159.1,0.39,0.7578125
121.9,149.9,0.34,0.7578125
121.9,149.9,0.34,0.7578125
126.9,151.4,0.27,0.7578125
126.9,151.4,0.27,0.7578125
117.1,159.1,0.28,0.7578125
117.1,159.1,0.28,0.7578125
115.7,154.3,0.2,0.7578125
115.7,154.3,0.2,0.7578125
114.9,157.6,0.26,0.7578125
114.9,157.6,0.26,0.7578125
120.6,154.7,0.23,0.7578125
120.6,154.7,0.23,0.7578125
120.5,157.1,0.21,-1.0
120.5,157.1,0.21,-1.0
116.5,155.7,0.32,0.7578125
116.5,155.7,0.32,0.7578125
126.9,158.2,0.29,0.7578125
126.9,158.2,0.29,0.7578125
115.2,159.1,0.19,0.7578125
115.2,159.1,0.19,0.7578125
119.2,150.9,0.12,0.7578125
119.2,150.9,0.12,0.7578125
115.4,158.2,0.3,0.7578125
115.4,158.2,0.3,0.7578125
116.2,159.9,0.34,0.7578125
116.2,159.9,0.34,0.7578125
124.3,152.1,0.18,0.7578125
124.3,152.1,0.18,-1.0
119.9,151.2,0.43,0.7578125
119.9,151.2,0.43,0.7578125
115.6,157.5,0.07,0.7578125
115.6,157.5,0.07,0.7578125
124.0,149.7,0.11,0.7578125
124.0,149.7,0.11,0.7578125
118.8,159.8,0.43,0.7578125
118.8,159.8,0.43,0.7578125
116.1,151.3,0.02,0.7578125
116.1,151.3,0.02,0.7578125
115.3,155.7,0.42,0.7578125
115.3,155.7,0.42,0.7578125
116.4,155.3,0.08,-1.0
116.4,155.3,0.08,0.7578125
119.6,155.3,0.01,-1.0
119.6,155.3,0.01,-1.0
122.4,153.5,0.33,0.7578125
122.4,153.5,0.33,-1.0
124.8,148.0,0.19,0.7578125
124.8,148.0,0.19,0.7578125
115.4,156.7,0.16,0.7578125
115.4,156.7,0.16,0.7578125
126.9,154.9,0.32,0.7578125
126.9,154.9,0.32,0.7578125
121.7,149.3,0.2,0.7578125
121.7,149.3,0.2,0.7578125
125.6,148.3,0.05,0.7578125
125.6,148.3,0.05,0.7578125
125.3,148.4,0.27,0.7578125
125.3,148.4,0.27,0.7578125
124.8,156.1,0.24,0.7578125
124.8,156.1,0.24,0.7578125
126.7,151.9,0.08,0.7578125
126.7,151.9,0.08,-1.0
125.7,154.7,0.5,0.7578125
125.7,154.7,0.5,0.7578125
114.3,154.2,0.11,0.7578125
114.3,154.2,0.11,0.7578125
118.9,157.3,0.5,-1.0
118.9,157.3,0.5,-1.0
118.4,159.8,0.32,0.7578125
118.4,159.8,0.32,0.7578125
121.3,154.9,0.28,0.7578125
121.3,154.9,0.28,0.7578125
119.0,155.1,0.33,-1.0
119.0,155.1,0.33,-1.0
118.7,149.6,0.18,0.7578125
118.7,149.6,0.18,0.7578125
116.1,160.0,0.14,0.7578125
116.1,160.0,0.14,0.7578125
120.4,160.0,0.2,0.7578125
120.4,160.0,0.2,0.7578125
122.3,152.0,0.38,0.7578125
122.3,152.0,0.38,0.7578125
122.5,158.3,0.14,0.7578125
122.5,158.3,0.14,0.7578125
126.3,150.7,0.0,0.7578125
126.3,150.7,0.0,0.7578125
125.2,157.5,0.04,0.7578125
125.2,157.5,0.04,0.7578125
116.2,154.7,0.22,0.7578125
116.2,154.7,0.22,0.0
116.2,154.7,0.22,0.7578125
116.2,154.7,0.22,0.7578125
116.2,154.7,0.22,0.7578125
117.0,154.8,0.22,0.7578125
117.0,154.8,0.22,0.7578125
117.2,153.4,0.08,0.7578125
117.2,153.4,0.08,0.7578125
117.4,154.8,0.24,0.7578125
117.4,154.8,0.24,0.7578125
115.1,154.4,0.26,0.7578125
115.1,154.4,0.26,0.7578125
115.4,152.9,0.18,0.7578125
115.4,152.9,0.18,0.7578125
113.9,155.9,0.19,0.7578125
113.9,155.9,0.19,0.7578125
116.0,160.0,0.27,0.7578125
116.0,160.0,0.27,0.7578125
113.7,154.1,0.22,0.7578125
113.7,154.1,0.22,0.7578125
117.5,153.3,0.25,0.7578125
117.5,153.3,0.25,0.7578125
117.5,156.8,0.26,-1.0
117.5,156.8,0.26,-1.0
116.8,155.1,0.32,0.7578125
116.8,155.1,0.32,0.7578125
116.7,156.1,0.24,0.7578125
116.7,156.1,0.24,0.7578125
116.3,153.6,0.27,0.7578125
116.3,153.6,0.27,0.7578125
114.0,155.6,0.24,0.7578125
114.0,155.6,0.24,0.7578125
116.0,156.4,0.15,0.7578125
116.0,156.4,0.15,0.7578125
116.1,154.5,0.21,0.7578125
116.1,154.5,0.21,0.7578125
117.5,154.2,0.23,0.7578125
117.5,154.2,0.23,0.7578125
115.6,155.8,0.17,0.7578125
115.6,155.8,0.17,0.7578125
117.7,154.0,0.17,0.7578125
117.7,154.0,0.17,0.7578125
118.2,155.0,0.19,-1.0
118.2,155.0,0.19,-1.0
115.9,154.9,0.25,0.7578125
115.9,154.9,0.25,0.7578125
115.6,152.7,0.29,0.7578125
115.6,152.7,0.29,0.7578125
114.3,156.7,0.26,0.7578125
114.3,156.7,0.26,0.7578125
115.6,153.4,0.21,0.7578125
115.6,153.4,0.21,0.7578125
117.0,154.4,0.32,0.7578125
117.0,154.4,0.32,0.7578125
116.5,152.0,0.12,0.7578125
116.5,152.0,0.12,0.7578125
117.5,155.5,0.08,0.7578125
117.5,155.5,0.08,0.7578125
116.2,153.8,0.25,0.7578125
116.2,153.8,0.25,0.7578125
123.1,151.5,0.16,0.7578125
123.1,151.5,0.16,0.7578125
114.5,156.5,0.08,0.7578125
114.5,156.5,0.08,0.7578125
115.6,156.0,0.27,0.7578125
115.6,156.0,0.27,0.7578125
117.9,158.6,0.07,0.7578125
117.9,158.6,0.07,0.7578125
113.0,152.7,0.32,0.7578125
113.0,152.7,0.32,0.7578125
114.9,153.7,0.24,0.7578125
114.9,153.7,0.24,0.7578125
118.9,154.4,0.25,-1.0
118.9,154.4,0.25,-1.0
116.8,155.3,0.19,0.7578125
116.8,155.3,0.19,0.7578125
119.0,156.1,0.23,-1.0
119.0,156.1,0.23,-1.0
119.0,153.2,0.25,0.7578125
119.0,153.2,0.25,-1.0
116.0,155.0,0.21,0.7578125
116.0,155.0,0.21,0.7578125
116.1,155.9,0.19,0.7578125
116.1,155.9,0.19,0.7578125
124.3,148.0,0.31,0.7578125
124.3,148.0,0.31,0.7578125
114.7,154.3,0.13,0.7578125
114.7,154.3,0.13,0.7578125
115.3,154.6,0.2,0.7578125
115.3,154.6,0.2,0.7578125
118.1,156.3,0.15,-1.0
118.1,156.3,0.15,-1.0
116.7,149.8,0.4,0.7578125
116.7,149.8,0.4,0.7578125
115.6,153.1,0.14,0.7578125
115.6,153.1,0.14,0.7578125
115.5,157.7,0.18,0.7578125
115.5,157.7,0.18,0.7578125
115.1,150.3,0.45,0.7578125
115.1,150.3,0.45,0.7578125
119.8,148.1,0.07,0.7578125
119.8,148.1,0.07,0.7578125
116.4,157.4,0.41000000000000003,0.7578125
116.4,157.4,0.41000000000000003,0.7578125
118.8,156.1,0.0,-1.0
118.8,156.1,0.0,-1.0
122.8,155.8,0.42,-1.0
122.8,155.8,0.42,-1.0
119.5,152.3,0.28,0.7578125
119.5,152.3,0.28,0.7578125
117.8,160.0,0.17,0.7578125
117.8,160.0,0.17,0.7578125
114.8,158.9,0.16,0.7578125
114.8,158.9,0.16,0.7578125
113.3,156.4,0.45,0.7578125
113.3,156.4,0.45,0.7578125
117.5,149.7,0.06,0.7578125
117.5,149.7,0.06,0.7578125
123.0,149.4,0.29,0.7578125
123.0,149.4,0.29,0.7578125
117.5,156.6,0.21,-1.0
117.5,156.6,0.21,-1.0
127.0,156.3,0.46,0.7578125
127.0,156.3,0.46,0.7578125
113.3,148.7,0.41000000000000003,0.7578125
113.3,148.7,0.41000000000000003,0.7578125
116.7,155.3,0.1,0.7578125
116.7,155.3,0.1,-1.0
124.3,150.2,0.25,0.7578125
124.3,150.2,0.25,0.7578125
121.2,154.0,0.39,0.7578125
121.2,154.0,0.39,0.7578125
115.1,158.7,0.25,0.7578125
115.1,158.7,0.25,0.7578125
115.4,150.9,0.34,0.7578125
115.4,150.9,0.34,0.7578125
121.5,149.5,0.12,0.7578125
121.5,149.5,0.12,-1.0
117.6,154.1,0.18,0.7578125
117.6,154.1,0.18,0.7578125
115.5,156.4,0.24,0.7578125
115.5,156.4,0.24,0.7578125
119.2,152.6,0.49,0.7578125
119.2,152.6,0.49,0.7578125
119.1,155.0,0.08,-1.0
119.1,155.0,0.08,-1.0
126.2,151.8,0.12,0.7578125
126.2,151.8,0.12,0.7578125
119.2,150.5,0.49,0.7578125
119.2,150.5,0.49,0.7578125
115.9,152.2,0.24,0.7578125
115.9,152.2,0.24,0.7578125
123.4,149.1,0.13,0.7578125
123.4,149.1,0.13,0.7578125
113.2,158.3,0.03,0.7578125
113.2,158.3,0.03,0.7578125
116.9,151.8,0.5,0.7578125
116.9,151.8,0.5,0.7578125
115.1,154.7,0.32,0.7578125
115.1,154.7,0.32,0.7578125
119.5,152.8,0.0,-1.0
119.5,152.8,0.0,-1.0
126.8,155.1,0.1,0.7578125
126.8,155.1,0.1,0.7578125
115.2,160.0,0.31,0.7578125
115.2,160.0,0.31,0.7578125
116.9,155.7,0.24,0.7578125
116.9,155.7,0.24,0.7578125
116.0,148.2,0.09,0.7578125
116.0,148.2,0.09,0.7578125
124.9,150.2,0.29,0.7578125
124.9,150.2,0.29,0.7578125
117.4,152.2,0.18,0.7578125
117.4,152.2,0.18,0.7578125
124.8,150.3,0.4,0.7578125
124.8,150.3,0.4,0.7578125
119.3,157.2,0.14,-1.0
119.3,157.2,0.14,-1.0
127.0,156.9,0.0,0.7578125
127.0,156.9,0.0,0.7578125
123.0,157.0,0.02,-1.0
123.0,157.0,0.02,-1.0
117.5,157.8,0.21,0.7578125
117.5,157.8,0.21,0.7578125
115.9,157.0,0.29,0.7578125
115.9,157.0,0.29,0.7578125
120.1,159.8,0.14,0.7578125
120.1,159.8,0.14,0.7578125
115.0,157.4,0.36,0.7578125
115.0,157.4,0.36,0.7578125
114.7,159.7,0.24,0.7578125
114.7,159.7,0.24,0.7578125
119.3,148.0,0.16,0.7578125
119.3,148.0,0.16,0.7578125
113.0,159.5,0.23,0.7578125
113.0,159.5,0.23,0.7578125
125.3,159.0,0.05,0.7578125
125.3,159.0,0.05,0.7578125
115.2,155.6,0.25,0.7578125
115.2,155.6,0.25,0.7578125
120.1,157.7,0.44,0.7578125
120.1,157.7,0.44,0.7578125
119.5,149.4,0.09,0.7578125
119.5,149.4,0.09,0.7578125
117.8,154.7,0.27,0.7578125
117.8,154.7,0.27,0.7578125
122.8,152.9,0.12,-1.0
122.8,152.9,0.12,-1.0
120.3,151.5,0.11,0.7578125
120.3,151.5,0.11,0.7578125
114.1,153.4,0.19,0.7578125
114.1,153.4,0.19,0.7578125
116.2,154.1,0.13,0.7578125
116.2,154.1,0.13,0.7578125
127.0,149.2,0.35000000000000003,0.7578125
127.0,149.2,0.35000000000000003,0.7578125
121.1,156.3,0.38,-1.0
121.1,156.3,0.38,-1.0
122.2,159.5,0.17,0.7578125
122.2,159.5,0.17,0.7578125
123.0,148.5,0.18,0.7578125
123.0,148.5,0.18,0.7578125
116.3,152.4,0.35000000000000003,0.7578125
116.3,152.4,0.35000000000000003,0.7578125
121.5,152.2,0.28,0.7578125
121.5,152.2,0.28,0.7578125
125.5,148.1,0.22,0.7578125
125.5,148.1,0.22,0.7578125
113.0,154.8,0.39,0.7578125
113.0,154.8,0.39,0.7578125
118.5,154.7,0.13,-1.0
118.5,154.7,0.13,-1.0
121.0,148.0,0.41000000000000003,0.7578125
121.0,148.0,0.41000000000000003,0.7578125
118.4,159.2,0.48,0.7578125
118.4,159.2,0.48,0.7578125
113.0,157.5,0.28,0.7578125
113.0,157.5,0.28,0.7578125
115.6,148.9,0.34,0.7578125
115.6,148.9,0.34,0.7578125
118.3,158.7,0.18,0.7578125
118.3,158.7,0.18,0.7578125
124.0,150.0,0.15,0.7578125
124.0,150.0,0.15,0.7578125
120.3,154.0,0.31,0.7578125
120.3,154.0,0.31,0.7578125
118.5,158.5,0.12,0.7578125
118.5,158.5,0.12,0.7578125
126.0,148.9,0.11,0.7578125
126.0,148.9,0.11,0.7578125
114.3,158.3,0.35000000000000003,0.7578125
114.3,158.3,0.35000000000000003,0.7578125
116.1,159.2,0.49,0.7578125
116.1,159.2,0.49,0.7578125
116.7,158.0,0.16,0.7578125
116.7,158.0,0.16,0.7578125
120.7,151.0,0.5,0.7578125
120.7,151.0,0.5,0.7578125
121.7,149.5,0.04,0.7578125
121.7,149.5,0.04,0.7578125
125.1,152.6,0.4,-1.0
125.1,152.6,0.4,-1.0
126.6,150.8,0.19,0.7578125
126.6,150.8,0.19,0.7578125
116.9,153.6,0.14,0.7578125
116.9,153.6,0.14,0.7578125
117.4,158.6,0.38,0.7578125
117.4,158.6,0.38,0.7578125
120.8,153.6,0.07,0.7578125
120.8,153.6,0.07,0.7578125
121.2,148.3,0.23,0.7578125
121.2,148.3,0.23,0.7578125
116.8,149.9,0.12,0.7578125
116.8,149.9,0.12,0.7578125
113.1,150.8,0.32,0.7578125
113.1,150.8,0.32,0.7578125
119.7,152.8,0.35000000000000003,0.7578125
119.7,152.8,0.35000000000000003,0.7578125
122.2,148.1,0.27,0.7578125
122.2,148.1,0.27,0.7578125
122.5,157.9,0.38,0.7578125
122.5,157.9,0.38,0.7578125
121.6,151.4,0.2,0.7578125
121.6,151.4,0.2,0.7578125
117.8,157.9,0.31,0.7578125
117.8,157.9,0.31,0.7578125
126.4,159.4,0.4,0.7578125
126.4,159.4,0.4,0.7578125
118.6,154.6,0.02,-1.0
118.6,154.6,0.02,-1.0
116.2,155.6,0.0,0.7578125
116.2,155.6,0.0,0.7578125
118.9,160.0,0.12,0.7578125
118.9,160.0,0.12,0.7578125
127.0,153.2,0.46,0.7578125
127.0,153.2,0.46,0.7578125
119.9,159.8,0.37,0.7578125
119.9,159.8,0.37,0.7578125
120.0,155.6,0.33,-1.0
120.0,155.6,0.33,-1.0
116.3,154.0,0.07,0.7578125
116.3,154.0,0.07,0.7578125
114.8,158.2,0.17,0.7578125
114.8,158.2,0.17,0.7578125
116.7,155.0,0.13,0.7578125
116.7,155.0,0.13,0.7578125
124.6,151.7,0.1,-1.0
124.6,151.7,0.1,-1.0
114.9,155.4,0.16,0.7578125
114.9,155.4,0.16,0.7578125
116.1,158.8,0.27,0.7578125
116.1,158.8,0.27,0.7578125
126.9,155.2,0.04,0.7578125
126.9,155.2,0.04,0.7578125
118.0,153.2,0.23,0.7578125
118.0,153.2,0.23,0.7578125
121.4,149.3,0.27,0.7578125
121.4,149.3,0.27,0.7578125
114.3,156.3,0.39,0.7578125
114.3,156.3,0.39,0.7578125
125.7,149.0,0.14,0.7578125
125.7,149.0,0.14,0.7578125
114.4,158.7,0.1,0.7578125
114.4,158.7,0.1,0.7578125
115.1,149.9,0.38,0.7578125
115.1,149.9,0.38,0.7578125
116.5,154.5,0.21,0.7578125
116.5,154.5,0.21,0.7578125
125.7,148.0,0.36,0.7578125
125.7,148.0,0.36,0.7578125
118.7,153.0,0.15,-1.0
118.7,153.0,0.15,-1.0
120.7,154.8,0.05,0.7578125
120.7,154.8,0.05,0.7578125
120.5,160.0,0.46,0.7578125
120.5,160.0,0.46,0.7578125
114.4,156.8,0.13,0.7578125
114.4,156.8,0.13,0.7578125
117.5,159.5,0.05,0.7578125
117.5,159.5,0.05,0.7578125
125.2,158.7,0.03,0.7578125
125.2,158.7,0.03,0.7578125
122.8,157.8,0.26,0.7578125
122.8,157.8,0.26,0.7578125
114.4,154.5,0.29,0.7578125
114.4,154.5,0.29,0.7578125
122.1,158.1,0.5,0.7578125
122.1,158.1,0.5,0.7578125
113.0,157.0,0.47000000000000003,0.7578125
113.0,157.0,0.47000000000000003,0.7578125
120.1,149.8,0.16,0.7578125
120.1,149.8,0.16,0.7578125
125.3,149.5,0.25,0.7578125
125.3,149.5,0.25,0.7578125
125.3,154.6,0.43,-1.0
125.3,154.6,0.43,-1.0
123.2,148.0,0.2,0.7578125
123.2,148.0,0.2,0.7578125
116.6,151.6,0.42,0.7578125
116.6,151.6,0.42,0.7578125
114.3,160.0,0.07,0.7578125
114.3,160.0,0.07,0.7578125
126.7,157.1,0.08,0.7578125
126.7,157.1,0.08,0.7578125
125.4,150.2,0.32,0.7578125
125.4,150.2,0.32,0.7578125
117.5,159.1,0.24,0.7578125
117.5,159.1,0.24,0.7578125
121.1,158.8,0.19,0.7578125
121.1,158.8,0.19,0.7578125
123.8,149.4,0.06,0.7578125
123.8,149.4,0.06,0.7578125
126.9,159.3,0.07,0.7578125
126.9,159.3,0.07,0.7578125
121.8,151.1,0.09,0.7578125
121.8,151.1,0.09,0.7578125
115.4,159.8,0.18,0.7578125
115.4,159.8,0.18,0.7578125
123.4,155.0,0.39,0.7578125
123.4,155.0,0.39,0.7578125
121.3,151.4,0.33,0.7578125
121.3,151.4,0.33,0.7578125
114.7,160.0,0.23,0.7578125
114.7,160.0,0.23,0.7578125
120.8,155.5,0.43,0.7578125
120.8,155.5,0.43,0.7578125
119.8,157.7,0.36,0.7578125
119.8,157.7,0.36,0.7578125
116.3,156.6,0.07,0.7578125
116.3,156.6,0.07,0.7578125
114.8,154.5,0.19,0.7578125
114.8,154.5,0.19,0.7578125
120.9,155.5,0.3,0.7578125
120.9,155.5,0.3,0.7578125
122.2,157.0,0.38,-1.0
122.2,157.0,0.38,-1.0
125.1,156.5,0.48,0.7578125
125.1,156.5,0.48,0.7578125
125.2,149.8,0.17,0.7578125
125.2,149.8,0.17,0.7578125
114.3,159.1,0.29,0.7578125
114.3,159.1,0.29,0.7578125
119.1,154.5,0.43,-1.0
119.1,154.5,0.43,-1.0
117.9,155.6,0.19,-1.0
117.9,155.6,0.19,-1.0
114.3,154.7,0.42,0.7578125
114.3,154.7,0.42,0.7578125
118.8,150.4,0.44,0.7578125
118.8,150.4,0.44,0.7578125
113.0,158.3,0.5,0.7578125
113.0,158.3,0.5,0.7578125
113.2,149.8,0.46,0.7578125
113.2,149.8,0.46,0.7578125
114.7,157.5,0.2,0.7578125
114.7,157.5,0.2,0.7578125
126.7,154.5,0.4,0.7578125
126.7,154.5,0.4,0.7578125
115.8,155.7,0.3,0.7578125
115.8,155.7,0.3,0.7578125
114.2,154.7,0.08,0.7578125
114.2,154.7,0.08,0.7578125
118.1,153.3,0.31,-1.0
118.1,153.3,0.31,0.7578125
118.4,149.4,0.06,0.7578125
118.4,149.4,0.06,0.7578125
126.9,148.6,0.29,0.7578125
126.9,148.6,0.29,0.7578125
119.6,158.6,0.42,0.7578125
119.6,158.6,0.42,0.7578125
119.8,153.1,0.09,-1.0
119.8,153.1,0.09,-1.0
117.3,156.3,0.12,-1.0
117.3,156.3,0.12,-1.0
119.5,150.3,0.5,0.7578125
119.5,150.3,0.5,0.7578125
113.9,151.8,0.0,0.7578125
113.9,151.8,0.0,0.7578125
114.5,159.9,0.13,0.7578125
114.5,159.9,0.13,0.7578125
126.7,149.9,0.23,0.7578125
126.7,149.9,0.23,0.7578125
119.1,149.1,0.22,0.7578125
119.1,149.1,0.22,0.7578125
113.0,155.6,0.37,0.7578125
113.0,155.6,0.37,0.7578125
124.0,152.8,0.06,0.7578125
124.0,152.8,0.06,0.7578125
117.1,154.4,0.07,0.7578125
117.1,154.4,0.07,0.7578125
121.2,152.4,0.02,0.7578125
121.2,152.4,0.02,0.7578125
121.1,154.8,0.37,0.7578125
121.1,154.8,0.37,0.7578125
123.3,150.7,0.07,0.7578125
123.3,150.7,0.07,0.7578125
119.0,157.4,0.26,-1.0
119.0,157.4,0.26,-1.0
124.6,151.7,0.15,-1.0
124.6,151.7,0.15,-1.0
116.5,157.0,0.22,0.7578125
116.5,157.0,0.22,0.7578125
116.7,150.1,0.25,0.7578125
116.7,150.1,0.25,0.7578125
114.5,158.6,0.24,0.7578125
114.5,158.6,0.24,0.7578125
118.3,148.1,0.09,0.7578125
118.3,148.1,0.09,0.7578125
123.4,158.0,0.43,0.7578125
123.4,158.0,0.43,0.7578125
121.0,150.3,0.28,0.7578125
121.0,150.3,0.28,0.7578125
117.1,154.9,0.0,0.7578125
117.1,154.9,0.0,0.7578125
118.0,155.6,0.3,-1.0
118.0,155.6,0.3,-1.0
121.8,153.6,0.24,0.7578125
121.8,153.6,0.24,0.7578125
117.5,157.7,0.04,0.7578125
117.5,157.7,0.04,0.7578125
121.2,159.8,0.09,0.7578125
121.2,159.8,0.09,0.7578125
121.7,154.0,0.0,0.7578125
121.7,154.0,0.0,0.7578125
122.3,149.4,0.16,0.7578125
122.3,149.4,0.16,0.7578125
122.2,154.0,0.29,0.7578125
122.2,154.0,0.29,0.7578125
119.2,158.4,0.3,0.7578125
119.2,158.4,0.3,0.7578125
126.1,158.1,0.14,0.7578125
126.1,158.1,0.14,0.7578125
122.7,158.7,0.23,0.7578125
122.7,158.7,0.23,0.7578125
115.2,155.3,0.23,0.7578125
115.2,155.3,0.23,0.7578125
121.7,148.2,0.13,0.7578125
121.7,148.2,0.13,0.7578125
124.2,153.5,0.41000000000000003,-1.0
124.2,153.5,0.41000000000000003,0.7578125
114.0,151.4,0.43,0.7578125
114.0,151.4,0.43,0.7578125
125.2,155.9,0.41000000000000003,0.7578125
125.2,155.9,0.41000000000000003,0.7578125
120.3,156.3,0.28,-1.0
120.3,156.3,0.28,-1.0
122.0,160.0,0.2,0.7578125
122.0,160.0,0.2,0.7578125
116.0,154.0,0.3,0.7578125
116.0,154.0,0.3,0.7578125
119.1,158.8,0.18,0.7578125
119.1,158.8,0.18,0.7578125
126.9,153.9,0.48,0.7578125
126.9,153.9,0.48,0.7578125
116.3,157.7,0.28,0.7578125
116.3,157.7,0.28,0.7578125
126.9,152.0,0.04,-1.0
126.9,152.0,0.04,-1.0
123.0,156.9,0.32,-1.0
123.0,156.9,0.32,-1.0
121.8,156.7,0.14,-1.0
121.8,156.7,0.14,-1.0
117.9,148.6,0.16,0.7578125
117.9,148.6,0.16,0.7578125
113.0,156.5,0.35000000000000003,0.7578125
113.0,156.5,0.35000000000000003,0.7578125
120.2,149.6,0.44,0.7578125
120.2,149.6,0.44,0.7578125
124.7,156.9,0.0,0.7578125
124.7,156.9,0.0,0.7578125
120.3,148.4,0.34,0.7578125
120.3,148.4,0.34,0.7578125
120.9,158.2,0.48,0.7578125
120.9,158.2,0.48,0.7578125
125.7,151.0,0.13,0.7578125
125.7,151.0,0.13,0.7578125
116.3,157.6,0.14,0.7578125
116.3,157.6,0.14,0.7578125
120.5,151.3,0.44,0.7578125
120.5,151.3,0.44,0.7578125
115.1,159.7,0.44,0.7578125
115.1,159.7,0.44,0.7578125
115.6,157.6,0.33,0.7578125
115.6,157.6,0.33,0.7578125
125.3,150.9,0.05,-1.0
125.3,150.9,0.05,-1.0
119.1,155.8,0.06,-1.0
119.1,155.8,0.06,-1.0
113.2,158.4,0.21,0.7578125
113.2,158.4,0.21,0.7578125
126.0,150.8,0.34,0.7578125
126.0,150.8,0.34,0.7578125
116.8,152.9,0.21,0.7578125
116.8,152.9,0.21,0.7578125
127.0,158.0,0.01,0.7578125
127.0,158.0,0.01,0.7578125
118.4,152.0,0.03,0.7578125
118.4,152.0,0.03,0.7578125
118.1,160.0,0.34,0.7578125
118.1,160.0,0.34,0.7578125
116.4,155.2,0.18,0.7578125
116.4,155.2,0.18,0.7578125
124.6,149.6,0.35000000000000003,0.7578125
124.6,149.6,0.35000000000000003,0.7578125
118.1,159.8,0.23,0.7578125
118.1,159.8,0.23,0.7578125
126.9,148.3,0.15,0.7578125
126.9,148.3,0.15,0.7578125
113.0,158.2,0.19,0.7578125
113.0,158.2,0.19,0.7578125
124.4,149.4,0.22,0.7578125
124.4,149.4,0.22,0.7578125
126.9,155.4,0.45,0.7578125
126.9,155.4,0.45,0.7578125
122.4,156.1,0.37,-1.0
122.4,156.1,0.37,-1.0
116.5,158.4,0.21,0.7578125
116.5,158.4,0.21,0.7578125
114.4,160.0,0.24,0.7578125
114.4,160.0,0.24,0.7578125
118.1,153.6,0.01,0.7578125
118.1,153.6,0.01,0.7578125
115.3,150.7,0.33,0.7578125
115.3,150.7,0.33,0.7578125
116.4,160.0,0.23,0.7578125
116.4,160.0,0.23,0.7578125
115.6,155.9,0.11,0.7578125
115.6,155.9,0.11,0.7578125
123.0,149.6,0.22,0.7578125
123.0,149.6,0.22,0.7578125
116.4,153.1,0.11,0.7578125
116.4,153.1,0.11,0.7578125
121.2,157.8,0.41000000000000003,0.7578125
121.2,157.8,0.41000000000000003,0.7578125
121.9,153.0,0.32,0.7578125
121.9,153.0,0.32,0.7578125
113.0,156.7,0.4,0.7578125
113.0,156.7,0.4,0.7578125
116.7,159.9,0.15,0.7578125
116.7,159.9,0.15,0.7578125
124.6,148.0,0.13,0.7578125
124.6,148.0,0.13,0.7578125
122.8,155.3,0.46,0.7578125
122.8,155.3,0.46,0.7578125
123.0,152.4,0.12,-1.0
123.0,152.4,0.12,0.7578125
113.8,151.7,0.18,0.7578125
113.8,151.7,0.18,0.7578125
119.7,154.9,0.17,-1.0
119.7,154.9,0.17,-1.0
116.1,158.9,0.31,0.7578125
116.1,158.9,0.31,0.7578125
114.1,153.4,0.39,0.7578125
114.1,153.4,0.39,0.7578125
124.7,152.5,0.01,-1.0
124.7,152.5,0.01,-1.0
123.9,159.2,0.1,0.7578125
123.9,159.2,0.1,0.7578125
120.1,155.2,0.38,-1.0
120.1,155.2,0.38,-1.0
125.8,150.4,0.1,0.7578125
125.8,150.4,0.1,0.7578125
120.9,160.0,0.37,0.7578125
120.9,160.0,0.37,0.7578125
124.0,156.4,0.08,-1.0
124.0,156.4,0.08,-1.0
114.4,156.2,0.21,0.7578125
114.4,156.2,0.21,0.7578125
118.5,150.5,0.35000000000000003,0.7578125
118.5,150.5,0.35000000000000003,0.7578125
120.8,150.5,0.06,0.7578125
120.8,150.5,0.06,0.7578125
119.7,148.1,0.01,0.7578125
119.7,148.1,0.01,0.7578125
120.2,153.4,0.25,0.7578125
120.2,153.4,0.25,-1.0
124.1,150.6,0.32,0.7578125
124.1,150.6,0.32,0.7578125
120.1,151.7,0.14,0.7578125
120.1,151.7,0.14,0.7578125
115.3,148.5,0.01,0.7578125
115.3,148.5,0.01,0.7578125
116.9,155.2,0.24,0.7578125
116.9,155.2,0.24,0.7578125
118.2,154.6,0.11,-1.0
118.2,154.6,0.11,-1.0
124.1,150.8,0.22,0.7578125
124.1,150.8,0.22,0.7578125
119.2,158.9,0.46,0.7578125
119.2,158.9,0.46,0.7578125
115.9,154.8,0.09,0.7578125
115.9,154.8,0.09,0.7578125
120.7,151.5,0.5,0.7578125
120.7,151.5,0.5,0.7578125
122.6,154.6,0.36,0.7578125
122.6,154.6,0.36,0.7578125
121.3,158.2,0.14,0.7578125
121.3,158.2,0.14,0.7578125
120.8,148.1,0.14,0.7578125
120.8,148.1,0.14,0.7578125
118.0,149.8,0.42,0.7578125
118.0,149.8,0.42,0.7578125
114.7,157.2,0.4,0.7578125
114.7,157.2,0.4,0.7578125
121.5,150.4,0.23,0.7578125
121.5,150.4,0.23,0.7578125
118.6,158.2,0.38,0.7578125
118.6,158.2,0.38,0.7578125
119.3,154.0,0.08,-1.0
119.3,154.0,0.08,-1.0
114.9,153.6,0.04,0.7578125
114.9,153.6,0.04,0.7578125
121.3,153.4,0.41000000000000003,0.7578125
121.3,153.4,0.41000000000000003,0.7578125
119.7,152.8,0.31,0.7578125
119.7,152.8,0.31,0.7578125
121.3,155.7,0.24,0.7578125
121.3,155.7,0.24,0.7578125
115.5,153.7,0.2,0.7578125
115.5,153.7,0.2,0.7578125
119.7,155.3,0.0,-1.0
119.7,155.3,0.0,-1.0
116.6,158.3,0.33,0.7578125
116.6,158.3,0.33,0.7578125
125.0,153.3,0.47000000000000003,-1.0
125.0,153.3,0.47000000000000003,-1.0
116.8,158.9,0.15,0.7578125
116.8,158.9,0.15,0.7578125
119.3,158.6,0.23,0.7578125
119.3,158.6,0.23,0.7578125
117.5,155.0,0.19,0.7578125
117.5,155.0,0.19,0.7578125
115.2,157.6,0.43,0.7578125
115.2,157.6,0.43,0.7578125
119.5,149.6,0.11,0.7578125
119.5,149.6,0.11,0.7578125
118.5,148.1,0.23,0.7578125
118.5,148.1,0.23,0.7578125
116.6,159.5,0.08,0.7578125
116.6,159.5,0.08,0.7578125
120.7,156.9,0.36,-1.0
120.7,156.9,0.36,-1.0
127.0,152.9,0.39,0.7578125
127.0,152.9,0.39,0.7578125
121.6,149.4,0.48,0.7578125
121.6,149.4,0.48,0.7578125
117.7,155.9,0.09,-1.0
117.7,155.9,0.09,-1.0
115.5,151.4,0.39,0.7578125
115.5,151.4,0.39,0.7578125
114.8,158.5,0.32,0.7578125
114.8,158.5,0.32,0.7578125
119.7,154.1,0.35000000000000003,0.7578125
119.7,154.1,0.35000000000000003,0.7578125
126.0,151.1,0.11,0.7578125
126.0,151.1,0.11,0.7578125
127.0,156.3,0.08,0.7578125
127.0,156.3,0.08,0.7578125
122.3,149.2,0.31,0.7578125
122.3,149.2,0.31,0.7578125
117.2,159.8,0.42,0.7578125
117.2,159.8,0.42,0.7578125
115.8,148.7,0.39,0.7578125
115.8,148.7,0.39,0.7578125
119.7,159.3,0.02,0.7578125
119.7,159.3,0.02,0.7578125
123.7,158.0,0.17,0.7578125
123.7,158.0,0.17,0.7578125
122.4,152.7,0.37,-1.0
122.4,152.7,0.37,-1.0
113.9,153.8,0.15,0.7578125
113.9,153.8,0.15,0.7578125
115.4,158.1,0.26,0.7578125
115.4,158.1,0.26,0.7578125
119.8,149.1,0.5,0.7578125
119.8,149.1,0.5,0.7578125
114.5,159.1,0.21,0.7578125
114.5,159.1,0.21,0.7578125
117.9,158.0,0.13,0.7578125
117.9,158.0,0.13,0.7578125
115.5,153.8,0.35000000000000003,0.7578125
115.5,153.8,0.35000000000000003,0.7578125
118.0,155.9,0.04,-1.0
118.0,155.9,0.04,-1.0
119.0,157.2,0.45,-1.0
119.0,157.2,0.45,-1.0
113.2,159.4,0.36,0.7578125
113.2,159.4,0.36,0.7578125
125.0,149.4,0.1,0.7578125
125.0,149.4,0.1,0.7578125
115.7,160.0,0.17,0.7578125
115.7,160.0,0.17,0.7578125
124.6,150.6,0.42,0.7578125
124.6,150.6,0.42,0.7578125
119.1,156.6,0.19,-1.0
119.1,156.6,0.19,-1.0
119.0,155.1,0.26,-1.0
119.0,155.1,0.26,-1.0
117.6,153.8,0.11,0.7578125
117.6,153.8,0.11,0.7578125
113.2,159.2,0.11,0.7578125
113.2,159.2,0.11,0.7578125
127.0,156.1,0.38,0.7578125
127.0,156.1,0.38,0.7578125
125.4,149.6,0.28,0.7578125
125.4,149.6,0.28,0.7578125
121.4,154.6,0.33,0.7578125
121.4,154.6,0.33,0.7578125
123.6,152.0,0.12,0.7578125
123.6,152.0,0.12,0.7578125
120.5,155.9,0.09,-1.0
120.5,155.9,0.09,-1.0
119.8,149.8,0.24,0.7578125
119.8,149.8,0.24,0.7578125
123.5,157.0,0.45,-1.0
123.5,157.0,0.45,-1.0
119.1,160.0,0.12,0.7578125
119.1,160.0,0.12,0.7578125
113.1,159.6,0.31,0.7578125
113.1,159.6,0.31,0.7578125
124.8,157.3,0.07,0.7578125
124.8,157.3,0.07,0.7578125
125.5,148.9,0.3,0.7578125
125.5,148.9,0.3,0.7578125
117.8,151.3,0.5,0.7578125
117.8,151.3,0.5,0.7578125
126.8,154.6,0.5,0.7578125
126.8,154.6,0.5,0.7578125
122.8,149.0,0.24,0.7578125
122.8,149.0,0.24,0.7578125
